time_count,INDEX_3,INDEX_2,INDEX_1,INDEX_0
0.2422686549834907,3966.7783554093307,3966.7783554093307,3966.7783554093307,3966.7783554093307
0.45801968197338283,3936.252812195449,3936.252812195449,3936.252812195449,3936.252812195449
0.5414976920001209,3951.515583802389,3951.515583802389,3951.515583802389,3951.515583802389
0.6177699139807373,3920.9902012954662,3920.9902012954662,3920.9902012954662,3920.9902012954662
0.6930772489868104,3966.7783554093307,3966.7783554093307,3966.7783554093307,3966.7783554093307
0.7647569228429347,3920.9902012954662,3920.9902012954662,3920.9902012954662,3920.9902012954662
0.8233657858800143,3936.252812195449,3936.252812195449,3936.252812195449,3936.252812195449
0.8943206458352506,4012.5663940684976,4012.5663940684976,4012.5663940684976,4012.5663940684976
0.960938851814717,245.04488751981145,244.9305604184791,244.90919361960007,249.0353643599286
1.0335282059386373,0.0,0.0,245.26727175553373,0.0
1.100621341029182,214.53357371612876,0.0,253.43397921351198,0.0
1.1728739328682423,308.6532559028008,0.0,234.34614480513403,230.3165984224428
1.245013234904036,0.0,301.90334528937,299.01143609696453,0.0
1.3031744719482958,0.0,292.9773446686999,283.4944995544073,0.0
1.3637465548235923,0.0,295.0843747872165,283.14644563748016,0.0
1.4325713019352406,0.0,290.3404919531802,279.5230762713913,0.0
1.4916199869476259,0.0,275.67504229108823,267.21108147788624,0.0
1.5614899669308215,268.85832016316556,254.1027706197762,246.9690935214339,0.0
1.6278077820315957,248.84510868055844,236.61328157567542,231.41845581672433,0.0
1.6864606000017375,4027.8291656754386,4027.8291656754386,4027.8291656754386,4027.8291656754386
1.7468254920095205,3982.0410115615755,3982.0410115615755,3982.0410115615755,3982.0410115615755
1.81742569594644,234.75253327529254,232.00053196565284,232.78752708991541,0.0
1.8764175898395479,3920.9902012954662,3920.9902012954662,3920.9902012954662,3920.9902012954662
1.953899994958192,234.8732834085519,232.71207720254094,233.65843300641572,0.0
2.020437133964151,235.55333151552412,234.31057415010662,234.79278066037003,0.0
2.076636833837256,3982.0410115615755,3982.0410115615755,3982.0410115615755,3982.0410115615755
2.134338181000203,3966.7783554093307,3966.7783554093307,3966.7783554093307,3966.7783554093307
2.208072179928422,3997.3037831685156,3997.3037831685156,3997.3037831685156,3997.3037831685156
2.2761646388098598,3966.7783554093307,3966.7783554093307,3966.7783554093307,3966.7783554093307
2.334535230882466,3982.0410115615755,3982.0410115615755,3982.0410115615755,3982.0410115615755
2.3931958340108395,3936.252812195449,3936.252812195449,3936.252812195449,3936.252812195449
2.453442857833579,3982.0410115615755,3982.0410115615755,3982.0410115615755,3982.0410115615755
2.5154986940324306,3997.3037831685156,3997.3037831685156,3997.3037831685156,3997.3037831685156
2.5801796689629555,3997.3037831685156,3997.3037831685156,3997.3037831685156,3997.3037831685156
2.6443605178501457,3982.0410115615755,3982.0410115615755,3982.0410115615755,3982.0410115615755
2.7057296838611364,3982.0410115615755,3982.0410115615755,3982.0410115615755,3982.0410115615755
2.7651608788874,3997.3037831685156,3997.3037831685156,3997.3037831685156,3997.3037831685156
2.8376959569286555,4012.5663940684976,4012.5663940684976,4012.5663940684976,4012.5663940684976
2.8976757838390768,3920.9902012954662,3920.9902012954662,3920.9902012954662,3920.9902012954662
2.9563028018455952,3982.0410115615755,3982.0410115615755,3982.0410115615755,3982.0410115615755
3.0307993569877,3982.0410115615755,3982.0410115615755,3982.0410115615755,3982.0410115615755
3.091222652932629,3997.3037831685156,3997.3037831685156,3997.3037831685156,3997.3037831685156
3.1524047658313066,227.22469016534401,227.3421034936924,228.6408770548551,234.24505280408093
3.2119199328590184,4027.8291656754386,4027.8291656754386,4027.8291656754386,4027.8291656754386
3.270751657895744,3936.252812195449,3936.252812195449,3936.252812195449,3936.252812195449
3.331049259984866,3982.0410115615755,3982.0410115615755,3982.0410115615755,3982.0410115615755
3.3894747078884393,3982.0410115615755,3982.0410115615755,3982.0410115615755,3982.0410115615755
3.449731269851327,3951.515583802389,3951.515583802389,3951.515583802389,3951.515583802389
3.510184812825173,4012.5663940684976,4012.5663940684976,4012.5663940684976,4012.5663940684976
3.5740876339841634,3982.0410115615755,3982.0410115615755,3982.0410115615755,3982.0410115615755
3.635710350004956,3982.0410115615755,3982.0410115615755,3982.0410115615755,3982.0410115615755
3.699968758970499,3951.515583802389,3951.515583802389,3951.515583802389,3951.515583802389
3.7617933759465814,3982.0410115615755,3982.0410115615755,3982.0410115615755,3982.0410115615755
3.8246448908466846,3920.9902012954662,3920.9902012954662,3920.9902012954662,3920.9902012954662
3.891057859873399,3982.0410115615755,3982.0410115615755,3982.0410115615755,3982.0410115615755
3.95111085800454,250.5548028853194,255.96870994809206,0.0,0.0
4.009167261887342,251.26113893621473,257.27077852200915,263.88631671412026,272.3706991847405
4.0714045679196715,251.8634826765547,258.55972876748706,263.0179750352958,0.0
4.130458632018417,3951.515583802389,3951.515583802389,3951.515583802389,3951.515583802389
4.187429836019874,3920.9902012954662,3920.9902012954662,3920.9902012954662,3920.9902012954662
4.249352291924879,253.8327601985022,261.454972403635,0.0,0.0
4.308251587906852,253.998684937477,262.07174858079424,266.6455381696883,0.0
4.370964695001021,254.1371531159331,260.86058857181473,265.52093188182863,0.0
4.435041430871934,254.90641214840272,261.7643795730602,267.70766702237654,0.0
4.500528296921402,3951.515583802389,3951.515583802389,3951.515583802389,3951.515583802389
4.561979360878468,3982.0410115615755,3982.0410115615755,3982.0410115615755,3982.0410115615755
4.62951431190595,3936.252812195449,3936.252812195449,3936.252812195449,3936.252812195449
4.693760666996241,3966.7783554093307,3966.7783554093307,3966.7783554093307,3966.7783554093307
4.758926851907745,3982.0410115615755,3982.0410115615755,3982.0410115615755,3982.0410115615755
4.820661103818566,3982.0410115615755,3982.0410115615755,3982.0410115615755,3982.0410115615755
4.879762430908158,3966.7783554093307,3966.7783554093307,3966.7783554093307,3966.7783554093307
4.938134885858744,237.00789679819894,236.31425106940358,237.62292686088603,0.0
4.997859668917954,234.7160532462742,234.64309487050815,235.29861928791323,0.0
5.055685646831989,232.95041194689747,0.0,0.0,281.957200423676
5.112914678873494,230.83064665293472,0.0,0.0,278.2510740500362
5.175238461932167,229.2237786105723,0.0,0.0,276.9547315855454
5.238628759980202,228.38952371757333,0.0,0.0,0.0
5.29922237386927,227.1518728734135,0.0,0.0,0.0
5.360950154950842,228.12701568802527,0.0,0.0,275.4900631040361
5.4233581610023975,227.40716890731412,0.0,0.0,273.0443584388563
5.485542373964563,227.43069122423563,0.0,0.0,274.0834623461056
5.545709392987192,227.224469600682,0.0,0.0,272.2571947038898
5.604636200936511,227.0210749256749,0.0,0.0,273.12227782664525
5.662745487876236,226.39555446336092,0.0,0.0,272.46571115334734
5.71996611286886,227.79759048715238,0.0,0.0,272.2571947038898
5.778597920900211,227.15928047297152,0.0,0.0,272.20429406418896
5.838298916816711,229.75817623731842,228.78737493323368,0.0,0.0
5.897758737904951,0.0,0.0,0.0,275.2220446014484
5.956610259832814,3997.3037831685156,3997.3037831685156,3997.3037831685156,3997.3037831685156
6.021031101932749,236.13991748193965,234.83889048154936,237.9698830280644,0.0
6.0788726198952645,3966.7783554093307,3966.7783554093307,3966.7783554093307,3966.7783554093307
6.137613367987797,3997.3037831685156,3997.3037831685156,3997.3037831685156,3997.3037831685156
6.198072211816907,3966.7783554093307,3966.7783554093307,3966.7783554093307,3966.7783554093307
6.2589689928572625,3920.9902012954662,3920.9902012954662,3920.9902012954662,3920.9902012954662
6.319968703901395,243.0073672220452,247.64180620054134,249.37456882100992,251.62802747563148
6.378748317016289,4075.1436100608676,4075.1436100608676,4075.1436100608676,4075.1436100608676
6.436843114905059,4043.0917765754207,4043.0917765754207,4043.0917765754207,4043.0917765754207
6.496782884001732,4059.8808384539266,4059.8808384539266,4059.8808384539266,4059.8808384539266
6.555495076812804,4043.0917765754207,4043.0917765754207,4043.0917765754207,4043.0917765754207
6.61356278299354,4140.773155384883,4140.773155384883,4140.773155384883,4140.773155384883
6.674518928863108,4209.455351454461,4209.455351454461,4209.455351454461,4209.455351454461
6.734727617818862,4043.0917765754207,4043.0917765754207,4043.0917765754207,4043.0917765754207
6.7944238658528775,4075.1436100608676,4075.1436100608676,4075.1436100608676,4075.1436100608676
6.85600631381385,223.52703145644742,0.0,0.0,256.90970389490474
6.8977038729935884,0.0,0.0,0.0,0.0
6.943611641880125,2046.7293554997273,2046.7293554997273,2046.7293554997273,2046.7293554997273
6.986321420874447,0.0,0.0,0.0,0.0
7.026772757992148,6445.442278536683,6445.442278536683,6445.442278536683,6445.442278536683
7.073115529026836,6695.750821092242,6695.750821092242,6695.750821092242,6695.750821092242
7.113580442033708,7211.630356396389,7211.630356396389,7211.630356396389,7211.630356396389
7.155527744907886,8119.761676907853,8119.761676907853,8119.761676907853,8119.761676907853
7.202298264019191,7211.630356396389,7211.630356396389,7211.630356396389,7211.630356396389
7.24428007286042,11208.934049060377,11208.934049060377,11208.934049060377,11208.934049060377
7.286866241833195,13568.549278562734,13568.549278562734,13568.549278562734,13568.549278562734
7.331309807021171,0.0,0.0,0.0,0.0
7.37195139285177,0.0,0.0,0.0,0.0
7.415880752028897,0.0,0.0,0.0,0.0
7.459379407810047,0.0,0.0,0.0,0.0
7.500433641951531,0.0,0.0,0.0,0.0
7.543299973942339,329.67453850138725,329.67453850138725,329.67453850138725,329.67453850138725
7.586289323866367,0.0,0.0,0.0,0.0
7.6289515199605376,0.0,0.0,0.0,0.0
7.6725318029057235,0.0,0.0,0.0,0.0
7.715569967869669,410.56689122143104,410.56689122143104,410.56689122143104,410.56689122143104
7.755707166856155,9374.356467805817,9374.356467805817,9374.356467805817,9374.356467805817
7.7974463070277125,0.0,0.0,0.0,0.0
7.84085968695581,6326.39314804307,6326.39314804307,6326.39314804307,6326.39314804307
7.8831198459956795,0.0,0.0,0.0,0.0
7.924402653006837,5316.0018743711935,5316.0018743711935,5316.0018743711935,5316.0018743711935
7.967066381825134,5316.0018743711935,5316.0018743711935,5316.0018743711935,5316.0018743711935
8.024535548873246,4209.455351454461,4209.455351454461,4209.455351454461,4209.455351454461
8.068804546026513,4012.5663940684976,4012.5663940684976,4012.5663940684976,4012.5663940684976
8.108868021983653,4091.9324659801514,4091.9324659801514,4091.9324659801514,4091.9324659801514
8.150757462950423,3951.515583802389,3951.515583802389,3951.515583802389,3951.515583802389
8.193629645975307,3905.727384436263,3905.727384436263,3905.727384436263,3905.727384436263
8.235163587844,4522.340949295433,4522.340949295433,4522.340949295433,4522.340949295433
8.27860747789964,4934.434125712906,4934.434125712906,4934.434125712906,4934.434125712906
8.322011509910226,4665.810482218759,4665.810482218759,4665.810482218759,4665.810482218759
8.362870306009427,4522.340949295433,4522.340949295433,4522.340949295433,4522.340949295433
8.406129737850279,4314.768070815131,4314.768070815131,4314.768070815131,4314.768070815131
8.44936281000264,4314.768070815131,4314.768070815131,4314.768070815131,4314.768070815131
8.489667783956975,4314.768070815131,4314.768070815131,4314.768070815131,4314.768070815131
8.530385507037863,4226.244368080705,4226.244368080705,4226.244368080705,4226.244368080705
8.578911993885413,3982.0410115615755,3982.0410115615755,3982.0410115615755,3982.0410115615755
8.619639946846291,3763.784257239198,3763.784257239198,3763.784257239198,3763.784257239198
8.661261859815568,3936.252812195449,3936.252812195449,3936.252812195449,3936.252812195449
8.705795097863302,3777.5206683721417,3777.5206683721417,3777.5206683721417,3777.5206683721417
8.748536126920953,3920.9902012954662,3920.9902012954662,3920.9902012954662,3920.9902012954662
8.792755928821862,3833.9926983280793,3833.9926983280793,3833.9926983280793,3833.9926983280793
8.835313291987404,3997.3037831685156,3997.3037831685156,3997.3037831685156,3997.3037831685156
8.87645945395343,3951.515583802389,3951.515583802389,3951.515583802389,3951.515583802389
8.919915045844391,4140.773155384883,4140.773155384883,4140.773155384883,4140.773155384883
8.963131765834987,3833.9926983280793,3833.9926983280793,3833.9926983280793,3833.9926983280793
9.005501345964149,3891.9910185555827,3891.9910185555827,3891.9910185555827,3891.9910185555827
9.049748590914533,3982.0410115615755,3982.0410115615755,3982.0410115615755,3982.0410115615755
9.092464410932735,3920.9902012954662,3920.9902012954662,3920.9902012954662,3920.9902012954662
9.132697735913098,3905.727384436263,3905.727384436263,3905.727384436263,3905.727384436263
9.176690647844225,3876.7282469486427,3876.7282469486427,3876.7282469486427,3876.7282469486427
9.222951700910926,3847.729109461023,3847.729109461023,3847.729109461023,3847.729109461023
9.265665577957407,4140.773155384883,4140.773155384883,4140.773155384883,4140.773155384883
9.311720239929855,4012.5663940684976,4012.5663940684976,4012.5663940684976,4012.5663940684976
9.353599841939285,4108.721482606395,4108.721482606395,4108.721482606395,4108.721482606395
9.397287292871624,4191.140089808917,4191.140089808917,4191.140089808917,4191.140089808917
9.456824511988088,290.27625037252454,267.0380009875348,244.48990044143255,233.72441732176458
9.518035691929981,287.0857459922281,264.72932119847167,243.49766238496562,233.31873520019363
9.57910449593328,283.5823649127827,261.56059361049796,241.02195966190627,231.2722387195851
9.637578306952491,280.895400654438,258.04125406454915,239.09873259863264,229.92990509843364
9.695914963027462,271.9751950772897,251.68319857350846,234.03051373355115,226.8408851777728
9.75294374790974,265.1370242068966,246.927394813222,230.30125175703287,224.17875180369913
9.811071028001606,258.9617638554296,241.39772991708446,227.44934777642067,219.79232643950724
9.871794513892382,255.22195981539636,237.47910147906396,223.02999049251912,216.91202514888434
9.934770438820124,248.86097794313014,233.22226776444842,219.74870694317724,214.57316269174476
9.99432515189983,243.1473636245863,229.06275577275707,217.80651011072015,212.83057102526163
10.055402292869985,237.20537561888415,225.3865127546823,215.56093703891804,213.9803494698913
10.115950949955732,232.69009232024112,222.25153516111533,214.91794228949152,213.89778870036596
10.17690891888924,231.1296947218271,221.2488085109392,213.22422969549552,213.51196122033494
10.23729923996143,229.97076556954048,220.59557264413706,213.53583372501825,215.74044168423995
10.298847481841221,229.57190304299723,221.9003580279445,215.2449356293861,216.623924043066
10.358409709995613,229.92661654462523,223.1393552546177,216.9079605580413,218.8653576149207
10.41734788985923,230.41189399323144,224.32877875354015,219.63490289859942,221.88847270616375
10.479470985010266,230.13088092650537,225.50062909937807,221.00146896235756,223.4665911820165
10.542889446951449,232.64036964526468,228.223142375181,224.55600190149573,227.91385343167394
10.608252353034914,236.38899816599917,232.94953685203086,229.80818165120624,233.71075579007132
10.66976361302659,240.52800624097776,238.36596774965352,237.48251423326508,240.38338716087802
10.735584003850818,247.76541854825885,244.684440715262,242.07154099724488,244.49939071737577
10.798767972039059,258.2303618809567,254.4641887940325,248.62716129165088,249.73623204394633
10.85834374697879,272.0908931229386,265.67430875274465,256.623734157124,258.5708665484764
10.91819579503499,285.1762620519243,277.3750264789423,271.15781667611725,266.80999597938415
10.978817683877423,291.66391969308364,283.33196191470887,275.58773329161124,269.7917705142067
11.038136871997267,301.61978832693484,292.3643350857523,284.8150137099932,277.23107637500897
11.098900815937668,311.95625451301936,302.41405119617787,293.4826353635382,288.6377533411834
11.158581632887945,320.16196796112973,311.49438424333175,302.5030873560399,298.43997256772116
11.220199249917641,327.1241316601294,317.58205425255835,309.5581536579777,305.46016935659634
11.279549767961726,332.7557462361945,323.7707510214991,314.4634745126591,310.0741236182825
11.346061936812475,334.7909494446681,324.773137240752,316.4302588410413,312.01558408656916
11.406670760829002,340.02139452652847,329.785068402919,320.41991802540934,316.90695345785576
11.472121566999704,343.6838586742749,334.0651890351848,325.33811651396593,321.5461229645419
11.533685529837385,346.7433589709452,337.11343598432416,327.30122103575883,324.3985617548452
11.59506736882031,348.4683896879361,338.07798410076265,328.3412375810021,325.50266342042323
11.656814705813304,348.8798010068258,337.85304017624617,329.4549916543542,326.8973655754533
11.717575795017183,349.32072085344225,338.72625334158954,330.64948462719826,328.39079273552767
11.775038538966328,348.7748159487605,339.6395942758018,330.74000839943966,329.60884089406136
11.833923224825412,348.66984300300396,340.5480765604349,333.29589672658625,329.6873277492126
11.89177539292723,347.8423462569195,340.64470687643194,335.0480646227132,332.0486270718375
11.954592620953918,346.2922828518555,340.80914447770766,334.6233253506312,335.9584289930716
12.014252557884902,345.2656065852428,338.8116203794585,334.8353016059375,335.4316218659774
12.075843031983823,343.2523964234968,337.80921924745985,332.81822140686825,333.3925233210959
12.138550497824326,343.1173840092152,337.93105447764077,331.0189134260409,332.9256340228492
12.203610145952553,342.76464936686807,337.0016854864458,331.4077355141716,335.42344448341083
12.26867009489797,341.48123792390686,337.1530492975032,330.8146410576637,335.05219424698225
12.329075464978814,341.3424987426377,337.15149616094993,331.9334989609122,333.2947312662431
12.387562350835651,341.2349607139902,336.2479077203664,330.2694205975986,333.98449608822517
12.446764902910218,340.1035321565369,336.1729570845576,331.2334879768494,333.9700393383138
12.503451794851571,340.0626456648994,336.21183364763135,331.4367077972464,334.0448489312742
12.561479742871597,339.90899490237047,337.24570302738096,331.5064046900302,334.4457520584951
12.626025747973472,339.8186473084194,337.4383937186781,332.91958861911604,334.9422547518329
12.685155940009281,339.69988196416085,336.4316156898385,331.9957882081239,334.09549273639647
12.746821417938918,339.6523107933495,336.54098659859375,332.1652444763409,334.3660979369084
12.806117670843378,339.5048101106438,337.6131862226032,332.34360497702755,334.6452520754575
12.86606257990934,339.520907021957,337.72407771318154,332.53117797663975,334.89645773139074
12.924864184809849,338.53730502249334,335.70391666951514,331.45633639571895,334.79251096345774
12.983988013816997,337.48770980803135,334.5515339718775,331.38879741417475,332.7569218853481
13.04742498183623,337.44791351810255,336.6394254556056,332.4706318809023,333.83018906256547
13.10505342693068,340.4012894949049,336.5956237940337,334.4452979845127,333.76292467471575
13.164726468967274,340.37727948924794,337.70941410392555,330.43717247517264,331.5176968438198
13.22537890681997,340.4519008775261,337.537140241519,331.2139584867032,331.2120910716284
13.286398977041245,339.450571724077,338.541715056452,332.22995203104085,330.18027858357726
13.347551301820204,340.4395484202121,338.49951286524833,331.03575991309765,331.1503486059621
13.406511554028839,340.4395484202121,337.6003867798705,331.2139584867032,331.3891014827735
13.463661452988163,340.4519008775261,338.541715056452,332.05120719221645,331.1503486059621
13.521255580941215,340.4519008775261,337.537140241519,332.17507086837463,331.1503486059621
13.581295583862811,340.41364334050564,336.5536798359011,328.0593263514332,327.9960327795354
13.640525257913396,339.41242676246185,337.49506323670033,326.9216728329521,326.9070381335505
13.700697866966948,339.426635936174,336.5536798359011,327.09594133786993,325.9922444884308
13.759958470938727,338.38922898609314,335.6137658516396,326.15132924520293,325.07549563805
13.816924322862178,337.33978515917397,334.5690959068753,325.97764049965895,323.81328159001964
13.877822075970471,337.3539134373099,334.48171435105644,322.74176697509506,320.2143309630872
13.933961458038539,337.33978515917397,330.93748131907097,0.0,307.3017430187898
13.992975504836068,336.32656584075414,329.6251501272341,316.02876206281246,295.8006346242102
14.052267409861088,335.2529612341395,326.7382416230271,316.74555233032265,0.0
14.111526890890673,335.28319138069793,325.71330706331827,0.0,0.0
14.173133987002075,335.36539666330543,325.5437454180222,0.0,0.0
14.230429406976327,335.4398390808767,322.4449557774848,0.0,0.0
14.286716355010867,335.4887827220491,322.49948908725025,0.0,0.0
14.347612073877826,335.4887827220491,0.0,0.0,0.0
14.407320994883776,335.52738518115274,0.0,294.79774204259195,0.0
14.467772794887424,335.4887827220491,0.0,297.80588224114575,294.6756584410409
14.526784106856212,334.575509565807,0.0,296.69260130391865,294.4842825820813
14.584942346904427,335.61956250681214,0.0,299.6582087662935,292.43209369797484
14.643049347912893,334.61395131793665,0.0,299.5959304106343,291.35045150912015
14.703614195808768,333.61211322505306,0.0,301.5615710338715,291.29166401829656
14.764938634820282,334.6176420775834,0.0,0.0,291.2650699733858
14.826034720987082,334.5707624643247,319.6401384858096,302.42634995296515,291.2528060452175
14.885999236954376,333.5801648135587,322.6272499545316,304.27750554674236,292.2598414214882
14.946843295823783,0.0,319.5754270954936,304.2540137494125,294.2966178634612
15.005846991902217,0.0,321.6297950165341,305.19491428289274,294.31543011846486
15.064249946037307,0.0,321.57903468148663,306.14395645870144,296.3486579103669
15.124281121883541,0.0,321.53093592800184,307.07948096718945,298.4751465564283
15.18331802287139,0.0,321.448237475213,309.06011140514823,300.5527497461889
15.24297700682655,0.0,322.4496339319894,310.07504487857784,301.6127986123141
15.304738591890782,0.0,322.4496339319894,310.0571193228773,302.6234936909719
15.365049568936229,0.0,322.37564369730785,311.07090954967157,302.72064030051314
15.42362515698187,0.0,321.3389260072336,311.07090954967157,303.74946386315884
15.482524050865322,0.0,322.3399818535952,311.0766793184238,304.7996569138225
15.539032788015902,0.0,322.3372683345151,312.0583259861479,304.7818486059768
15.60034593497403,318.7011922879219,321.27048357203313,311.07461332780565,305.88525567149446
15.660201789811254,317.7487609116882,322.2704100793359,312.03765211230973,306.7082146777557
15.721456202911213,316.80744076743423,322.27129195005114,313.0281365718387,306.69540221219194
15.782325500855222,317.80999590808125,322.27129195005114,313.0336639472145,307.7347337098686
15.848081156844273,319.81510632277156,323.2408768984735,314.0378934766773,307.710529163335
15.908875399036333,0.0,322.21164761217096,314.0337715002662,307.74587500721714
15.969334602821618,314.8455071527469,320.23955013358744,314.04931469864033,307.710529163335
16.030683577992022,315.7952448278588,322.2704100793359,314.0341031145155,307.61924659672775
16.088852318935096,316.80744076743423,322.27129195005114,315.02247146421195,307.56330400275874
16.146636223886162,312.79721994478905,322.27397178618486,315.0165758864942,307.59524209294733
16.20767769496888,313.7901956289155,321.23938539757313,315.03421172186313,308.5651388349951
16.26728584198281,317.7923587201462,320.2139413334214,315.0550340725473,309.6554212964843
16.332614640938118,0.0,321.21910871431993,315.0755729841607,309.81389721750816
16.3949799539987,315.7873597170843,320.15049193619757,314.1530607789486,310.1382993248357
16.463045981014147,314.774390784848,320.084617736181,312.3145785547418,311.80850777921137
16.52258616592735,316.7793232374349,321.05855448291976,313.36942238496516,311.96487991412204
16.582464064005762,316.7793232374349,320.05837206235,313.41601464977583,311.9752416422375
16.641631587874144,316.83244956884914,321.0579622156252,314.38201181169575,312.89409353913476
16.701744291000068,315.82719829365203,320.05778165293225,314.4544240338617,313.0587161419487
16.763717856025323,315.82633712854556,320.0491281164087,315.41867286364123,313.90018398471165
16.82279275986366,315.88190372435747,321.0423945056536,315.4558712382232,313.9819046402026
16.88027381990105,316.8298243457133,321.04928164075295,315.4558712382232,315.0719553454793
16.94435725803487,316.8298243457133,321.0423945056536,315.5355268332297,316.25166775667185
17.00424366281368,318.83771815062556,321.03939945117537,315.48338137418307,316.0742006419621
17.06628072098829,318.83771815062556,322.0314082339005,316.40852149788816,315.9123644542614
17.125433475943282,318.83771815062556,322.0314082339005,316.43612322916795,316.0742006419621
17.18643462890759,318.83771815062556,322.0244992554836,316.47520101875216,316.1598884776284
17.248056361917406,318.83771815062556,321.0244231712867,316.44583927720646,315.9946092050986
17.309301647823304,318.83771815062556,322.0097640026648,316.59503273600575,318.43918337395627
17.367983410833403,318.8421324166789,322.0052482417815,317.5862726057885,318.44265485302407
17.424817357910797,317.9513437539141,321.0013051351313,317.67787580259284,318.7272615212362
17.484188604867086,317.9513437539141,322.00402555119007,316.72801687370844,319.73327416923286
17.54441571002826,318.9605293321702,322.00130920099156,317.68054427788917,319.54120516411814
17.60651727183722,318.95434488968954,322.003397070069,317.8324840449501,321.050901644947
17.66667626495473,320.02248222543386,322.0012749335338,319.78319901229327,320.9485087268058
17.726233722874895,320.14564307377526,322.02042278322546,319.0656829023486,322.7131079860593
17.784627368906513,321.1572360070848,322.02970791565565,320.13237093343685,322.83406281440807
17.84256928996183,320.1536196276613,322.03238976216363,320.1966004099351,322.9584935278781
17.900883812922984,322.22548029519066,323.0409187346968,321.1359207032043,323.846081712119
17.9602670930326,322.22548029519066,322.05367500070446,321.33451709234885,325.21504878889203
18.021934805903584,321.22166265097326,324.07147930833685,320.39986122997914,325.46164403514047
18.083301876904443,321.23144387051815,322.07551866017036,320.402506726636,325.3454330844291
18.14369335002266,321.23144387051815,321.0917124775578,320.47378026398206,326.35897025165406
18.204134858911857,322.23529207645663,322.09199819426044,320.5468118994105,326.60978197343763
18.267003966961056,321.3091963400433,322.09199819426044,320.47819965954244,325.60517638142625
18.32674095290713,321.3091963400433,322.0982774273452,320.48439346686206,325.47930298225117
18.38356668385677,321.3091963400433,322.0982774273452,321.41755222027547,326.25743435235
18.443448749836534,321.3091963400433,322.0982774273452,320.41312229034475,325.2442126881488
18.500011201016605,322.3266698039642,323.09015576909655,322.3016915581107,325.0328541937386
18.560594715876505,321.24300618997376,323.06250750403944,321.03369212684413,323.4249432808573
18.62140664202161,321.2714733381937,323.0724161925403,320.99593643483394,323.2385040462232
18.681317473994568,320.30510522699547,323.0513896907396,320.9172334194232,322.10896696435924
18.738509883871302,321.3376576245098,324.0638966151929,320.7269801660877,321.70857885607836
18.796741705853492,321.2563494198314,325.03509030204987,321.4825495302216,320.96658466585524
18.854815864004195,321.1919297336275,325.02272086360375,321.3607754904876,319.7033947899257
18.917044230969623,320.18820493658603,325.0230119222274,321.28763832416547,319.3981100742851
18.979237291030586,320.1408330159929,326.0328450746023,322.17141434095146,318.18909831423923
19.0419600259047,0.0,328.08655869817215,321.0708174631489,315.88104270839074
19.102281632833183,316.1016551468501,328.11281833474766,320.0869742517859,315.1146555430035
19.1602248668205,312.0694961059157,327.1402205534299,318.0556565651324,311.03887324215566
19.22166047990322,0.0,327.1402205534299,316.05530652388245,309.9767240918613
19.278754150029272,0.0,327.1402205534299,314.06665826043525,309.09335628849436
19.337241146015003,0.0,326.1300502539445,315.0668705414071,309.09335628849436
19.401029131840914,0.0,324.10150432507993,314.01905475463576,308.6188806572138
19.46201641787775,307.1479635269194,319.0702108725832,313.00099227781106,308.29935201518987
19.5245220719371,0.0,317.07570270246134,313.01736243425995,308.1743817038744
19.584738696925342,343.34996081237426,316.0930851732442,313.0257941927193,307.1243767977432
19.648264485877007,342.2195112380119,314.1554126262535,313.1124441307528,306.0688001589926
19.707866279873997,343.22308744526345,310.04860489172324,310.0934759232283,307.0310775061197
19.766398784006014,343.342723481524,314.01523075120514,305.07777344050766,307.1741282988236
19.825649498961866,343.342723481524,336.0153593662926,302.1509862088739,305.2775023224384
19.884847239824012,343.2738749750724,335.01531365364895,302.1743312717497,304.3818591245064
19.94455734384246,344.22666364241667,335.0150136318378,0.0,303.48207369795404
20.006815650034696,343.3081120574446,336.0237907888851,0.0,299.840375312254
20.070333011914045,342.6068415824229,334.0481753415385,319.26876437972095,0.0
20.135547128971666,341.67618024161527,333.0480311074793,319.3367464895059,0.0
20.19779572589323,342.68111008338326,333.0337950850826,318.4871895429159,0.0
20.25763633195311,342.6068415824229,334.02835105345775,316.7092282651397,304.30631583122954
20.3169655688107,343.53895368596676,334.0408173645795,316.8660586760378,304.7652339247066
20.374960992950946,342.5812527653894,335.0459909289195,318.16848299038617,310.53846336676617
20.433770563919097,342.41464544105884,335.0900133142999,318.43905322483556,314.1448988000034
20.493889858946204,343.5132843995955,336.1087529348902,320.51969728513956,315.273725171662
20.551839114865288,343.3280851267169,338.1717625847706,323.84793168557997,319.9709335720181
20.612841428956017,344.3539079132236,338.1978902917416,323.9272387007128,320.9806131066949
20.672991383820772,343.34996081237426,338.22590363214454,326.11229347276037,323.4213251185852
20.73664811695926,343.30680056804425,339.2884361411233,328.3958577658128,327.9130316864001
20.797923068981618,344.286769475081,340.39374137846943,330.7034420792876,330.54994989495805
20.859854170819744,345.22508945517455,341.4789652569512,334.9400228988099,336.12020364348894
20.91926148883067,344.1820453689544,341.4837046060155,337.16241172815234,338.47234474813285
20.976775421993807,343.2042934448804,341.52716530220545,338.1718802389612,340.51749447309686
21.034249256830662,344.1820453689544,342.52395853148784,338.17467976074306,341.55470655833284
21.093773419968784,343.26744332545377,343.5302571529884,339.18134874977005,342.56264419806087
21.15426335297525,343.36007182394616,342.5003548302439,340.0819400010202,343.41559980464103
21.218284009955823,342.356095075607,342.4586718249624,339.97676206520526,343.2495713032125
21.282204783987254,342.4167935565345,343.4705231571835,343.00606838569496,348.35650122312205
21.349687811918557,341.3810943269909,343.52474922568126,345.13613442542857,349.5451618306983
21.412467235932127,341.3810943269909,342.5375134754654,345.13613442542857,350.40336510964926
21.477396331960335,340.411918878822,342.5972945281109,346.2703039993605,350.5812354882283
21.53701377590187,341.48071584258537,342.5537151528153,345.15124919187025,351.6033393694611
21.5968994689174,341.5175868967855,341.57015216625297,345.2607693747966,350.5812354882283
21.6564784089569,340.55176789613455,341.5901096546316,344.16465755136426,350.5999532665607
21.714035654906183,340.55176789613455,340.5883791389531,345.1739381350339,349.5777963963337
21.771715729031712,339.5875965382679,340.61017362172737,343.2783466703499,349.5899322916595
21.829014845890924,338.58289961534587,340.61017362172737,342.16015681924586,348.56773992689705
21.888012690935284,339.6536940442916,339.6083789255137,340.1415127131478,347.5455475698434
21.953034966019914,338.58289961534587,339.6083789255137,340.24941996250453,347.712503971855
22.014224804006517,339.54719032181845,339.6083789255137,340.24941996250453,347.712503971855
22.075711926911026,339.48295273695066,339.62984097033825,341.35511698234876,347.8691856045713
22.134908756939694,338.5426129030723,339.58664854745444,340.24941996250453,347.712503971855
22.19243825902231,337.5380353287562,338.6279829833344,339.34919059102737,346.8580587373227
22.25138992490247,338.5426129030723,339.62984097033825,339.3352640112416,346.8580587373227
22.311283793998882,339.5233665982283,338.6279829833344,338.33922292363434,345.8487066024904
22.3703110658098,337.60374951516695,338.6279829833344,337.3292552562413,344.9944812377103
22.434008206939325,338.60852260355045,338.58491803177594,337.20664511221946,343.62176782312633
22.499394797021523,337.60374951516695,337.5421248979938,335.20120897132415,343.6355206830297
22.565767155960202,336.5989764267834,336.58145702515395,334.19156708573587,342.6127961143858
22.625112182926387,335.6233118579659,335.57972653421047,334.19156708573587,341.74215800115286
22.68722187099047,335.6233118579659,335.5192987887039,334.1778433186906,341.57640054536984
22.748782746028155,335.6613713649053,335.53890750476637,333.1819246790679,340.56734697709794
22.809880083892494,334.7958433751374,335.5837281531573,332.2241262075214,338.7376262123184
22.873644224833697,333.7596860426989,333.62081308063136,331.3020808016511,336.85583330851955
22.93346326891333,331.7796644865175,332.55536575041526,329.1758001807715,335.6487060022176
22.993045123992488,330.81356997456686,331.5382740254119,329.19472730131105,334.80807694122484
23.04955519293435,329.92042615646653,330.52495727644924,328.10155151207334,333.47945257597945
23.109084165887907,329.0301914916055,328.5482938558136,327.09200820169696,331.43356674824605
23.169091013958678,328.17480887318493,327.5079630467322,323.88529963819667,330.2520546957993
23.23064903402701,326.27625554675564,325.41993865706894,320.73972241122516,328.20715117484815
23.29121873085387,324.2622043920073,323.41735441864296,319.8274145682557,325.1397943307038
23.353758761892095,323.2551791175401,322.44210306468665,317.8095759841278,325.27594489212953
23.41588655486703,322.289865957131,321.4123528531193,316.7052605023444,323.2301846252772
23.47456453088671,322.0148989248396,320.41945971946694,316.85954042872055,323.3688748838824
23.533431031974033,322.49799417655123,320.5862724712274,317.4225926800939,323.1079794519758
23.5911549909506,321.3093972829106,321.60754779971666,316.61355608094493,323.4213744916677
23.65162686794065,322.35398839994735,321.5532366655259,316.503142838572,322.22737953511137
23.71170810982585,322.3780865063855,321.56306895881045,317.52212742560164,322.23676800611906
23.7686551050283,321.37379342263205,320.5613148612557,316.3944215072312,322.22737953511137
23.82748370198533,320.3455522840696,319.54978961207905,316.503142838572,321.20117786441637
23.886820051819086,321.3093972829106,320.6056551859404,315.49195019961934,321.3679052949417
23.94491730397567,321.3275265888605,319.5417979851021,315.48593148012486,320.1673463792863
24.005745149916038,322.33167504834296,320.5515131935816,316.38838142260266,322.05406049921197
24.06575556495227,322.33167504834296,320.5515131935816,316.4971048287998,322.2197008132946
24.123563627013937,322.2893862606844,320.5958548738956,317.6251010785814,322.39463989330466
24.19058595295064,322.25066604631695,320.65177417383,316.61355608094493,322.39463989330466
24.25055985688232,322.13034570152405,320.7395489181467,318.8579133888183,323.75414733501987
24.31182343699038,323.9224356871302,322.8351793601658,319.0851268646198,326.1485925794148
24.374558254843578,322.89896093902144,322.8860578124949,319.08427449222,326.1460261774583
24.43457436002791,323.8303713339978,323.88612648699467,320.0981283102526,326.1460261774583
24.49359310581349,323.9017528348103,323.8888095499326,320.0981283102526,326.3222095585584
24.55202925298363,323.84925838954535,322.8860578124949,319.08427449222,326.32305364234446
24.610334967961535,323.84925838954535,322.89052708179526,320.2180853676165,326.32305364234446
24.670757920946926,323.81924564262425,322.9476592541941,0.0,326.504270532081
24.730377078987658,323.74964697170867,323.0065755029495,319.3260380937597,326.68454376112265
24.793611171888188,322.68151923125953,323.0628074374944,0.0,325.8327563130163
24.85578407300636,322.7473260901949,322.00344946109954,0.0,325.8353090004201
24.91650865995325,321.74500523340157,322.0639597771941,0.0,324.8041842048531
24.977351805893704,321.66241329996325,322.05684183549994,317.544701919857,323.7696900254644
25.03883924987167,320.43345427822453,322.3301254927666,318.08718817644035,323.4941355816025
25.09827479091473,320.38497920506967,320.47927225074517,317.36024338463636,324.07079682407067
25.15701949596405,320.38497920506967,320.47927225074517,317.36024338463636,324.08179409190944
25.21525336196646,319.42145157363893,320.40856865552786,316.210032444244,322.85631094629116
25.27736035385169,319.49947593851607,318.2759503706261,315.963495583289,321.4599175614259
25.338239980861545,318.5880545181008,318.13619490327875,314.8198920626935,321.2751718566458
25.39791970490478,317.6324605922337,317.07129885961547,313.6787612607394,319.027104786626
25.456704166950658,316.6278385684641,317.0959713361378,313.6787612607394,318.8466843126876
25.514656206825748,317.582702353047,317.1572785000461,313.69493735013793,319.2233173140417
25.571443342836574,316.5365105439453,317.2353021603743,312.93172688865576,318.1902328074312
25.63087650993839,315.5003102217098,315.39296880979356,309.1596577406017,317.55662895906346
25.694814797956496,314.39517310709044,314.66190772883016,310.66658170046554,315.47215347537826
25.754937157966197,312.3846734549486,313.2061958859438,308.48489100184,315.5782317166983
25.81686619692482,310.5637896888414,310.339732011715,306.1525402788162,313.6385351380673
25.88140383386053,307.610529050286,309.0089132687141,303.5982243882856,308.78657946758216
25.944901457987726,304.70997156416064,305.07321500332927,299.79667885597485,305.09438396378613
26.006794886896387,301.7374308307435,301.4592717057076,297.2690544316185,301.856612124305
26.067317252978683,297.9074288107679,297.8731649701298,295.32768597101887,295.1248581869157
26.12677625985816,295.58706490264893,296.32185846271307,293.97819612720787,295.42781777557053
26.18784483196214,294.91679169284646,295.22705613445527,291.922177834018,295.0534972055264
26.249534426955506,291.42509318760784,291.430301463521,289.0600381014303,289.8417749779548
26.30596634489484,288.8289739943827,288.7242130696045,285.8629566464944,290.43938322577884
26.365402758819982,288.95769282256407,287.9662532545539,284.1968671086236,288.6505698298443
26.426184525946155,288.2551682658151,288.20515272218324,285.5500737627539,287.02134515801794
26.489858761895448,288.4847650730006,287.5552030524734,284.97457690367474,287.3479068609265
26.55267873383127,289.32732301595894,287.869339839511,285.4951157175865,286.8895632976898
26.61546730599366,288.10383747090407,287.6128719564245,284.11899875627006,287.0480650367188
26.67694485001266,287.8778808005145,286.48369254369254,283.5965099670114,0.0
26.73721171100624,289.18368249252984,288.2087357148836,287.05280019160307,0.0
26.79623469384387,290.76621375799175,288.3321889328122,285.71067776177154,287.0375811169393
26.855614387895912,289.6124545741336,289.0892713751543,285.446502486457,285.41829292445345
26.914508340880275,289.6124545741336,288.17864524472276,284.2086392979529,285.41829292445345
26.974217101931572,288.3634617183774,286.5063082285008,282.57186420942776,282.55062511783416
27.033670607954264,287.99382666603003,284.85896886333126,280.6956043471637,282.3562702881633
27.095582963898778,288.0058952893043,285.50462342191696,283.1844058261405,281.1922532296661
27.161460774950683,289.15134044879784,286.5620493055744,282.99366189281244,282.43922243587895
27.228671786841005,291.5187573188792,288.9605284809686,284.6070437934363,283.0353607399956
27.294893632875755,291.6599837656159,289.0335676923231,285.3727154165779,282.28912450725977
27.35517450189218,292.2636344866774,290.0223310920418,284.2624852585108,281.9181833901003
27.42266372195445,293.7642483531422,290.12578864736014,285.1091360391535,282.6432982158688
27.483724187826738,294.4205326007815,290.96589361168924,284.6378326482155,284.6178237657602
27.548922264017165,296.38696484874487,291.412207413098,285.93324261557916,285.536340551665
27.606724563986063,298.71579262046157,296.0549687002673,289.5078139681568,289.008725541279
27.666636196896434,302.965626638643,298.8981546071929,295.0951665237321,293.8918758019225
27.72516205883585,304.99323788259227,301.1155707621265,296.3883651025208,295.23361723054006
27.78407751303166,308.2358294118334,305.0128599558671,299.6938386903182,298.6303371496055
27.841061118990183,311.78936947134594,307.73208968560994,303.1584213042134,299.73387315906086
27.899402241921052,315.4333903806767,310.9440164476462,305.47571736621376,303.42221544838617
27.960156576009467,315.19015506842106,312.2069089365647,306.8826339245617,304.6853963512623
28.02575324382633,317.0754262866033,314.14173605494915,310.4325533623022,308.35610628945096
28.08771306090057,320.8439481937259,317.8309569822226,313.0105249721585,311.48941479081765
28.15216024289839,325.6544828284066,323.25354181524443,319.91627791863374,318.42375180287735
28.214585441863164,333.2062582040771,332.60760085634774,330.40794344201936,327.7249694167043
28.276267310837284,339.1957406806611,339.7861107972196,336.42194105421777,333.7378576016048
28.33427661191672,347.1083851892016,353.2078115511996,351.61149228040955,347.50793110004605
28.39178199786693,351.00779883212164,355.6249280368726,356.2074601342335,354.1406975470198
28.451005999930203,360.7031145938996,365.6723278817336,363.65277049930745,363.4111020731787
28.51249490585178,6874.32467753962,6874.32467753962,6874.32467753962,6874.32467753962
28.55412024492398,11853.020506387864,11853.020506387864,11853.020506387864,11853.020506387864
28.597047894028947,9548.351383236066,9548.351383236066,9548.351383236066,9548.351383236066
28.639972548000515,7870.979494826291,7870.979494826291,7870.979494826291,7870.979494826291
28.683590102009475,6874.32467753962,6874.32467753962,6874.32467753962,6874.32467753962
28.72662311582826,6828.536272214273,6828.536272214273,6828.536272214273,6828.536272214273
28.77388324099593,6874.32467753962,6874.32467753962,6874.32467753962,6874.32467753962
28.815913242986426,6967.427115331953,6967.427115331953,6967.427115331953,6967.427115331953
28.858418494928628,7014.741559717382,7014.741559717382,7014.741559717382,7014.741559717382
28.904373283032328,0.0,0.0,0.0,0.0
28.946594435023144,6920.112670946524,6920.112670946524,6920.112670946524,6920.112670946524
28.98811960988678,4887.119681327477,4887.119681327477,4887.119681327477,4887.119681327477
29.03111142385751,4795.543488554446,4795.543488554446,4795.543488554446,4795.543488554446
29.073567220009863,4864.225684624025,4864.225684624025,4864.225684624025,4864.225684624025
29.117844440974295,4818.4374852578985,4818.4374852578985,4818.4374852578985,4818.4374852578985
29.177326913923025,398.8432725565248,388.29818705316114,380.3710698616491,4135.072154094097
29.238093290943652,414.82146081097414,411.30697924080545,407.33422768369735,4398.874910280794
29.300528267864138,0.0,425.8574419691571,426.40017623088556,4197.026380946698
29.361553407041356,4644.442524575387,4644.442524575387,4644.442524575387,4644.442524575387
29.42207746487111,506.8115762189044,481.9588630644496,477.41850488061755,472.89202569290023
29.481079607037827,510.5763367560111,518.3816474700807,509.76911657030433,505.78337132354704
29.520954217994586,4644.442524575387,4644.442524575387,4644.442524575387,4644.442524575387
29.56299994001165,4687.178233902909,4687.178233902909,4687.178233902909,4687.178233902909
29.606475689914078,4665.810482218759,4665.810482218759,4665.810482218759,4665.810482218759
29.646909052040428,4562.023962625128,4562.023962625128,4562.023962625128,4562.023962625128
29.688908493844792,4562.023962625128,4562.023962625128,4562.023962625128,4562.023962625128
29.735054212855175,4406.344308840426,4406.344308840426,4406.344308840426,4406.344308840426
29.775757706956938,4624.60101791054,4624.60101791054,4624.60101791054,4624.60101791054
29.819711471907794,4687.178233902909,4687.178233902909,4687.178233902909,4687.178233902909
29.86250506201759,4603.23326622639,4603.23326622639,4603.23326622639,4603.23326622639
29.9047568438109,4708.545985587059,4708.545985587059,4708.545985587059,4708.545985587059
29.947697788942605,4644.442524575387,4644.442524575387,4644.442524575387,4644.442524575387
29.98987128888257,4583.3917143092785,4583.3917143092785,4583.3917143092785,4583.3917143092785
30.03153256699443,4542.182455960281,4542.182455960281,4542.182455960281,4542.182455960281
30.07537957490422,4644.442524575387,4644.442524575387,4644.442524575387,4644.442524575387
30.119479783810675,4562.023962625128,4562.023962625128,4562.023962625128,4562.023962625128
30.16057317284867,4624.60101791054,4624.60101791054,4624.60101791054,4624.60101791054
30.201056401943788,4708.545985587059,4708.545985587059,4708.545985587059,4708.545985587059
30.24594440497458,4426.185815505273,4426.185815505273,4426.185815505273,4426.185815505273
30.287426535971463,4426.185815505273,4426.185815505273,4426.185815505273,4426.185815505273
30.328658713959157,4624.60101791054,4624.60101791054,4624.60101791054,4624.60101791054
30.377312406897545,4482.657890713474,4482.657890713474,4482.657890713474,4482.657890713474
30.420150932855904,4583.3917143092785,4583.3917143092785,4583.3917143092785,4583.3917143092785
30.46276325196959,4542.182455960281,4542.182455960281,4542.182455960281,4542.182455960281
30.506365517852828,4603.23326622639,4603.23326622639,4603.23326622639,4603.23326622639
30.547582085011527,4583.3917143092785,4583.3917143092785,4583.3917143092785,4583.3917143092785
30.590485236840323,4562.023962625128,4562.023962625128,4562.023962625128,4562.023962625128
30.63347704987973,4562.023962625128,4562.023962625128,4562.023962625128,4562.023962625128
30.675646401941776,4482.657890713474,4482.657890713474,4482.657890713474,4482.657890713474
30.719165635993704,4522.340949295433,4522.340949295433,4522.340949295433,4522.340949295433
30.76251486199908,4542.182455960281,4542.182455960281,4542.182455960281,4542.182455960281
30.80554474890232,4502.499397378322,4502.499397378322,4502.499397378322,4502.499397378322
30.849409261951223,4624.60101791054,4624.60101791054,4624.60101791054,4624.60101791054
30.892316250829026,4542.182455960281,4542.182455960281,4542.182455960281,4542.182455960281
30.93335119681433,4687.178233902909,4687.178233902909,4687.178233902909,4687.178233902909
30.978749858913943,4583.3917143092785,4583.3917143092785,4583.3917143092785,4583.3917143092785
31.02183997281827,4542.182455960281,4542.182455960281,4542.182455960281,4542.182455960281
31.06276617781259,4464.342629067929,4464.342629067929,4464.342629067929,4464.342629067929
31.105773090850562,4502.499397378322,4502.499397378322,4502.499397378322,4502.499397378322
31.15010780398734,4708.545985587059,4708.545985587059,4708.545985587059,4708.545985587059
31.19084691698663,4502.499397378322,4502.499397378322,4502.499397378322,4502.499397378322
31.23460709792562,4583.3917143092785,4583.3917143092785,4583.3917143092785,4583.3917143092785
31.277721237856895,4464.342629067929,4464.342629067929,4464.342629067929,4464.342629067929
31.320986359845847,4562.023962625128,4562.023962625128,4562.023962625128,4562.023962625128
31.36312913103029,4562.023962625128,4562.023962625128,4562.023962625128,4562.023962625128
31.404276974964887,4502.499397378322,4502.499397378322,4502.499397378322,4502.499397378322
31.447910399874672,4562.023962625128,4562.023962625128,4562.023962625128,4562.023962625128
31.491085418034345,4583.3917143092785,4583.3917143092785,4583.3917143092785,4583.3917143092785
31.533343290910125,4522.340949295433,4522.340949295433,4522.340949295433,4522.340949295433
31.574675702955574,4444.501077150819,4444.501077150819,4444.501077150819,4444.501077150819
31.6178964888677,4624.60101791054,4624.60101791054,4624.60101791054,4624.60101791054
31.680370641872287,4522.340949295433,4522.340949295433,4522.340949295433,4522.340949295433
31.74204745190218,344.50651281455856,0.0,0.0,333.6938601341448
31.801913115894422,4464.342629067929,4464.342629067929,4464.342629067929,4464.342629067929
31.863132240017876,208.80796676744086,250.21447008515577,245.75858925761247,0.0
31.9235626058653,225.5998702348832,219.5183104927945,215.9809820773264,216.1113995065782
31.982071604812518,209.31132827579285,203.50457539197714,200.5664289871682,202.38002743935328
32.022095212945715,4603.23326622639,4603.23326622639,4603.23326622639,4603.23326622639
32.082506582839414,4522.340949295433,4522.340949295433,4522.340949295433,4522.340949295433
32.14006982999854,4562.023962625128,4562.023962625128,4562.023962625128,4562.023962625128
32.19660991686396,4542.182455960281,4542.182455960281,4542.182455960281,4542.182455960281
32.25486344099045,0.0,0.0,0.0,0.0
32.313426153035834,0.0,0.0,0.0,0.0
32.376597083872184,4482.657890713474,4482.657890713474,4482.657890713474,4482.657890713474
32.440768451895565,4729.913782523472,4729.913782523472,4729.913782523472,4729.913782523472
32.504987271968275,0.0,0.0,0.0,0.0
32.571290174964815,0.0,0.0,0.0,0.0
32.63106562499888,0.0,0.0,0.0,0.0
32.69033016497269,4624.60101791054,4624.60101791054,4624.60101791054,4624.60101791054
32.749463110929355,4502.499397378322,4502.499397378322,4502.499397378322,4502.499397378322
32.80656227981672,4522.340949295433,4522.340949295433,4522.340949295433,4522.340949295433
32.864898833911866,4522.340949295433,4522.340949295433,4522.340949295433,4522.340949295433
32.92316104401834,4482.657890713474,4482.657890713474,4482.657890713474,4482.657890713474
32.96927086194046,4542.182455960281,4542.182455960281,4542.182455960281,4542.182455960281
33.01213701302186,4502.499397378322,4502.499397378322,4502.499397378322,4502.499397378322
33.05831976281479,4624.60101791054,4624.60101791054,4624.60101791054,4624.60101791054
33.100254700984806,4369.713901004031,4369.713901004031,4369.713901004031,4369.713901004031
33.14328518882394,4583.3917143092785,4583.3917143092785,4583.3917143092785,4583.3917143092785
33.20657070190646,215.23990438418377,218.4641941197844,221.3772754759282,226.57343750980047
33.27494381181896,4542.182455960281,4542.182455960281,4542.182455960281,4542.182455960281
33.33556078094989,0.0,0.0,269.3182518791476,271.3278586277156
33.39972473401576,313.9714602150825,324.1287893615195,316.9059013540936,312.0667740833604
33.44529851502739,4351.398639358485,4351.398639358485,4351.398639358485,4351.398639358485
33.48628096887842,4333.083377712939,4333.083377712939,4333.083377712939,4333.083377712939
33.52800910593942,4406.344308840426,4406.344308840426,4406.344308840426,4406.344308840426
33.573571966029704,4406.344308840426,4406.344308840426,4406.344308840426,4406.344308840426
33.614911591866985,4333.083377712939,4333.083377712939,4333.083377712939,4333.083377712939
33.65600372781046,4278.13754752404,4278.13754752404,4278.13754752404,4278.13754752404
33.70040023000911,4333.083377712939,4333.083377712939,4333.083377712939,4333.083377712939
33.74115578480996,4351.398639358485,4351.398639358485,4351.398639358485,4351.398639358485
33.78301547700539,4426.185815505273,4426.185815505273,4426.185815505273,4426.185815505273
33.82876527891494,4351.398639358485,4351.398639358485,4351.398639358485,4351.398639358485
33.87103858194314,4333.083377712939,4333.083377712939,4333.083377712939,4333.083377712939
33.9134092729073,4369.713901004031,4369.713901004031,4369.713901004031,4369.713901004031
33.95943203289062,4278.13754752404,4278.13754752404,4278.13754752404,4278.13754752404
34.004736431874335,4369.713901004031,4369.713901004031,4369.713901004031,4369.713901004031
34.05055161099881,4351.398639358485,4351.398639358485,4351.398639358485,4351.398639358485
34.09337722300552,4444.501077150819,4444.501077150819,4444.501077150819,4444.501077150819
34.13616946898401,4351.398639358485,4351.398639358485,4351.398639358485,4351.398639358485
34.19912540493533,4369.713901004031,4369.713901004031,4369.713901004031,4369.713901004031
34.25005436083302,4406.344308840426,4406.344308840426,4406.344308840426,4406.344308840426
34.29267240082845,4351.398639358485,4351.398639358485,4351.398639358485,4351.398639358485
34.33647509291768,4369.713901004031,4369.713901004031,4369.713901004031,4369.713901004031
34.378209362970665,4314.768070815131,4314.768070815131,4314.768070815131,4314.768070815131
34.421127554029226,4388.029047194881,4388.029047194881,4388.029047194881,4388.029047194881
34.463559452909976,4333.083377712939,4333.083377712939,4333.083377712939,4333.083377712939
34.50732223899104,4369.713901004031,4369.713901004031,4369.713901004031,4369.713901004031
34.550241532037035,4444.501077150819,4444.501077150819,4444.501077150819,4444.501077150819
