RS Actual Data,RS Missing Data,SG Actual Data,SG Missing Data,RS Predicted Data - RS,SG Predicted Data - RS,RS Predicted Data - RS_missing,SG Predicted Data - RS_missing,RS Predicted Data - RS_missing_SG,SG Predicted Data - RS_missing_SG,RS Predicted Data - RS_SG_both_missing,SG Predicted Data - RS_SG_both_missing
7.57535,,385.0,385.0,45.058273,362.88977,22.722343,361.77368,9.276379,375.7434,8.604219,385.36823
5.576370000000001,5.576370000000001,388.0,388.0,40.497875,362.16757,13.991335,360.19614,7.883833,380.65982,7.255991,386.10233
7.911339999999999,7.911339999999999,388.0,388.0,34.180885,361.0126,9.523132,359.51517,6.656748,383.55313,6.408842,386.835
5.112019999999998,,386.0,386.0,37.315495,360.6756,12.324968,359.82352,6.845667,385.129,6.098778,387.70926
7.62941,7.62941,386.0,386.0,33.58039,360.22083,10.036177,359.38232,6.2152824,385.93216,5.7614117,387.7407
6.4227799999999995,,385.0,385.0,35.58727,359.92206,14.789978,359.29147,6.5910892,386.30692,5.4527454,388.1782
5.621189999999999,,389.0,389.0,38.456264,359.99377,27.276749,359.76227,6.43865,386.79214,5.4524097,388.59186
4.11636,,390.0,390.0,39.90519,359.90503,36.998714,359.76175,6.2365685,387.19617,5.383299,389.1126
4.612909999999999,4.612909999999999,387.0,387.0,33.982235,359.08853,12.887836,357.97882,5.2500973,386.84818,5.069975,388.91278
5.944610000000004,5.944610000000004,388.0,388.0,28.377802,358.47513,7.402462,357.40613,4.652546,386.50558,5.0348682,388.42172
6.823740000000001,,392.0,392.0,30.705025,358.44095,10.130436,357.74817,4.3292656,386.52283,5.1866837,388.63562
2.6954100000000025,,392.0,392.0,34.26565,358.85587,19.77153,357.98032,4.5082054,387.43994,5.305134,389.29483
4.4463500000000025,,389.0,389.0,37.055447,359.29755,30.86503,357.87854,4.5292625,386.30966,5.284464,389.60565
5.304279999999995,5.304279999999995,393.0,393.0,32.665092,358.77957,9.626621,356.44717,4.287773,387.59183,5.0958366,389.7042
2.9979900000000015,,391.0,391.0,36.116177,359.30774,16.453362,357.94247,4.455784,387.0888,5.271456,390.076
3.8870099999999965,3.8870099999999965,391.0,391.0,32.32059,359.01978,9.101776,358.39136,4.46574,388.3625,5.3758564,389.9368
3.3421299999999974,3.3421299999999974,389.0,389.0,26.986658,358.39026,6.6642914,357.6765,4.3551903,387.13583,5.1384773,389.1369
3.6024299999999982,3.6024299999999982,384.0,384.0,22.047558,358.0168,6.121889,356.94586,4.5949287,386.12152,5.0691185,387.6169
3.3439699999999988,3.3439699999999988,381.0,381.0,17.007002,357.7343,5.7828064,356.01514,4.5170593,383.08374,5.112215,385.54556
4.604759999999999,4.604759999999999,382.0,382.0,12.840414,357.40277,5.656872,355.03467,4.7213287,382.59195,5.3455276,382.91116
6.064869999999999,,377.0,377.0,16.13689,357.9163,9.403189,354.7341,5.417652,378.7125,6.195059,379.12576
7.556159999999998,7.556159999999998,376.0,376.0,16.517588,358.66333,8.739998,354.87915,6.1879387,375.73447,6.498392,376.02682
7.797930000000001,7.797930000000001,375.0,375.0,16.132217,359.15988,7.0235634,356.04343,6.7886333,373.3761,7.470932,372.69092
10.9088,,370.0,370.0,23.272963,359.7383,14.058434,355.6251,9.257729,368.69516,11.064329,367.93234
16.4825,16.4825,367.0,367.0,28.078983,360.4883,12.418026,358.00003,10.493397,366.42023,16.95713,363.51343
15.1066,15.1066,366.0,366.0,27.390266,360.27722,9.754835,356.84808,11.856367,364.81155,18.634039,360.37088
17.8566,,366.0,366.0,34.124557,360.40585,20.850554,356.1874,18.147984,363.14282,25.034832,358.7774
22.5569,,366.0,366.0,38.15909,360.3096,36.863335,355.39328,26.551378,362.68,30.355022,358.86313
23.6191,23.6191,364.0,364.0,40.52706,360.77167,29.913235,355.68042,27.222532,363.319,30.65352,358.2381
26.8505,26.8505,361.0,361.0,43.12727,361.18616,24.752571,358.80432,25.607317,363.83203,29.64542,357.95447
28.2264,28.2264,363.0,363.0,42.060383,360.5255,24.686834,357.5124,27.328915,363.55325,27.924448,358.30353
28.1039,28.1039,359.0,359.0,39.476994,359.70724,26.279537,356.24063,28.570005,362.29266,29.378574,357.21164
30.0394,30.0394,359.0,359.0,35.886486,358.73056,29.341927,355.24316,29.484873,362.0375,32.181015,356.97543
31.4359,31.4359,359.0,359.0,36.171745,359.0446,34.217834,356.19098,30.339252,359.87857,30.891056,355.83685
34.685,34.685,358.0,358.0,32.293766,358.1776,41.07917,355.22925,32.613255,358.14398,33.243126,354.81824
38.6494,38.6494,355.0,355.0,33.492157,358.87775,47.55257,355.31302,37.469925,354.864,35.47559,352.32196
39.3224,,358.0,358.0,34.881878,359.49377,49.652466,355.22388,39.37592,353.22107,35.714127,351.87222
40.0159,,356.0,356.0,36.462254,360.1172,49.71046,355.24512,41.471214,352.13528,36.032223,351.3675
37.6934,,359.0,359.0,38.42314,360.66122,47.79572,355.52164,42.694443,352.67148,35.949253,352.79068
43.3011,43.3011,356.0,356.0,41.82038,361.35495,47.134975,357.4928,43.918907,352.4536,38.12337,353.12897
43.6041,43.6041,355.0,355.0,40.88828,361.1207,46.550465,356.9906,44.19044,352.07764,37.68564,353.25797
43.3827,,354.0,354.0,41.87345,361.54025,44.818665,357.43994,41.63017,352.08167,38.75334,353.32397
41.6562,41.6562,354.0,354.0,44.093983,362.0325,46.5117,358.9369,39.31397,352.4128,41.756104,353.20352
41.7939,41.7939,354.0,354.0,43.012417,361.81808,45.962494,358.50726,40.387653,352.53244,41.92985,353.14276
38.3029,,355.0,355.0,42.99276,361.97104,45.23235,358.4813,41.332516,353.29068,42.971954,353.53888
40.5555,40.5555,352.0,352.0,44.27042,362.31226,46.08933,359.32913,41.75812,353.08798,44.49728,352.7829
43.0262,43.0262,352.0,352.0,43.744106,362.2225,46.572777,359.22113,42.537605,352.91614,44.464294,352.13562
43.0503,,351.0,351.0,41.125805,361.98944,44.249325,358.6975,42.15931,352.6654,43.66068,351.43927
44.672,44.672,348.0,348.0,42.286903,362.30746,45.50704,359.18445,43.10099,351.55377,44.698742,349.95602
42.2921,42.2921,350.0,350.0,42.56647,362.47266,45.42877,359.3306,43.742317,351.21722,45.40457,349.19257
50.0469,50.0469,349.0,349.0,44.85515,362.80145,47.687862,360.0027,45.29521,350.47833,46.82307,348.36896
50.7096,,341.0,341.0,43.14163,362.89752,46.132465,359.93063,45.418205,348.6636,46.98233,346.95685
47.4025,47.4025,345.0,345.0,44.885643,363.15826,47.789814,360.51852,46.562065,347.59125,48.02766,345.77545
53.792,,342.0,342.0,43.34445,363.17334,46.67048,360.4833,46.531933,346.49564,47.932323,345.06918
62.4641,,344.0,344.0,42.075302,363.14255,45.24752,360.33786,46.408524,346.02747,47.56677,344.79123
66.855,66.855,344.0,344.0,49.065994,363.718,53.01258,362.01688,49.884407,345.21118,50.940342,344.08075
64.3368,64.3368,345.0,345.0,53.11461,364.10663,57.550346,363.0123,52.69617,344.9162,53.76178,343.8742
66.3035,,349.0,349.0,50.3958,363.79422,55.955177,362.42444,53.03747,346.35275,53.45573,344.875
62.955,,350.0,350.0,48.391327,363.55075,54.234737,361.8993,53.12636,348.0586,52.46455,346.14426
66.0879,,352.0,352.0,45.75934,363.23392,52.40659,361.44418,52.93704,350.52142,51.215515,347.8006
61.2025,,356.0,356.0,43.07487,362.92526,49.78232,361.0394,52.343407,354.506,50.127136,350.22238
53.8299,53.8299,364.0,364.0,47.12316,363.10126,53.717102,361.88004,53.56148,361.10678,51.739643,354.03226
49.0799,49.0799,365.0,365.0,48.0132,363.0667,55.402454,362.17383,53.437138,366.48178,51.893612,360.2175
43.6368,,365.0,365.0,45.266838,362.7917,52.74426,361.68497,51.00148,370.12186,49.653778,367.45367
38.7048,38.7048,364.0,364.0,44.193317,362.78284,50.766403,361.53452,48.087433,371.66333,47.18828,371.75653
38.608,,366.0,366.0,42.582977,362.68686,47.413837,361.25433,43.746048,372.9074,44.179146,374.58148
36.0822,36.0822,370.0,370.0,41.03461,362.5143,42.318687,360.89417,37.423576,374.19098,40.699986,376.48584
34.7749,34.7749,370.0,370.0,40.635345,362.54596,37.87313,360.82053,31.435123,374.51746,37.760807,377.12256
33.5762,33.5762,372.0,372.0,39.348736,362.41205,30.461523,360.57065,24.741013,375.03314,33.89961,377.8707
28.1551,28.1551,375.0,375.0,37.271114,362.21426,20.77211,360.18237,18.350883,375.34518,28.996857,378.27258
28.6856,28.6856,376.0,376.0,34.84743,361.93115,13.57424,359.668,13.855366,375.52917,22.42129,378.44186
23.3469,,375.0,375.0,38.322983,362.25012,12.472555,360.18216,12.489166,375.7432,21.609104,378.3749
18.8605,18.8605,380.0,380.0,34.11446,361.8007,9.27006,359.50208,10.3490715,376.69016,15.592804,378.84885
14.0017,14.0017,382.0,382.0,30.952394,361.54315,8.222992,359.34366,9.2728195,378.09286,11.879055,379.65152
12.9755,,386.0,386.0,37.7024,361.85538,8.393574,359.96307,8.568623,379.88345,11.311268,380.6103
11.1112,,386.0,386.0,38.936764,361.451,8.938934,359.9667,8.056862,381.41376,10.957119,382.33456
9.151409999999998,9.151409999999998,386.0,386.0,30.75462,360.35693,7.235569,358.20462,7.3305283,382.5668,8.957436,384.06772
7.64593,7.64593,384.0,384.0,25.562372,360.0573,6.9407406,358.11948,6.6357384,382.99402,7.7631645,384.32468
7.65917,7.65917,387.0,387.0,21.887657,359.77692,6.929016,358.13098,6.0935802,383.84616,7.21241,384.58917
8.092570000000002,8.092570000000002,386.0,386.0,19.793371,359.66705,7.005642,358.2954,5.729063,384.28525,6.868515,384.8461
5.982240000000001,5.982240000000001,388.0,388.0,18.186113,359.5012,7.125393,358.40338,5.5078773,384.84155,6.603483,385.06494
8.30791,8.30791,390.0,390.0,16.515533,358.95758,7.06971,358.34018,5.2636185,385.24124,6.316345,385.8148
8.538899999999998,,,,22.886915,360.27896,9.843967,359.74036,6.415943,378.24445,6.2492867,385.6182
4.77328,4.77328,389.0,389.0,20.404644,359.64667,8.487661,358.8958,5.90378,380.67456,5.8228226,386.29797
4.187910000000002,4.187910000000002,,,16.586853,360.0271,7.443468,358.9694,6.8310165,371.62506,5.618189,384.23212
2.5624600000000015,,,,25.303726,360.8946,14.300064,359.8953,9.2413025,361.98758,6.3774796,380.68875
5.97682,5.97682,,,22.531254,360.79117,9.721466,359.0432,10.3789425,356.08698,6.6863804,373.9648
5.9893,5.9893,381.0,381.0,19.58361,359.9541,7.13558,358.01886,8.704512,362.1192,5.723076,379.80917
7.67962,7.67962,371.0,371.0,17.852264,359.6644,6.5862255,357.4844,8.630161,363.03836,5.5103893,379.2572
7.22101,,368.0,368.0,28.445196,360.2193,11.55831,358.10492,12.025167,361.89578,6.662874,376.7354
10.0565,10.0565,368.0,368.0,27.934336,359.98077,9.100586,357.36285,12.221619,362.63196,6.806612,373.96017
16.3751,,363.0,363.0,34.151325,359.97995,16.894608,356.81992,19.132593,361.58328,10.070433,368.11517
18.3896,18.3896,361.0,361.0,35.146603,360.00085,13.971249,356.52704,19.96003,360.85825,13.078028,362.34555
24.8306,24.8306,360.0,360.0,37.319923,360.12967,14.171276,358.34024,20.597727,360.54974,18.388237,357.28638
25.2392,,360.0,360.0,38.639824,359.5467,26.534378,357.35052,29.042439,359.32953,26.192312,354.59784
35.0232,35.0232,355.0,355.0,37.202038,358.7768,38.695614,356.12256,36.037727,357.3535,34.628723,351.98865
38.5715,38.5715,351.0,351.0,38.48947,359.2129,47.032543,356.12405,42.307774,354.5385,41.263054,348.82382
44.4905,,349.0,349.0,39.242767,359.6196,50.702763,355.95,45.412968,352.23483,44.03754,346.753
46.794,46.794,343.0,343.0,41.783245,360.24484,55.115593,356.28067,49.063698,347.9855,47.202583,344.05435
46.4549,,343.0,343.0,42.005096,360.51675,55.370552,355.8804,50.117756,344.87735,47.9091,342.33856
49.5799,49.5799,337.0,337.0,44.965,361.1275,56.22238,356.69824,52.93125,341.3621,51.176342,339.6519
56.8227,56.8227,331.0,331.0,49.19527,361.77264,58.353184,358.52606,56.10103,338.42154,55.85024,336.07104
56.6258,56.6258,330.0,330.0,49.004467,361.3508,58.93079,358.44565,60.102562,337.98895,56.63873,335.3992
75.6732,75.6732,331.0,331.0,56.78647,362.41187,64.64179,360.29224,65.406235,336.63,61.16322,334.1551
85.9565,85.9565,327.0,327.0,66.47809,363.47287,72.70521,361.8925,69.87338,336.04785,70.873955,333.81854
88.4416,,329.0,329.0,59.729343,362.35565,70.43139,361.19464,70.12771,335.7258,66.32662,334.00702
85.5874,85.5874,329.0,329.0,68.48391,363.34067,77.04937,362.34933,75.79035,335.36572,74.64837,334.09534
84.3318,,330.0,330.0,63.13389,362.99194,75.26184,362.00977,75.34166,334.96902,73.725876,334.42963
86.092,86.092,332.0,332.0,71.83399,363.9317,81.7455,363.0313,80.58215,334.61517,81.743095,334.42575
85.9642,85.9642,332.0,332.0,75.51799,364.12167,83.268234,363.3788,81.67795,334.8722,84.06267,334.81705
88.7469,88.7469,332.0,332.0,79.992516,364.69653,85.237236,363.62732,83.499504,335.01025,86.297455,335.08936
87.5201,87.5201,336.0,336.0,81.72676,364.77457,84.9485,364.11224,83.27365,336.04556,85.82877,335.59973
85.4096,85.4096,341.0,341.0,82.73884,365.03226,84.89363,364.63495,83.13195,338.64276,85.197365,336.34137
85.4347,,346.0,346.0,72.02183,364.31137,79.260574,364.659,80.99276,345.4294,81.90083,338.0506
82.0708,82.0708,353.0,353.0,75.699684,364.7015,79.45928,365.4445,80.476135,352.86813,81.33696,340.6043
81.7131,81.7131,355.0,355.0,76.068,365.02234,80.126495,365.99594,78.356476,358.93454,80.65812,344.3659
62.9561,62.9561,355.0,355.0,70.43232,364.97113,77.79385,365.93936,73.13829,362.88696,78.158585,351.1695
51.7903,51.7903,358.0,358.0,61.188057,364.90857,73.1647,365.59595,63.031338,365.4239,73.48777,360.54358
45.2314,,362.0,362.0,44.387947,364.5695,64.45451,364.8062,45.68242,367.72736,64.8965,367.11948
39.0256,39.0256,367.0,367.0,35.036446,364.7294,50.923668,364.53094,35.158665,368.87094,54.906708,370.11533
41.7458,41.7458,367.0,367.0,30.095417,364.9745,41.005222,364.89536,29.598553,369.49442,45.303814,371.6903
38.3636,,370.0,370.0,25.292046,365.0488,33.088875,365.27118,24.930054,370.20877,35.85843,373.0422
28.4309,,369.0,369.0,25.109692,365.2815,29.4115,365.60062,21.148064,370.07925,28.728575,373.93222
28.5394,28.5394,372.0,372.0,18.558449,364.96915,22.324842,365.31454,16.821247,369.94843,21.623728,374.9163
24.3017,24.3017,375.0,375.0,12.049072,364.35516,13.083353,364.43198,12.973656,370.99655,14.114346,376.17737
18.1649,18.1649,379.0,379.0,15.38073,364.68176,10.472433,364.3564,10.62426,372.05566,11.967123,376.98914
21.3095,,380.0,380.0,16.690784,364.56696,8.578205,364.0339,9.14286,373.31387,9.198368,377.77954
14.6872,14.6872,379.0,379.0,29.185127,364.90625,8.166677,364.03293,8.005344,374.4429,8.229099,378.12708
10.141100000000002,10.141100000000002,383.0,383.0,23.9802,364.3588,7.576887,363.5354,7.081091,376.22702,6.994364,378.501
7.4900400000000005,7.4900400000000005,384.0,384.0,19.650164,363.74518,7.260832,363.06277,6.250128,378.1979,6.4971085,378.8492
8.70608,8.70608,388.0,388.0,15.989714,362.91574,7.0740414,362.53146,5.5108337,380.69748,6.338829,379.7983
5.922779999999996,5.922779999999996,388.0,388.0,12.994015,361.9868,6.9226,361.88797,4.9237366,382.32034,6.2208633,381.01053
5.305630000000001,5.305630000000001,388.0,388.0,10.947582,361.0512,6.795149,361.03018,4.5559998,383.35455,6.149332,382.53586
5.048909999999996,,387.0,387.0,23.856432,362.19336,8.026384,361.9085,4.581352,384.11383,6.368614,383.44424
5.8339199999999956,5.8339199999999956,385.0,385.0,21.186554,361.25146,7.5486546,360.92548,4.6750526,384.12408,6.2295723,384.2294
3.75685,3.75685,380.0,380.0,17.242464,360.28775,6.9124603,359.65424,5.037916,383.30423,6.1949253,384.6913
3.293219999999998,,380.0,380.0,25.141493,360.52087,8.258717,360.24966,5.377676,382.19797,6.346508,385.11398
3.676499999999997,3.676499999999997,380.0,380.0,22.333223,359.98285,7.68585,359.44824,5.614273,380.58215,5.943596,384.57034
5.893370000000001,5.893370000000001,380.0,380.0,20.493475,359.75095,7.0462837,359.31604,5.6153984,379.4246,5.7555466,383.53192
8.70364,8.70364,375.0,375.0,20.044468,359.67886,6.9278107,359.26752,5.886902,376.43433,5.6721096,381.8015
7.759080000000001,7.759080000000001,374.0,374.0,18.809086,359.3992,6.7846413,358.66083,6.284231,373.59854,5.667593,379.53177
6.90635,6.90635,372.0,372.0,17.226175,359.13916,6.586916,358.04694,6.6450806,370.89426,5.8430843,376.5542
9.60127,9.60127,367.0,367.0,15.8955,358.90656,6.485655,357.25128,7.1568146,367.4401,6.495678,372.29254
9.56036,9.56036,365.0,365.0,14.958057,358.77966,6.594,356.67773,7.884512,364.6258,7.5871334,367.6698
12.560200000000002,12.560200000000002,358.0,358.0,14.961006,358.8425,7.0733795,356.43137,9.482294,360.3356,10.077782,361.2205
18.4443,18.4443,357.0,357.0,17.853695,359.03577,8.662081,357.08572,12.689245,357.05432,14.668049,355.49207
23.8298,,358.0,358.0,26.379423,358.5926,19.495258,356.25897,21.895676,355.15826,26.49219,352.5893
30.0567,30.0567,355.0,355.0,32.604168,358.87158,29.671417,355.96017,30.892744,354.24756,34.484943,349.89752
33.7642,33.7642,349.0,349.0,36.84728,359.31693,39.13684,355.944,39.059643,351.98004,39.64185,346.26608
40.3627,,348.0,348.0,40.32023,359.81268,46.44489,355.9742,44.51695,350.26688,42.269283,343.5154
43.5261,43.5261,343.0,343.0,43.806038,360.32208,52.24066,356.15274,48.514355,347.1225,44.48807,340.6268
41.5846,41.5846,340.0,340.0,46.21091,360.76843,54.352207,356.37686,50.989647,344.14996,46.805065,338.23788
45.0355,45.0355,335.0,335.0,48.80355,361.16855,54.63053,357.91687,52.4277,341.24478,50.127323,336.20554
47.9079,47.9079,337.0,337.0,46.491188,360.1975,55.23302,357.06577,54.79133,339.74335,49.805584,335.93326
56.0554,56.0554,335.0,335.0,49.621887,360.66687,56.311424,358.0631,56.424316,338.96173,52.779354,335.7147
66.5082,66.5082,328.0,328.0,55.324745,361.41428,60.375153,360.40985,56.663143,338.20267,59.259052,335.14093
75.1184,75.1184,329.0,329.0,56.663933,361.05807,64.51226,360.85922,62.650864,337.2147,61.77128,334.7903
78.5039,,325.0,325.0,53.11957,360.84375,62.487877,360.2905,61.50321,336.29507,61.108955,334.27927
81.6268,81.6268,327.0,327.0,60.92252,361.83945,70.01346,361.85953,67.61904,335.34988,68.09189,333.89075
87.1217,87.1217,328.0,328.0,68.78575,362.7416,76.51944,362.57895,73.76005,334.70544,74.4927,333.75235
88.2181,88.2181,325.0,325.0,75.3901,363.44107,79.89634,362.79993,77.321465,334.05756,79.18078,333.70126
87.7435,87.7435,328.0,328.0,80.15399,363.98666,81.59757,363.0375,79.305305,333.6942,81.41583,333.98462
85.4253,85.4253,327.0,327.0,82.80326,364.31363,82.41652,363.3493,80.504295,333.493,82.04667,334.43958
88.8455,88.8455,330.0,330.0,85.15571,364.6847,83.80867,363.79593,82.19526,333.47327,82.5685,334.95868
83.8371,83.8371,333.0,333.0,85.53397,364.88132,84.19125,364.15152,82.83328,334.10077,82.92099,335.13718
88.3107,,334.0,334.0,74.84634,364.18564,80.11593,364.1604,81.70298,336.0714,80.661514,335.6023
87.8586,87.8586,339.0,339.0,79.54678,364.6852,82.28829,365.19928,83.41673,338.11832,81.73534,336.16528
84.5076,84.5076,344.0,344.0,79.770645,365.04166,82.899376,365.76917,82.68771,342.62405,81.4641,337.34268
85.2318,85.2318,,,79.65094,365.30835,81.64954,366.07767,80.9574,352.06683,80.85021,341.27753
72.5835,72.5835,353.0,353.0,75.803,365.4091,79.09263,366.1399,76.71129,358.22983,79.383766,346.3194
56.971,56.971,,,66.9759,365.25983,75.39907,365.82288,69.2684,362.61737,75.967865,356.00595
48.9942,48.9942,361.0,361.0,55.31599,365.22876,70.43739,365.38904,55.47486,365.9438,69.65298,363.52905
46.3316,46.3316,,,44.6259,365.41333,63.920406,365.21616,43.18518,368.02795,61.427658,367.30362
42.975,42.975,364.0,364.0,36.922985,365.60944,55.304512,365.26367,34.910435,369.0379,51.557873,369.72952
39.115,39.115,364.0,364.0,31.061184,365.75497,45.73857,365.46213,29.206615,369.1289,40.69115,371.29633
40.169,,368.0,368.0,26.26838,365.7324,36.44931,365.53424,24.205326,369.56107,30.987265,372.60648
35.0338,35.0338,369.0,369.0,22.199495,365.638,26.777143,365.396,19.55478,369.47675,22.959696,373.56448
32.9131,,374.0,374.0,38.923782,365.99695,24.001934,365.53165,16.782587,369.6616,20.714077,374.30038
24.6894,24.6894,375.0,375.0,35.953648,365.7196,17.498446,365.07904,13.771446,369.68793,16.505999,375.23123
16.8838,,376.0,376.0,40.313217,365.6374,14.465427,364.9319,12.047419,369.6479,14.426418,375.9343
19.4071,19.4071,381.0,381.0,32.64191,365.10724,11.0255165,364.2433,10.3746605,371.52344,11.628593,377.12964
20.1759,20.1759,384.0,384.0,27.592857,364.61298,9.35668,363.72504,9.114378,373.91666,9.318136,378.3169
13.029600000000002,13.029600000000002,384.0,384.0,21.508009,364.03506,8.417358,363.18982,7.9858627,376.7635,7.6717815,379.34644
5.2426400000000015,5.2426400000000015,384.0,384.0,14.198561,363.18628,7.592848,362.36615,6.867325,379.1222,6.624523,379.92368
6.28932,6.28932,384.0,384.0,11.404747,362.50793,7.2626495,361.41315,6.1660748,380.76926,6.1994305,380.28397
4.311550000000004,4.311550000000004,384.0,384.0,16.715366,362.93372,7.2455463,361.46484,5.5050697,382.06863,6.2573223,380.4421
5.319369999999996,5.319369999999996,383.0,383.0,14.700619,362.21344,7.1046677,360.92303,5.143898,382.56964,6.2662983,381.13382
7.559350000000002,7.559350000000002,380.0,380.0,13.848429,361.6062,7.066324,360.43713,5.1123104,382.24982,6.36014,381.55573
6.47832,6.47832,379.0,379.0,12.036907,360.79486,6.8377686,359.5422,5.363453,381.0776,6.482397,381.447
5.16084,,378.0,378.0,18.595661,360.9765,7.227854,359.81018,5.5646877,379.9971,7.0691185,382.33432
6.550090000000004,,377.0,377.0,29.083057,361.35574,10.169865,360.5079,5.927923,378.08807,7.7205276,382.54117
6.495899999999995,,375.0,375.0,37.881187,361.69717,19.86675,361.0893,7.178421,375.48526,8.362251,382.17123
9.108159999999998,9.108159999999998,373.0,373.0,35.13098,361.21317,12.484083,359.99564,7.922409,373.20224,7.6208,380.66904
8.086939999999998,8.086939999999998,368.0,368.0,31.809568,360.81348,8.697857,359.334,8.354586,369.21716,7.2560825,377.74915
8.843879999999999,8.843879999999999,359.0,359.0,29.035341,360.6436,7.4357452,359.17142,9.191578,362.92096,7.787485,371.7633
11.1466,11.1466,353.0,353.0,26.631964,360.5049,6.99485,359.12958,10.594366,356.32385,9.492392,361.6781
13.258499999999998,13.258499999999998,351.0,351.0,24.514853,360.2584,6.9706764,358.9424,12.640207,351.90848,12.857582,351.59015
24.4532,24.4532,350.0,350.0,26.0812,359.96353,8.399401,358.4564,17.043932,348.6328,21.431973,344.7658
32.6658,32.6658,348.0,348.0,31.996758,360.0603,15.513752,358.95288,27.003944,346.27127,34.46727,340.07553
41.9615,41.9615,344.0,344.0,35.23147,359.71,34.27863,358.1816,41.41103,344.26453,42.8262,337.67432
40.7934,,343.0,343.0,36.864056,359.71942,43.89002,357.7305,47.395786,342.34213,44.81494,335.93588
41.7862,41.7862,340.0,340.0,37.758293,359.66336,51.509384,357.09677,51.169525,340.27786,45.979244,334.92096
45.8692,45.8692,335.0,335.0,39.595467,359.98538,56.296665,356.84518,54.780533,338.29053,47.66866,334.23218
51.0831,,337.0,337.0,40.170746,360.36972,56.219543,356.4499,55.18169,337.5258,47.79794,334.18085
55.4339,55.4339,333.0,333.0,44.450413,361.10736,58.155167,357.2639,58.227875,336.8752,50.514687,334.43637
66.5254,66.5254,333.0,333.0,51.422752,362.13647,61.875645,358.90897,62.30328,336.62576,55.18229,334.75195
68.8061,68.8061,329.0,329.0,58.09504,362.94284,66.084114,360.29214,65.20519,336.16354,60.617706,334.65378
77.5853,77.5853,333.0,333.0,65.927315,363.64642,70.93983,361.36432,67.85796,336.319,67.883125,334.7741
79.969,,334.0,334.0,63.292152,363.23856,67.78014,361.50275,64.36183,337.00583,67.71441,335.67554
83.0854,83.0854,331.0,331.0,70.14338,363.31085,74.5453,362.22134,70.78207,336.61813,74.0535,335.13892
84.8113,84.8113,333.0,333.0,73.96711,363.2618,78.429245,362.4857,74.55905,336.49945,77.13826,335.10504
82.9273,82.9273,332.0,332.0,74.847565,363.0746,78.91659,362.64154,75.22607,336.4702,76.64017,335.63013
82.4806,82.4806,335.0,335.0,77.8516,363.46466,79.60532,362.89847,75.864914,336.73148,76.17079,336.75214
82.6889,82.6889,330.0,330.0,80.17943,363.84167,80.36147,363.29126,76.901054,336.50067,75.81836,337.9518
79.7887,79.7887,334.0,334.0,80.95075,364.14743,80.556625,363.65247,77.57195,336.78223,75.38405,338.5191
83.8588,83.8588,332.0,332.0,82.07582,364.52643,81.266304,364.1896,78.73665,337.118,76.6366,338.40042
83.1815,83.1815,333.0,333.0,82.31365,364.88745,81.158516,364.78528,78.95448,337.78323,77.45742,337.97394
83.3555,83.3555,336.0,336.0,81.92566,365.16336,79.3559,365.37558,78.180595,339.24152,77.58516,337.86655
80.5328,,337.0,337.0,66.76235,364.5323,74.3169,365.0275,76.4807,341.7426,76.322525,338.97626
76.3783,76.3783,336.0,336.0,68.74637,365.01205,74.28211,365.62967,76.90135,342.64462,77.26778,338.93604
80.0801,80.0801,338.0,338.0,69.012665,365.60962,75.33592,366.2957,76.889824,343.7671,78.052055,339.21182
82.2713,82.2713,352.0,352.0,69.82834,366.11124,75.76683,366.65958,76.15386,348.77866,78.21779,341.7087
79.9149,79.9149,355.0,355.0,69.333916,366.46875,75.35555,366.84525,74.47723,354.79126,78.18469,345.7085
79.6648,79.6648,360.0,360.0,69.368164,366.88596,73.68482,366.86826,71.62547,359.47083,77.740654,352.3756
60.62,60.62,359.0,359.0,65.68015,366.80374,71.35385,366.5248,66.8184,362.9007,74.86787,359.23508
42.5761,42.5761,358.0,358.0,57.476994,366.47974,67.902245,365.82288,57.313267,365.10498,68.8721,364.64612
38.0737,,363.0,363.0,47.156925,366.17538,61.975834,365.1635,44.420784,367.6221,61.152996,368.35474
34.1679,34.1679,362.0,362.0,34.723907,365.87158,45.249264,364.76248,32.92931,369.21973,49.84569,370.9881
35.0224,,369.0,369.0,42.13483,366.1458,36.33971,364.8165,27.450407,369.88544,42.770588,371.95078
35.7001,,374.0,374.0,37.54817,365.8666,27.86402,364.75308,22.112644,371.53238,35.23741,373.5043
31.5163,,376.0,376.0,34.37886,365.6144,22.095448,364.6984,17.744385,372.64517,28.7697,374.87534
31.6458,31.6458,378.0,378.0,30.952545,365.33377,16.813477,364.47525,14.212114,373.74835,23.049809,376.3433
12.807499999999997,12.807499999999997,377.0,377.0,20.7992,364.848,11.158386,363.79422,11.09766,373.8474,15.322561,377.4108
10.064999999999998,10.064999999999998,376.0,376.0,14.622124,364.46213,8.670839,363.4079,9.064255,374.35828,10.2551365,378.14606
11.2595,11.2595,377.0,377.0,12.081953,364.17224,7.55678,363.1926,7.713213,374.29022,7.7195225,377.83142
9.01115,9.01115,379.0,379.0,9.659624,363.66086,6.8893394,362.83362,6.699024,375.10776,6.5100956,377.50952
8.49764,8.49764,381.0,381.0,8.269295,363.0877,6.52899,362.38226,5.8875294,376.2938,5.9968605,377.33328
10.0429,10.0429,380.0,380.0,7.5349197,362.5903,6.4048424,361.75415,5.3696003,376.75452,5.769306,376.9753
6.413070000000001,6.413070000000001,381.0,381.0,11.636625,363.17288,6.422352,362.03915,4.9158916,377.65765,6.082201,376.64963
4.586219999999997,,380.0,380.0,22.65106,363.58875,6.4287853,362.87,4.8568897,378.41635,6.5279922,377.6903
4.000819999999997,4.000819999999997,381.0,381.0,21.086502,362.8523,6.542984,362.23798,4.589241,379.0068,6.6172276,378.31924
4.24897,4.24897,380.0,380.0,18.574251,362.04492,6.484871,361.73126,4.469452,378.7325,6.471752,378.2583
4.218800000000002,,382.0,382.0,28.226505,361.89832,8.822226,362.1039,5.1771526,379.0531,6.917782,379.41656
7.537279999999999,,380.0,380.0,35.486668,361.49606,13.972961,361.48212,6.3074512,378.66156,7.608404,380.80038
7.8092299999999994,7.8092299999999994,372.0,372.0,31.78069,360.82373,9.79504,360.0626,6.875889,375.6621,6.9477253,380.1889
8.58754,8.58754,372.0,372.0,28.872818,360.42807,7.9237614,359.4776,6.9628525,373.34222,6.559593,378.7227
7.632080000000002,7.632080000000002,367.0,367.0,26.435673,360.21494,7.109747,359.3393,7.1633263,369.8067,6.5173607,376.04523
8.507289999999998,,364.0,364.0,35.251015,360.68488,12.81184,360.3171,9.030746,365.85294,8.536985,373.04556
9.117519999999999,9.117519999999999,359.0,359.0,32.471905,360.2549,9.314417,359.30505,9.630568,361.22324,8.887022,367.9157
10.153199999999998,,358.0,358.0,36.550964,360.1263,16.401611,359.18448,12.752407,356.70273,14.690683,361.9043
16.91,16.91,358.0,358.0,32.98466,359.30502,11.874563,357.4537,13.221523,354.23886,16.309992,357.54297
28.6902,28.6902,353.0,353.0,31.253813,358.7642,14.66519,356.4382,16.271587,350.80182,23.75696,351.7413
38.6932,38.6932,349.0,349.0,34.13166,359.2273,32.42697,356.4807,27.949148,347.46924,35.551125,345.8213
38.8939,38.8939,352.0,352.0,36.729527,359.68115,44.44438,356.46765,38.605446,346.4108,41.41275,342.99503
37.3163,37.3163,347.0,347.0,37.951702,360.03326,49.906258,356.20966,44.9258,344.9268,43.255024,340.65207
41.6179,,,,39.05618,360.20795,52.908855,355.76523,47.14388,346.63513,43.47091,341.7614
44.9183,,345.0,345.0,39.97745,360.62247,53.899185,355.6324,48.669437,345.1685,43.8411,340.61914
49.6457,49.6457,,,43.43291,361.0383,56.905506,355.94525,50.316906,347.6523,45.1528,342.884
46.2137,,344.0,344.0,44.315502,361.4315,54.710625,356.72025,48.363087,346.85858,45.786854,342.74567
47.2566,47.2566,,,43.284924,360.8437,54.637516,356.23044,48.802727,350.0708,44.998962,345.57278
50.4541,50.4541,339.0,339.0,46.62576,361.65298,54.693375,357.6312,49.760166,348.07773,48.631104,344.44067
54.8591,54.8591,341.0,341.0,50.564644,362.37738,58.209637,359.9293,47.64562,347.09497,53.17765,343.21344
53.2036,53.2036,341.0,341.0,50.353573,362.05893,58.04981,359.62656,50.22242,345.9378,53.929646,341.84113
61.3979,61.3979,339.0,339.0,50.969593,361.90112,58.814808,359.986,53.277927,344.75732,54.708267,340.71265
60.9057,60.9057,336.0,336.0,54.15891,362.51364,60.226032,360.5324,55.258022,343.52502,56.564953,339.7502
59.223,59.223,337.0,337.0,56.387177,362.9742,60.554626,360.8317,56.567177,342.53326,57.11706,339.47855
62.1842,,337.0,337.0,53.03972,362.91437,57.35795,360.3587,55.435623,341.69812,55.065037,339.771
61.8889,,337.0,337.0,46.228848,362.3675,52.325966,359.5455,55.140507,341.4216,51.938507,340.7568
68.441,68.441,340.0,340.0,53.42248,363.28488,60.195988,361.88297,58.72085,340.65408,54.15428,341.0281
68.2734,68.2734,340.0,340.0,56.117596,363.562,64.2251,362.808,61.217052,340.69638,55.590485,341.8093
58.3707,58.3707,340.0,340.0,56.867832,363.9181,64.1636,363.36417,62.23081,340.9744,55.756577,342.35675
62.3017,62.3017,346.0,346.0,58.197636,364.14346,63.59209,363.69415,63.013935,342.94046,56.646786,343.0867
60.307,,356.0,356.0,51.767273,363.5809,60.69135,362.78543,62.524757,349.65866,55.963093,345.7955
58.7937,58.7937,355.0,355.0,53.05612,363.70898,61.125275,363.0404,62.584305,356.22772,56.674324,348.1795
52.4387,52.4387,361.0,361.0,52.012215,363.7072,60.774418,363.07114,61.846607,363.8807,57.517094,352.59546
40.9497,,358.0,358.0,46.162495,363.53625,57.73584,362.56842,58.662388,367.23636,55.410095,358.90906
32.0501,32.0501,362.0,362.0,40.241837,363.39078,52.28371,361.97287,53.641434,370.40128,53.339474,365.88367
34.1581,34.1581,360.0,360.0,34.46569,363.25034,43.111874,361.4719,43.077404,370.8454,48.52275,370.05612
35.1873,35.1873,367.0,367.0,34.502907,363.39545,35.798454,361.42606,34.01527,372.23053,45.055607,373.35587
36.5769,,370.0,370.0,35.038357,363.42715,28.73738,361.44775,24.438166,371.5726,40.413742,374.10284
29.6849,,368.0,368.0,35.96377,363.52435,23.257774,361.60123,19.749908,371.88925,35.952267,375.01697
24.8681,24.8681,367.0,367.0,31.31088,363.33286,14.351435,361.25528,15.071903,371.14365,28.212795,375.24768
14.411099999999998,14.411099999999998,368.0,368.0,24.053759,363.02078,9.803368,360.8636,11.768133,370.05753,18.580141,374.73117
14.049900000000001,14.049900000000001,372.0,372.0,17.476875,362.52188,7.870098,360.60522,9.598543,369.83655,11.707096,374.1523
16.6838,16.6838,373.0,373.0,14.325693,362.16864,6.931637,360.38727,8.053413,370.18954,8.677364,373.54297
16.138,16.138,377.0,377.0,12.6854515,361.81793,6.499527,359.8599,7.004776,371.2297,7.37722,373.39145
9.664439999999999,9.664439999999999,375.0,375.0,13.737972,361.99872,6.5410824,359.93628,6.6015625,372.005,6.846985,372.80502
10.695700000000002,10.695700000000002,378.0,378.0,17.070042,362.18155,6.686844,359.96777,6.3838997,373.5072,6.732876,372.75815
8.666829999999997,8.666829999999997,379.0,379.0,15.623264,361.62994,6.7572727,359.7659,6.159086,374.78693,6.690878,372.9455
5.381990000000002,5.381990000000002,379.0,379.0,13.410955,360.99274,6.712778,359.48645,5.9725304,376.0306,6.7377625,373.34552
8.026130000000002,8.026130000000002,379.0,379.0,13.15378,360.6629,6.7550335,359.5649,5.8424683,377.06262,6.8983936,374.1038
6.3707899999999995,6.3707899999999995,380.0,380.0,12.054148,360.13132,6.6128025,359.25006,5.7225647,377.90045,7.049185,375.282
6.0329099999999976,,383.0,383.0,22.741558,360.84433,8.339981,360.27176,6.1520443,378.63013,7.501898,376.83868
5.941680000000002,5.941680000000002,382.0,382.0,21.086378,360.17267,7.881836,359.47333,6.332123,378.76755,6.9596977,378.21155
5.792680000000004,5.792680000000004,379.0,379.0,18.399197,359.6302,7.487602,358.54544,6.5648804,377.52667,6.4152756,378.79416
7.66919,,380.0,380.0,27.908703,360.13474,13.031107,359.36594,7.23979,377.19495,6.8987865,379.56778
5.434640000000002,5.434640000000002,381.0,381.0,26.737812,359.81787,9.0159,358.93628,6.80727,377.34625,6.132456,379.89038
5.42408,5.42408,380.0,380.0,23.93121,359.35358,7.289339,358.63257,6.4383717,377.2621,5.6415386,379.85846
4.64752,4.64752,377.0,377.0,21.011608,358.87704,6.7139645,358.29498,6.2942123,375.8959,5.3881226,379.184
6.769630000000003,6.769630000000003,380.0,380.0,18.313366,358.155,6.392727,357.54483,6.118574,375.27066,5.3522034,378.58228
6.576250000000002,6.576250000000002,379.0,379.0,15.738457,357.35205,6.1244354,356.50842,5.813137,374.8055,5.516165,378.03262
5.8265899999999995,5.8265899999999995,379.0,379.0,13.771458,356.88818,6.0279675,355.73798,5.520685,374.8251,5.7201004,377.37717
3.041550000000001,3.041550000000001,379.0,379.0,11.882683,356.77637,5.9883957,355.6244,5.654747,375.21588,5.7142715,376.92377
5.719000000000001,,378.0,378.0,19.701769,357.23538,9.885651,356.136,6.798805,374.65216,7.47484,376.13107
6.524850000000004,6.524850000000004,380.0,380.0,19.978552,357.07837,8.681395,355.508,6.6617813,375.46002,7.100462,376.42343
6.425340000000002,6.425340000000002,375.0,375.0,17.473324,356.86374,7.0911846,355.10822,6.136074,374.6127,6.7530823,375.83408
5.672280000000001,,377.0,377.0,25.788054,357.3512,13.688885,355.37915,7.4899597,374.15738,9.260704,374.88892
6.5240100000000005,6.5240100000000005,379.0,379.0,24.747465,357.32272,9.88409,354.8661,6.9064407,374.9831,8.038424,375.28928
6.460360000000001,6.460360000000001,374.0,374.0,21.27408,357.35315,7.2475834,354.74033,6.2448406,374.33386,7.179756,374.76605
5.974139999999995,5.974139999999995,377.0,377.0,18.358095,357.45148,6.5699177,354.6919,6.0035915,374.64178,6.638466,374.36053
6.796800000000001,6.796800000000001,374.0,374.0,16.628746,357.6061,6.3724575,354.7652,6.041237,374.071,6.3435516,373.4968
5.973520000000004,5.973520000000004,376.0,376.0,15.550421,357.74786,6.1452007,355.64236,6.5421505,373.99908,5.896282,372.89737
10.3397,10.3397,378.0,378.0,14.478651,356.6663,6.447361,354.72202,6.019741,374.25745,6.6905823,372.78226
5.534760000000002,5.534760000000002,372.0,372.0,13.455811,356.98926,6.488867,354.90042,6.157551,372.7406,6.4468975,372.14218
7.810549999999999,7.810549999999999,370.0,370.0,13.063639,357.30484,6.602005,356.00378,7.0820312,371.11713,6.30669,370.74167
8.10718,8.10718,362.0,362.0,11.466585,356.50537,6.843647,355.13696,6.7758102,367.19922,7.5344086,368.17975
10.889800000000001,10.889800000000001,358.0,358.0,10.693766,357.023,7.3550606,355.22934,7.439705,362.17447,8.813297,364.58646
14.375999999999998,14.375999999999998,355.0,355.0,11.180042,357.5858,8.253981,355.29773,8.73962,357.16226,11.264938,360.15762
21.3374,21.3374,347.0,347.0,14.239004,358.36176,10.495264,355.5174,12.720144,351.20108,17.36779,352.95807
28.16,28.16,346.0,346.0,21.746786,359.05484,16.637226,355.61722,20.855312,346.56564,26.57996,346.34085
35.1472,35.1472,342.0,342.0,32.254673,359.81503,30.981634,355.78558,34.092625,342.66876,35.66222,340.44534
46.5413,46.5413,341.0,341.0,42.56343,360.69208,47.30532,356.3253,45.256428,339.93738,41.90892,336.23392
59.9887,,335.0,335.0,46.71368,361.26633,49.706127,357.92105,49.81916,337.42804,45.851,333.05252
66.8925,66.8925,334.0,334.0,51.716545,360.87192,59.38824,358.36008,58.841328,335.65994,50.408417,332.97107
68.4303,68.4303,335.0,335.0,59.497147,361.62064,68.12696,360.03372,67.463295,334.79428,57.938133,333.08234
68.6146,68.6146,332.0,332.0,65.93038,362.04492,74.46102,361.79398,72.03406,334.69717,65.590645,333.34518
69.8175,69.8175,334.0,334.0,64.20374,361.06238,76.46397,360.95993,75.07791,334.79883,67.18876,333.80396
72.969,,335.0,335.0,57.829247,360.38678,71.317535,360.11823,73.67255,335.25162,66.881836,334.21725
70.0321,,331.0,331.0,51.574387,359.82718,65.64495,359.32413,71.8417,335.72864,66.12884,334.69952
72.9547,72.9547,336.0,336.0,56.141026,360.53226,71.68148,361.123,75.3837,336.39716,69.98849,335.28528
75.4716,,333.0,333.0,48.526577,360.159,69.22148,360.6381,73.15191,337.173,66.70491,335.9456
73.5135,73.5135,331.0,331.0,53.887733,361.01105,73.88031,361.76508,75.11719,337.05203,69.11304,335.79623
70.9955,70.9955,331.0,331.0,57.12568,361.63977,74.16196,362.0467,74.78909,336.834,68.97532,335.8192
74.9068,,334.0,334.0,48.117645,361.47003,71.05157,361.41412,72.12984,337.46085,64.21649,336.59116
79.6264,79.6264,331.0,331.0,56.538773,362.61096,74.42575,362.71283,74.229034,337.25403,67.09187,337.86404
76.8264,,332.0,332.0,45.524105,362.61383,69.900856,362.08664,72.73484,337.66678,64.48477,338.9541
85.8995,85.8995,335.0,335.0,58.5582,363.97095,74.62041,364.1301,76.01,337.9238,69.46698,338.94113
79.6745,,334.0,334.0,46.76494,363.95312,70.992065,363.94586,74.45444,339.1498,69.221596,339.55133
78.6013,,333.0,333.0,37.52701,364.09695,64.28928,364.00037,73.18551,340.6484,69.691376,339.7166
77.9741,,334.0,334.0,31.82174,364.33453,58.03453,364.1072,71.744606,342.07318,69.2957,340.48996
78.8727,78.8727,,,52.908695,365.2759,68.214134,365.65805,73.76816,349.69305,72.025826,343.06778
86.1884,86.1884,334.0,334.0,60.590225,365.96442,73.71176,366.70142,74.97638,349.51184,75.61716,341.53085
77.5898,77.5898,,,64.58122,366.2473,73.46382,366.7201,73.831276,354.62354,77.32478,344.14783
77.2014,77.2014,,,67.323135,366.14426,72.14506,366.5309,71.343124,359.51245,77.65677,349.13974
84.2035,84.2035,352.0,352.0,70.58322,366.1577,71.40639,366.52698,69.36753,361.31586,77.33942,353.13632
77.3533,77.3533,,,72.06172,365.92578,71.23352,366.39438,66.37699,363.7547,75.665665,358.5885
63.5004,,358.0,358.0,64.41609,364.95224,70.78441,365.50568,53.00225,366.38422,67.9672,365.85187
51.8609,,361.0,361.0,56.798615,364.71408,63.80394,364.8046,40.935917,367.52914,60.281487,369.33948
47.4147,47.4147,364.0,364.0,54.84441,364.863,59.398308,364.82178,35.589264,368.46338,54.06475,371.1864
51.0891,,363.0,363.0,41.29951,364.1842,46.01967,364.74127,27.998335,368.4962,42.207306,372.83957
38.8679,38.8679,367.0,367.0,37.790028,364.38782,40.10762,364.8949,24.25264,368.0482,35.294132,373.59836
35.2894,35.2894,370.0,370.0,26.910694,363.80914,31.488077,364.8964,20.251528,368.5279,27.618986,374.73602
27.1229,27.1229,367.0,367.0,16.684546,363.29187,21.384033,364.68134,16.395006,368.3376,19.298157,375.37134
21.7312,21.7312,370.0,370.0,13.496933,363.54233,15.753176,364.52722,13.467474,367.91602,15.106407,375.21802
19.4912,,375.0,375.0,11.1717205,363.09216,11.567675,364.11874,11.102947,369.67355,11.19783,375.6334
20.506,,374.0,374.0,14.791916,363.8245,11.294994,364.46817,10.202396,371.05267,11.51545,375.6243
13.094099999999997,,376.0,376.0,11.919378,363.2414,6.9721336,362.63913,7.7784653,372.5293,8.242529,375.2018
12.325400000000002,,372.0,372.0,20.159054,364.03354,7.090315,363.4184,7.2175503,373.6475,8.996054,374.49548
11.5516,11.5516,375.0,375.0,24.370695,364.13498,7.150732,362.99835,6.751236,375.52316,8.194351,374.22525
7.810279999999999,,376.0,376.0,44.717144,364.7868,7.4361553,363.63718,7.1950264,376.37076,9.148067,374.54276
11.4742,11.4742,379.0,379.0,39.500465,364.1127,7.4425735,362.94724,6.659952,376.1636,7.9245567,374.31485
9.36062,9.36062,377.0,377.0,32.88028,363.3271,7.0130024,362.52496,6.010315,376.6546,7.658352,375.361
8.199539999999999,8.199539999999999,379.0,379.0,28.676245,362.59396,6.9976597,362.42865,5.6098347,376.23895,7.1536713,375.12888
8.25987,8.25987,376.0,376.0,25.03715,361.8861,7.2797127,362.28625,5.5696774,375.1,6.913355,374.66483
7.667639999999999,7.667639999999999,377.0,377.0,18.825253,360.78546,7.3802795,361.00128,6.0074596,375.4054,7.0305805,375.2005
6.446140000000003,,379.0,379.0,22.940262,360.3696,8.726271,359.5383,6.941578,376.0369,8.043753,377.4259
6.438059999999997,6.438059999999997,382.0,382.0,20.711597,360.07697,8.32546,359.13455,6.926834,376.9201,7.4156437,378.02295
5.590970000000002,5.590970000000002,385.0,385.0,18.051521,359.67023,7.611025,358.83966,6.445034,378.23553,6.881035,378.8914
4.7567299999999975,4.7567299999999975,388.0,388.0,15.240425,359.00058,7.1289787,358.19016,6.0161114,379.43066,6.341549,380.38303
4.084159999999997,,389.0,389.0,22.951374,359.41705,11.661896,358.86118,6.3539143,380.975,6.3831577,382.17438
5.927050000000001,5.927050000000001,389.0,389.0,21.244902,359.00296,8.438166,357.7633,5.8548164,382.04904,5.600958,383.4291
6.192309999999999,6.192309999999999,385.0,385.0,18.834455,358.75867,6.8981285,357.14023,5.415409,382.11176,5.1993427,383.91205
7.467040000000001,,380.0,380.0,27.419106,359.63974,11.949608,358.2217,5.9795933,381.43716,5.4486103,384.01895
6.5641599999999976,,382.0,382.0,36.745018,360.41595,25.42631,360.1115,6.581707,381.84244,5.8431835,384.34943
6.013909999999999,6.013909999999999,385.0,385.0,33.326817,359.64307,10.754883,358.3544,5.96661,381.44254,5.211029,384.44183
4.457149999999999,,380.0,380.0,38.03121,359.68085,17.872158,358.29712,6.552725,379.70523,5.46134,384.13992
4.519359999999999,,383.0,383.0,40.769814,359.34378,29.631008,357.20456,6.9401073,378.7882,6.037878,383.8605
3.5000599999999977,3.5000599999999977,379.0,379.0,35.381794,358.06604,9.655203,355.1764,5.576586,378.11978,5.659897,383.14752
7.495069999999998,,374.0,374.0,37.920815,358.51993,14.763243,356.93903,6.6844597,375.3591,6.2589626,381.63742
6.790109999999995,,369.0,369.0,37.417046,358.08383,30.291428,355.88223,8.086771,370.98468,8.254784,378.7366
6.623600000000003,6.623600000000003,367.0,367.0,32.408096,357.93845,10.291454,355.10114,6.9366875,367.6152,7.490839,375.4507
14.3246,14.3246,366.0,366.0,27.832186,357.94724,7.260578,355.0357,6.6039066,365.04922,7.840227,371.4602
21.213,21.213,366.0,366.0,26.230383,358.2584,7.9278603,355.05536,7.4184265,362.78418,9.188244,367.93494
20.2463,,363.0,363.0,30.1688,359.02658,16.209732,355.45596,12.221291,360.2056,15.481396,363.59155
22.2443,22.2443,360.0,360.0,30.525276,359.51532,15.383081,356.12302,15.187729,358.7537,18.273525,359.4474
31.101,,358.0,358.0,29.150059,359.2244,30.831667,355.45694,23.99793,357.67792,27.742884,356.06073
34.1588,34.1588,354.0,354.0,32.105816,360.02032,40.91602,355.38092,32.631866,356.14832,34.50152,352.10117
34.9872,34.9872,351.0,351.0,35.245937,360.7726,46.813595,355.50076,39.413616,354.0667,39.188755,348.03726
39.7993,,346.0,346.0,38.858517,361.53534,49.856808,356.5766,44.804203,350.38297,42.593533,343.3135
43.1959,43.1959,341.0,341.0,39.034035,361.4917,54.090374,355.86908,48.64397,346.36798,44.37063,340.06836
46.3943,46.3943,341.0,341.0,43.534264,362.2582,55.647865,356.59686,52.04146,343.3082,47.213627,337.73322
51.0732,,343.0,343.0,45.29475,362.62683,52.52461,358.5248,49.5712,342.52408,48.87689,337.71365
58.5334,,338.0,338.0,43.70338,362.26813,51.472958,357.21558,50.059235,341.76813,47.900486,337.47522
50.8379,,336.0,336.0,41.463127,361.86447,48.94599,356.36813,50.766502,340.78763,46.3085,337.1746
66.8357,66.8357,337.0,337.0,49.815197,362.9338,58.97613,360.48624,52.27003,340.3576,53.00327,337.6799
66.7342,,337.0,337.0,47.00113,362.39868,57.92663,359.44427,53.67706,340.19705,50.910526,338.05804
