time[s],Wrist_X,Wrist_Y,Wrist_D,MCP_X,MCP_Y,MCP_D,PIP_X,PIP_Y,PIP_D,DIP_X,DIP_Y,DIP_D,TIP_X,TIP_Y,TIP_D,MCP_RX,MCP_RY,MCP_RZ,PIP_RX,PIP_RY,PIP_RZ,DIP_RX,DIP_RY,DIP_RZ,TIP_RX,TIP_RY,TIP_RZ,MCP_Distance,PIP_Distance,DIP_Distance,TIP_Distance
0.05033537605777383,443,335,280,458,269,275,444,203,273,422,153,262,412,102,255,9.538618087768555,-44.03726387023926,-5.0,0.3473501205444336,-86.77201461791992,-7.0,-13.77305781841278,-116.79540634155273,-18.0,-19.751766204833984,-146.11045455932617,-25.0,45.33503991617726,87.05459880419156,118.9742159636186,149.5439641033477
0.10809583798982203,442,334,280,457,268,275,444,203,274,423,153,262,412,103,255,9.55043888092041,-44.02544593811035,-5.0,1.0542078018188477,-86.19600296020508,-6.0,-12.49177074432373,-116.13348770141602,-18.0,-19.08984661102295,-144.84572219848633,-25.0,45.32604960580255,86.41100786592584,118.1821953680997,148.2218117647786
0.16464200802147388,441,334,281,457,268,275,444,203,274,422,152,262,412,102,255,10.174511909484863,-44.249223709106445,-6.0,1.6782808303833008,-86.41978073120117,-7.0,-12.487065196037292,-116.97663879394531,-19.0,-18.465773582458496,-145.67231369018555,-26.0,45.798629798879325,86.71905862135797,119.16568642331247,149.1221236767048
0.22101320698857307,442,334,281,458,268,276,445,203,275,423,153,263,413,102,256,10.238361358642578,-44.18147087097168,-5.0,1.709035873413086,-86.50568771362305,-6.0,-12.536685943603516,-116.56137466430664,-18.0,-18.555582523345947,-145.9969825744629,-25.0,45.62703597246554,86.73035691396345,118.60743045054728,149.27969910081117
0.2775076259858906,442,334,282,458,268,275,445,203,274,423,153,263,413,102,256,10.1201171875,-44.47299766540527,-7.0,1.6215229034423828,-86.6435546875,-8.0,-12.576896667480469,-116.78514862060547,-19.0,-18.5957932472229,-146.22075653076172,-26.0,46.1439518597603,87.02720784566279,118.98718110839246,149.67402301976705
0.33398394915275276,442,334,282,458,268,276,445,204,275,423,153,263,413,103,255,10.198150634765625,-44.40524482727051,-6.0,1.6688251495361328,-86.0793628692627,-7.0,-12.576896667480469,-116.78514862060547,-19.0,-18.567447662353516,-145.29327392578125,-27.0,45.954630284000814,86.37963700640287,118.98718110839246,148.94255792340329
0.39038078812882304,442,334,281,458,269,276,444,204,274,422,154,263,412,103,256,10.238361358642578,-43.52900695800781,-5.0,1.013998031616211,-85.77204513549805,-7.0,-13.158417463302612,-115.93964385986328,-18.0,-19.160765647888184,-145.39180374145508,-25.0,44.99553855728852,86.0631856180913,118.06415615456912,148.76461788814933
0.4469689780380577,442,334,281,458,268,275,445,204,274,423,153,262,412,103,255,10.160327911376953,-44.249223709106445,-6.0,1.661733627319336,-85.77204513549805,-7.0,-12.531980514526367,-116.35726547241211,-19.0,-19.130056381225586,-145.06949996948242,-26.0,45.79548080460837,86.07325418138946,118.56248885644168,148.61735725864773
0.5044986000284553,442,335,280,458,269,275,445,204,274,423,154,263,412,104,255,10.20053768157959,-44.03726387023926,-5.0,1.7019433975219727,-86.21018600463867,-6.0,-12.496476173400879,-116.3777847290039,-17.0,-19.08984661102295,-144.90481185913086,-25.0,45.478913555299506,86.43548335193577,118.27489461074464,148.27955605397023
0.5609173211269081,442,334,281,458,268,275,445,203,273,423,153,262,413,103,255,10.160327911376953,-44.249223709106445,-6.0,1.614431381225586,-86.3338737487793,-8.0,-12.531980514526367,-116.35726547241211,-19.0,-18.527236938476562,-145.06949996948242,-26.0,45.79548080460837,86.71876466575645,118.56248885644168,148.54096515766318
0.6174136020708829,442,334,281,457,268,275,444,203,274,422,153,262,412,102,255,9.510229110717773,-44.249223709106445,-6.0,1.013998031616211,-86.41978073120117,-7.0,-13.151347994804382,-116.35726547241211,-19.0,-19.130056381225586,-145.67231369018555,-26.0,45.65564868224842,86.70874635027894,118.62955442172844,149.20583779799196
0.6751320010516793,442,334,281,458,268,276,444,203,274,422,153,262,412,103,255,10.238361358642578,-44.18147087097168,-5.0,1.013998031616211,-86.41978073120117,-7.0,-13.151347994804382,-116.35726547241211,-19.0,-19.130056381225586,-145.06949996948242,-26.0,45.62703597246554,86.70874635027894,118.62955442172844,148.61735725864773
0.7337425949517637,442,334,281,458,268,275,445,203,274,423,153,262,412,103,255,10.160327911376953,-44.249223709106445,-6.0,1.661733627319336,-86.41978073120117,-7.0,-12.531980514526367,-116.35726547241211,-19.0,-19.130056381225586,-145.06949996948242,-26.0,45.79548080460837,86.7187399601554,118.56248885644168,148.61735725864773
0.7912113191559911,444,334,280,459,267,274,445,202,273,423,152,261,413,101,254,9.44640064239502,-44.74093437194824,-6.0,0.33080196380615234,-86.75546646118164,-7.0,-13.810904383659363,-116.54639053344727,-19.0,-19.78252077102661,-145.72432327270508,-26.0,46.11925512810913,87.03803990690777,118.88987436392297,149.34164362743553
0.8473520381376147,443,335,280,459,268,274,446,203,273,424,152,261,414,102,254,10.108320236206055,-44.755117416381836,-6.0,1.6380929946899414,-86.77201461791992,-7.0,-12.531981348991394,-117.20830917358398,-19.0,-18.520145893096924,-145.7857780456543,-26.0,46.27308799887703,87.06931646402056,119.39781528931725,149.23970277469186
0.9035299699753523,444,334,280,459,267,273,446,202,273,424,151,261,414,101,253,9.366002082824707,-44.80632209777832,-7.0,0.9761734008789062,-86.75546646118164,-7.0,-13.19390094280243,-117.16339111328125,-19.0,-19.156084060668945,-145.39728927612305,-27.0,46.3068946804397,87.04288526586073,119.42503606552604,149.1185008152376
0.9598117740824819,443,334,280,459,267,274,447,201,273,424,151,261,415,100,253,10.108320236206055,-44.74093437194824,-6.0,2.283463478088379,-87.40083885192871,-7.0,-12.531981348991394,-117.16339111328125,-19.0,-17.89607286453247,-145.99538040161133,-27.0,46.25937036398866,87.71043744889529,119.35372123941164,149.54571382217497
1.0167644929606467,443,333,280,459,267,274,446,202,272,424,151,261,414,101,253,10.108320236206055,-44.07901573181152,-6.0,1.5884265899658203,-86.00527572631836,-8.0,-12.531981348991394,-116.50147247314453,-19.0,-18.49416446685791,-144.73537063598633,-27.0,45.619488882307536,86.3911485731713,118.70401697054031,148.38922343776693
1.0737269220408052,443,333,280,459,267,274,446,202,272,424,153,261,412,104,252,10.108320236206055,-44.07901573181152,-6.0,1.5884265899658203,-86.00527572631836,-8.0,-12.531981348991394,-115.26746368408203,-19.0,-19.659637451171875,-142.62115097045898,-28.0,45.619488882307536,86.3911485731713,117.493143377359,146.6672903167232
1.1292944860178977,442,334,280,459,268,273,448,203,273,427,157,262,408,112,250,10.689841270446777,-44.16095161437988,-7.0,3.590754508972168,-86.1100959777832,-7.0,-10.01430082321167,-113.65602493286133,-18.0,-21.300297737121582,-137.91518783569336,-30.0,45.97240861511335,86.46873508527078,115.50748124912505,142.7385782451423
1.186128524132073,443,333,279,459,268,273,449,205,273,429,159,261,407,118,249,10.070496559143066,-43.27762031555176,-6.0,3.616781234741211,-83.93602180480957,-6.0,-9.404388904571533,-111.34403228759766,-18.0,-22.468111991882324,-133.19901657104492,-30.0,44.8371199022057,84.22788649204873,113.1809880533388,138.37194105733022
1.2447871731128544,443,332,278,460,268,273,450,205,273,431,160,260,408,122,247,10.758440971374512,-42.39901924133301,-5.0,4.304726600646973,-83.05742073059082,-5.0,-8.142014741897583,-109.66086959838867,-18.0,-21.756571769714355,-129.41108322143555,-31.0,44.02750145944551,83.31906030149821,111.42620304547796,134.83907770270474
1.3011171300895512,442,332,277,458,268,272,450,205,272,432,161,258,407,127,246,10.087064743041992,-42.24772071838379,-5.0,4.94300651550293,-82.75718879699707,-5.0,-6.863113880157471,-108.45679092407227,-19.0,-21.600547790527344,-126.00692749023438,-31.0,43.722062863374546,83.0553165727163,110.32215475451852,131.54972231205977
1.3576249140314758,443,333,277,458,269,272,450,206,272,433,161,258,407,130,246,9.43223762512207,-42.25954055786133,-5.0,4.288179397583008,-82.76901054382324,-5.0,-6.908030033111572,-109.11161804199219,-19.0,-22.255374908447266,-124.91712188720703,-31.0,43.58710674933925,83.03070268851985,110.96876168850388,130.61618985753213
1.414786749985069,442,331,277,458,268,272,451,205,272,434,162,258,406,135,246,10.087064743041992,-41.5928897857666,-5.0,5.5860137939453125,-82.10235786437988,-5.0,-5.643291473388672,-107.19204330444336,-19.0,-22.182090759277344,-120.69974517822266,-31.0,43.089643255209815,82.44392468215501,109.00908625630838,126.5759599471428
1.470425431150943,441,332,277,458,268,272,452,206,272,435,164,257,406,140,245,10.74189281463623,-42.24772071838379,-5.0,6.883849143981934,-82.11418342590332,-5.0,-4.402214050292969,-106.4489517211914,-20.0,-21.482369422912598,-118.21202087402344,-32.0,43.8777639259305,82.55377943340932,108.40091702142162,124.3365355603213
1.5266776669304818,442,330,277,458,267,271,452,205,271,435,163,256,406,146,245,10.009031295776367,-41.64645957946777,-6.0,6.165170669555664,-81.36635208129883,-6.0,-5.080704689025879,-105.56637191772461,-21.0,-22.137197494506836,-113.42728805541992,-32.0,43.25052951102534,81.81987888284014,107.7546863946457,119.91582542983227
1.5836667059920728,441,330,277,458,267,271,453,205,271,436,163,255,408,148,244,10.663859367370605,-41.64645957946777,-6.0,7.4606428146362305,-81.36635208129883,-6.0,-3.846719741821289,-105.38590621948242,-22.0,-20.283845901489258,-112.05300521850586,-33.0,43.406744776719904,81.92767812055621,107.72644281917816,118.55931166742604
1.6396395680494606,441,330,277,458,267,271,452,205,271,436,163,253,408,149,245,10.663859367370605,-41.64645957946777,-6.0,6.819998741149902,-81.36635208129883,-6.0,-3.8987722396850586,-105.02497100830078,-24.0,-20.324010848999023,-111.68974685668945,-32.0,43.406744776719904,81.87182441992586,107.80280590166176,117.94772134255753
1.6964740860275924,441,330,277,458,267,271,453,205,271,437,163,254,409,149,245,10.663859367370605,-41.64645957946777,-6.0,7.4606428146362305,-81.36635208129883,-6.0,-3.2722907066345215,-105.20543670654297,-23.0,-19.744831085205078,-111.68974685668945,-32.0,43.406744776719904,81.92767812055621,107.7399266710496,117.84930168437424
1.7541846081148833,442,330,277,459,267,271,454,204,271,437,162,253,409,151,245,10.649675369262695,-41.64645957946777,-6.0,7.44645881652832,-82.00699615478516,-6.0,-3.9555091857910156,-105.62306213378906,-24.0,-20.399659156799316,-110.53139114379883,-32.0,43.403262331015206,82.56268628888718,108.38762525047379,116.86459909612078
1.8103822071570903,442,330,277,459,267,271,454,204,271,438,163,254,413,151,245,10.649675369262695,-41.64645957946777,-6.0,7.44645881652832,-82.00699615478516,-6.0,-3.3266634941101074,-105.20543670654297,-23.0,-18.08294153213501,-110.53139114379883,-32.0,43.403262331015206,82.56268628888718,107.74159179545039,116.48253604140864
1.866778233088553,440,330,276,457,267,271,453,204,271,437,162,253,414,152,245,10.71352767944336,-41.43214225769043,-5.0,8.15095329284668,-81.79267883300781,-5.0,-2.610370635986328,-105.40874481201172,-23.0,-16.158623218536377,-109.73789596557617,-31.0,43.085984814086544,82.3497440813372,107.92042215308939,115.17164110695931
1.924361607991159,441,330,277,458,267,271,454,205,270,438,164,253,416,152,246,10.663859367370605,-41.64645957946777,-6.0,8.032708168029785,-81.2851734161377,-7.0,-2.702589511871338,-104.4268798828125,-24.0,-15.711827754974365,-110.15868377685547,-31.0,43.406744776719904,81.98050876765959,107.18338132438735,115.51102606613458
1.9819864130113274,441,329,277,459,267,271,454,205,270,438,163,252,416,153,246,11.304503440856934,-40.99163627624512,-6.0,8.032708168029785,-80.63035011291504,-7.0,-2.733344078063965,-104.18968200683594,-25.0,-15.711827754974365,-108.92231369018555,-31.0,42.943055814046595,81.33128401693897,107.1819061527396,114.33254983173062
2.039459683932364,440,328,276,458,267,271,454,205,270,438,163,252,418,154,247,11.354169845581055,-40.127214431762695,-5.0,8.723018646240234,-79.76592826843262,-6.0,-2.0430335998535156,-103.32526016235352,-24.0,-13.874956130981445,-107.67809295654297,-29.0,42.00131558576429,80.46548556261493,106.09563315192652,112.37475744309559
2.097485290141776,442,327,276,459,266,271,455,204,270,438,163,252,419,154,246,10.689886093139648,-40.115394592285156,-5.0,8.05636978149414,-79.75174713134766,-6.0,-3.34796142578125,-102.67279815673828,-24.0,-14.581815004348755,-106.82388687133789,-30.0,41.81529083934538,80.3818777123214,105.49366012724575,111.91055417216666
2.154817426111549,441,329,277,458,267,271,454,204,270,437,163,252,418,158,245,10.663859367370605,-40.99163627624512,-6.0,8.032708168029785,-81.26863098144531,-7.0,-3.3290719985961914,-104.18968200683594,-25.0,-14.532215595245361,-105.82230758666992,-32.0,42.77887494092186,81.96410666938954,107.19875259095802,111.50581183541273
2.2111422431189567,440,329,276,457,267,271,454,204,270,437,163,252,419,159,246,10.71352767944336,-40.77967643737793,-5.0,8.723018646240234,-81.05667114257812,-6.0,-2.638761520385742,-103.97772216796875,-24.0,-13.27688717842102,-105.2210922241211,-30.0,42.458941174685876,81.7451832894068,106.74422593096438,110.2168498097524
2.2673149129841477,441,329,277,458,267,271,454,204,270,437,162,252,418,161,246,10.663859367370605,-40.99163627624512,-6.0,8.032708168029785,-81.26863098144531,-7.0,-3.3290719985961914,-104.78540802001953,-25.0,-14.548741340637207,-104.26996612548828,-31.0,42.77887494092186,81.96410666938954,107.77784769744574,109.74922191253675
2.325850710971281,441,329,277,457,267,271,454,204,270,436,163,252,419,161,247,10.02321720123291,-40.99163627624512,-6.0,8.032708168029785,-81.26863098144531,-7.0,-3.9247989654541016,-104.18968200683594,-25.0,-13.981359004974365,-104.45516204833984,-30.0,42.623692093330746,81.96410666938954,107.21890637198656,109.57353365740704
2.382412869948894,441,331,278,457,268,271,454,203,270,436,162,252,417,162,248,9.985370635986328,-41.877328872680664,-7.0,7.994861602783203,-83.43324661254883,-8.0,-3.9626455307006836,-106.3117446899414,-26.0,-15.205910205841064,-105.5804214477539,-30.0,43.616720420598696,84.19634464962269,109.5166180021154,110.80814545092538
2.438577394001186,441,330,277,458,267,271,454,201,270,434,159,254,414,166,247,10.663859367370605,-41.64645957946777,-6.0,8.032708168029785,-83.83829116821289,-7.0,-5.073657035827637,-107.60726165771484,-23.0,-16.900896549224854,-102.19044876098633,-30.0,43.406744776719904,84.51262311938244,110.15473097960482,107.83565329768895
2.4959323229268193,440,330,278,457,268,271,454,202,271,434,160,254,415,166,248,10.642561912536621,-41.220136642456055,-7.0,8.72063159942627,-83.50260353088379,-7.0,-4.454312324523926,-107.22112655639648,-24.0,-15.721261978149414,-102.57814407348633,-30.0,43.143525457302665,84.24805168031412,109.96458920173892,108.02515318085193
2.552764876978472,441,331,278,457,268,271,454,201,270,433,158,255,413,168,248,9.985370635986328,-41.877328872680664,-7.0,7.994861602783203,-84.70980453491211,-8.0,-5.6930251121521,-109.27151489257812,-23.0,-17.55099630355835,-102.06279373168945,-30.0,43.616720420598696,85.46150476320128,111.81088722412731,107.8186038472253
2.608690746128559,441,330,278,457,267,272,453,200,271,431,157,256,413,170,248,10.061040878295898,-41.79539108276367,-6.0,7.422796249389648,-84.78388977050781,-7.0,-6.884457111358643,-109.41179656982422,-22.0,-17.55099630355835,-100.23305892944336,-30.0,43.40598183794374,85.39558459766859,111.81384967147288,106.0881877194666
2.6667891719844192,441,330,278,457,266,272,453,199,271,430,156,256,411,171,248,10.061040878295898,-42.438398361206055,-6.0,7.422796249389648,-85.42453575134277,-7.0,-7.489640712738037,-110.0169792175293,-22.0,-18.723539352416992,-99.64678573608398,-30.0,44.02547216122909,86.03167563457306,112.44478838148159,105.73576894038526
2.723381508141756,439,331,279,457,267,272,452,199,270,429,156,257,410,173,249,11.342305183410645,-42.66926574707031,-7.0,7.999566078186035,-86.20304679870605,-9.0,-6.804081201553345,-111.0878677368164,-22.0,-18.063983917236328,-99.50494384765625,-30.0,44.702506934932984,87.03998124321473,113.44959179877972,105.48716208661315
2.779701414052397,441,331,279,457,268,272,453,200,270,429,158,256,411,175,249,10.023194313049316,-42.02625846862793,-7.0,7.318734169006348,-85.56476593017578,-9.0,-8.132670640945435,-109.68048477172852,-23.0,-18.794459342956543,-98.32767486572266,-30.0,43.76837699879977,86.34751321562393,112.36079864221091,104.50628376558662
2.836809813976288,440,331,279,455,267,272,451,200,270,429,159,256,410,175,249,9.396733283996582,-42.66926574707031,-7.0,6.7017316818237305,-85.56476593017578,-9.0,-7.4731152057647705,-109.07530212402344,-23.0,-18.723539352416992,-98.32767486572266,-30.0,44.248896436009304,86.297406544003,111.72407522251247,104.49355276944495
2.8937243870459497,441,330,279,457,267,272,452,201,270,429,161,255,411,177,251,10.023194313049316,-42.00971221923828,-7.0,6.680455207824707,-84.26693344116211,-9.0,-8.142149209976196,-107.02018737792969,-24.0,-18.86060619354248,-96.78559112548828,-28.0,43.7524895860837,85.00908512247969,109.98006683106125,102.5045029035217
2.9494696350302547,441,330,280,456,267,273,452,201,270,428,161,255,410,178,251,9.415647506713867,-42.15864372253418,-7.0,6.642608642578125,-84.48125457763672,-10.0,-8.782815337181091,-107.2345085144043,-25.0,-19.491816520690918,-96.40654754638672,-29.0,43.7607776267088,85.32998666699719,110.4598463767394,102.54342163732397
3.0059488511178643,439,330,280,455,267,273,450,201,270,427,160,257,408,178,251,10.094114303588867,-42.15864372253418,-7.0,6.689888954162598,-84.48125457763672,-10.0,-8.052294611930847,-108.21244430541992,-23.0,-19.354703903198242,-96.40654754638672,-29.0,43.911756786736376,85.3336802747338,110.92237173388847,102.51744716385694
3.0636901720426977,439,330,281,455,268,273,451,201,271,427,161,256,409,178,251,10.060996055603027,-41.72759437561035,-8.0,7.356537818908691,-84.78621101379395,-10.0,-8.090163350105286,-107.63402557373047,-25.0,-18.794458389282227,-96.62086868286133,-30.0,43.662521388558496,85.69025747864589,110.79500983454919,102.90201130773487
3.1197454531211406,439,330,280,455,267,273,451,201,271,428,161,256,409,177,252,10.094114303588867,-42.15864372253418,-7.0,7.389656066894531,-84.57188987731934,-9.0,-7.451861619949341,-107.41970443725586,-24.0,-18.799141883850098,-97.14728164672852,-28.0,43.911756786736376,85.36985167029647,110.32009401278754,102.83482905571401
3.1780212039593607,440,331,281,456,268,274,452,202,271,428,162,256,410,179,252,10.115389823913574,-42.32412528991699,-7.0,7.3328962326049805,-84.80985069274902,-10.0,-8.149263620376587,-107.69312286376953,-25.0,-18.900816917419434,-96.83443450927734,-29.0,44.07553394851077,85.71162197557886,110.85675085309579,102.83554145759787
3.2353512949775904,440,331,281,456,268,274,452,201,271,427,161,256,408,178,252,10.115389823913574,-42.32412528991699,-7.0,7.3328962326049805,-85.45049476623535,-10.0,-8.754447102546692,-108.29830932617188,-25.0,-20.09227180480957,-97.43016052246094,-29.0,44.07553394851077,86.34557558411761,111.4906460066426,103.62111544328623
3.2921471369918436,440,330,281,455,267,274,451,201,271,427,161,257,408,177,252,9.46765422821045,-42.30757713317871,-7.0,6.692254066467285,-84.78621101379395,-10.0,-8.749696612358093,-107.81922149658203,-24.0,-20.09227180480957,-97.36160278320312,-29.0,43.91545923094528,85.63578599257288,110.80406903601207,103.55665639056029
3.3482658511493355,441,329,281,456,267,274,451,199,271,427,158,257,409,177,252,9.451106071472168,-41.643293380737305,-7.0,6.027970314025879,-85.4032154083252,-10.0,-9.4139803647995,-108.97757720947266,-24.0,-20.16082763671875,-96.69731903076172,-29.0,43.2722461812231,86.19771243013106,111.98542476927703,102.94576474403596
3.4054084280505776,440,330,281,456,267,274,451,200,272,427,160,257,409,177,252,10.115389823913574,-42.30757713317871,-7.0,6.753739356994629,-85.51985359191895,-9.0,-8.749696612358093,-108.42676544189453,-24.0,-19.496543884277344,-97.36160278320312,-29.0,44.05964360012006,86.25693220655062,111.39533497862433,103.44272289506777
3.462112340144813,440,330,281,455,267,274,451,200,272,426,159,257,408,177,252,9.46765422821045,-42.30757713317871,-7.0,6.753739356994629,-85.51985359191895,-9.0,-9.357244074344635,-109.0343132019043,-24.0,-20.09227180480957,-97.36160278320312,-29.0,43.91545923094528,86.25693220655062,112.03588475161794,103.55665639056029
3.5185806429944932,441,330,281,456,267,275,451,200,272,428,159,258,409,176,251,9.524413108825684,-42.2421875,-6.0,6.089455604553223,-85.51985359191895,-9.0,-8.799318313598633,-109.22423553466797,-23.0,-20.12302589416504,-97.8075942993164,-30.0,43.716322464872626,86.20746387606515,111.96589494536565,104.26534263002692
3.5758037550840527,441,329,280,456,267,275,451,199,272,427,158,258,408,177,251,9.562259674072266,-41.36594772338867,-5.0,6.127302169799805,-85.28662109375,-8.0,-9.371383309364319,-108.9579086303711,-22.0,-20.678543090820312,-96.33799362182617,-29.0,42.75018644554095,85.87986707877997,111.55110343799979,102.71130005718909
3.632456036983058,441,330,281,455,267,274,451,200,272,426,158,258,407,177,251,8.803370475769043,-42.30757713317871,-7.0,6.089455604553223,-85.51985359191895,-9.0,-10.01914131641388,-109.83414840698242,-23.0,-21.30975341796875,-97.2142333984375,-30.0,43.777053516808415,86.20746387606515,112.66287475919168,103.94572028698686
3.688435690011829,441,330,281,456,268,275,451,201,272,427,159,258,409,177,251,9.524413108825684,-41.59208869934082,-6.0,6.089455604553223,-84.87684631347656,-9.0,-9.4092298746109,-109.22423553466797,-23.0,-20.12302589416504,-97.2142333984375,-30.0,43.08847046996917,85.5696237556374,112.01547765807142,103.70893571136057
3.74566292995587,440,331,282,456,269,275,452,201,273,427,159,258,407,178,251,10.153214454650879,-41.822954177856445,-7.0,7.425114631652832,-85.84844779968262,-9.0,-8.780428528785706,-110.1052017211914,-24.0,-20.680952072143555,-97.50183486938477,-31.0,43.60329414075514,86.63768416173193,113.0320811593477,104.38059964144234
3.802282396936789,440,332,282,455,270,275,451,201,273,426,159,258,407,177,252,9.503113746643066,-41.83950996398926,-7.0,6.7797441482543945,-86.51510047912598,-9.0,-9.390339970588684,-110.77185440063477,-24.0,-20.723482131958008,-98.90922164916992,-30.0,43.47244834269624,87.2457881025156,113.73030472182278,105.41582821814856
3.8588553350418806,440,332,282,455,269,275,451,201,273,427,159,258,407,177,252,9.503113746643066,-42.489606857299805,-7.0,6.7797441482543945,-86.51510047912598,-9.0,-8.780428528785706,-110.77185440063477,-24.0,-20.723482131958008,-98.90922164916992,-30.0,44.09847913215982,87.2457881025156,113.68157129677853,105.41582821814856
3.915682807099074,440,332,282,455,268,275,450,201,273,426,159,258,406,175,251,9.503113746643066,-43.13970756530762,-7.0,6.134371757507324,-86.51510047912598,-9.0,-9.390339970588684,-110.77185440063477,-24.0,-21.274314880371094,-99.94858169555664,-31.0,44.7252002757047,87.19801103105831,113.73030472182278,106.78630743958955
3.9736406579613686,441,330,281,456,268,275,451,201,273,427,159,259,407,175,251,9.524413108825684,-41.59208869934082,-6.0,6.150942802429199,-84.96748161315918,-8.0,-9.404479384422302,-109.4141616821289,-22.0,-21.30975341796875,-98.40096282958984,-30.0,43.08847046996917,85.5646365564729,111.99956700405171,105.05643757773701
4.030014798976481,439,332,281,456,269,275,451,201,273,426,158,259,406,174,252,10.852980613708496,-42.27055549621582,-6.0,7.479510307312012,-86.29604911804199,-8.0,-8.688187301158905,-111.3550033569336,-22.0,-20.619441986083984,-100.47735595703125,-29.0,44.05209473067307,86.98822430548115,113.8394543697514,106.59202806933287
4.085490531055257,440,330,282,456,269,275,451,204,274,431,162,257,411,170,251,10.153214454650879,-41.15630912780762,-7.0,6.841231346130371,-83.32923126220703,-8.0,-6.354989051818848,-107.42599105834961,-25.0,-18.30749797821045,-101.58209991455078,-31.0,42.96428219795825,83.99144735674972,110.47954308702289,107.77331536735778
4.142521500121802,440,329,280,456,268,275,452,206,275,433,165,257,412,167,250,10.2241792678833,-40.71584892272949,-5.0,7.623782157897949,-81.02201461791992,-5.0,-5.068929195404053,-104.51279067993164,-23.0,-17.612460136413574,-102.10061645507812,-30.0,42.2766388824886,81.53336070062065,107.13364298340286,107.86442709514442
4.1993195151444525,438,329,280,456,268,276,450,205,275,432,163,257,408,158,251,11.621325492858887,-40.64809608459473,-4.0,7.647421836853027,-81.6721134185791,-5.0,-4.35263729095459,-105.7278823852539,-23.0,-18.692784309387207,-107.61190032958984,-29.0,42.46554981998251,82.18161090540892,108.28818294281557,113.00770450629838
4.255702272057533,439,328,281,456,267,276,450,204,276,433,161,261,404,148,250,10.926287651062012,-40.848236083984375,-5.0,7.011506080627441,-81.95343399047852,-5.0,-4.364389896392822,-107.23143768310547,-20.0,-21.711654663085938,-112.87728500366211,-31.0,42.57889328066987,82.40465132715747,109.1678942123254,119.05325454605206
4.31218936201185,440,329,281,456,266,276,450,204,276,433,160,262,403,143,251,10.262003898620605,-42.16497802734375,-5.0,6.347222328186035,-82.61771392822266,-5.0,-5.009739398956299,-108.70027923583984,-19.0,-23.01892375946045,-116.72431182861328,-30.0,43.682881041223524,83.01189002792948,110.46197623976772,122.69651919637819
4.369826518930495,440,329,281,456,266,276,449,202,277,432,158,263,405,134,251,10.262003898620605,-42.16497802734375,-5.0,5.751517295837402,-84.01091003417969,-4.0,-5.6125359535217285,-110.13129806518555,-18.0,-21.83219623565674,-122.06458282470703,-30.0,43.682881041223524,84.30250859835282,111.73362686923,127.57902324693502
4.426603503059596,441,329,280,458,266,276,449,202,277,431,157,266,406,124,253,10.94049072265625,-41.95302200317383,-4.0,5.125080108642578,-83.79895401000977,-3.0,-6.818085193634033,-111.12503051757812,-14.0,-21.955056190490723,-128.3315887451172,-27.0,43.54021580620972,84.00911342998292,112.21077797270777,132.96624068602335
4.483143815072253,442,328,281,458,265,276,448,200,277,428,155,266,405,117,254,10.238361358642578,-42.15316200256348,-5.0,3.768122673034668,-84.65628433227539,-4.0,-9.40668511390686,-111.93035125732422,-15.0,-23.30253505706787,-132.35511016845703,-27.0,43.66592619107611,84.83445777174563,113.32205988870913,137.0761953359892
4.540013188030571,443,330,282,457,264,276,446,198,276,424,150,266,408,106,256,8.879040718078613,-44.3485107421875,-6.0,1.7019433975219727,-87.41109657287598,-6.0,-12.628837645053864,-116.61735153198242,-16.0,-22.288358688354492,-141.13343811035156,-26.0,45.624859113461575,87.63330654152574,118.38536319410053,145.2288479809338
4.596329786116257,443,329,282,457,264,276,445,197,277,424,146,266,413,98,259,8.879040718078613,-43.681861877441406,-6.0,1.0967826843261719,-87.49700355529785,-5.0,-12.628837645053864,-118.46599960327148,-16.0,-19.347477436065674,-146.31063842773438,-23.0,44.97713220241111,87.64661181935354,120.20682427494476,149.36575176482157
4.651971921091899,443,329,282,457,264,276,445,196,277,424,144,268,414,94,263,8.879040718078613,-43.681861877441406,-6.0,1.0967826843261719,-88.15183067321777,-5.0,-12.633520603179932,-120.17440795898438,-14.0,-18.839128017425537,-150.13407135009766,-19.0,44.97713220241111,88.30032946312429,121.64495127675204,152.4996790967547
4.710143096046522,442,329,281,456,263,276,444,196,277,424,143,269,415,93,265,8.93343734741211,-44.12236976623535,-5.0,1.148813247680664,-87.93987464904785,-4.0,-11.929003477096558,-120.8237533569336,-12.0,-17.557772636413574,-151.23574447631836,-16.0,45.29447887578062,88.0382946516361,122.00278889932682,153.08992712539336
4.766675462946296,441,329,281,455,264,276,443,196,278,424,142,272,416,91,270,8.9452543258667,-43.469905853271484,-5.0,1.2008438110351562,-88.04232978820801,-3.0,-11.271745145320892,-122.1500015258789,-9.0,-16.373297691345215,-154.2420310974121,-11.0,44.661507921774465,88.10161099772286,122.99867930751648,155.49819624144988
4.823524055071175,441,330,281,456,265,277,443,197,279,423,143,275,416,91,275,9.671027183532715,-43.42106628417969,-4.0,1.243417739868164,-88.1495132446289,-2.0,-11.928869009017944,-122.85451889038086,-6.0,-16.479564666748047,-156.65968704223633,-6.0,44.6645022813392,88.18096604676559,123.57803497232531,157.6382999013151
4.884092414053157,440,330,281,455,263,277,442,196,280,422,142,277,416,91,277,9.680481910705566,-44.73072052001953,-4.0,1.2883567810058594,-88.91152381896973,-1.0,-11.928823709487915,-123.96483993530273,-4.0,-15.8577880859375,-157.36104202270508,-4.0,45.94071275310815,88.92648048251085,124.60167886219378,158.20861856880634
4.940535678062588,440,329,281,455,262,277,441,195,281,420,141,280,415,91,282,9.680481910705566,-44.72126293182373,-4.0,0.6642837524414062,-89.01397895812988,0.0,-13.273870944976807,-124.65280532836914,-1.0,-16.63070297241211,-158.45013046264648,1.0,45.93150431066687,89.01645759556008,125.36154723876135,159.3236458438806
4.997870356077328,439,329,281,455,262,278,440,194,282,418,141,282,415,92,285,10.4157075881958,-44.66769504547119,-3.0,0.6997661590576172,-89.78544425964355,1.0,-13.966476917266846,-125.11775588989258,1.0,-16.03727149963379,-158.82841110229492,4.0,45.964007062461505,89.79373961239682,125.89882968639262,159.6861241637249
5.054553186055273,440,329,280,455,262,278,440,194,283,418,141,283,414,93,286,9.786906242370605,-44.45573902130127,-2.0,0.10644721984863281,-89.68067169189453,3.0,-14.611804008483887,-125.13827514648438,3.0,-17.36579418182373,-158.28866577148438,6.0,45.56419938643717,89.73089883713406,126.02417515310137,159.3514120404402
5.1115055901464075,439,329,281,455,262,278,440,194,283,418,140,284,415,92,288,10.4157075881958,-44.66769504547119,-3.0,0.7352485656738281,-89.89262771606445,2.0,-13.999527931213379,-126.25408554077148,3.0,-16.108124256134033,-159.87334823608398,7.0,45.964007062461505,89.91787980236347,127.06329484958772,160.83519248991257
5.167867846088484,440,328,281,455,262,278,440,194,284,419,141,284,415,94,288,9.751423835754395,-44.00341510772705,-3.0,0.10644721984863281,-89.33553123474121,3.0,-13.992436408996582,-124.91842651367188,3.0,-16.77240800857544,-157.84740447998047,7.0,45.17068527228096,89.38595231916499,125.7354427331906,158.8902664466036
5.224518644157797,439,329,281,455,263,278,440,195,283,419,141,284,415,93,286,10.4157075881958,-44.0105037689209,-3.0,0.7352485656738281,-89.22361755371094,2.0,-13.328152656555176,-125.58270645141602,3.0,-16.06088924407959,-158.5006217956543,5.0,45.32561534669993,89.24905892962794,126.32361542047063,159.39071263069135
5.281199119053781,440,328,281,455,262,278,440,194,283,419,141,283,415,93,286,9.751423835754395,-44.00341510772705,-3.0,0.07096481323242188,-89.22834777832031,2.0,-13.978274822235107,-124.68595123291016,2.0,-16.725172996520996,-157.83634185791016,5.0,45.17068527228096,89.25078757777769,125.4829813236105,158.79874754811712
5.338716170983389,439,328,281,455,262,278,440,195,283,420,141,283,416,92,286,10.4157075881958,-44.00341510772705,-3.0,0.7352485656738281,-88.5593376159668,2.0,-12.64497971534729,-124.68595123291016,2.0,-15.384785652160645,-158.51244354248047,5.0,45.31873239297124,88.58496977158211,125.34146140386746,159.3357661900522
5.395835511153564,440,330,281,455,263,278,440,196,282,420,142,281,415,92,283,9.751423835754395,-44.674787521362305,-3.0,0.03548240661621094,-89.11643409729004,1.0,-13.28566861152649,-124.88528823852539,0.0,-16.654320240020752,-158.79607772827148,2.0,45.82495943155202,89.12205162145797,125.58998450861785,159.67955625107555
5.453445262974128,440,330,280,455,263,278,440,196,282,420,142,281,415,93,283,9.786906242370605,-44.460466384887695,-2.0,0.07096481323242188,-88.90211296081543,2.0,-13.250186204910278,-124.67096710205078,1.0,-16.61883783340454,-157.91275024414062,3.0,45.5688117571512,88.92463508444835,125.3771010696348,158.8131684105614
5.51009351410903,440,330,280,454,264,277,440,197,281,420,143,279,415,93,281,9.061137199401855,-43.861572265625,-3.0,0.03548240661621094,-88.13537406921387,1.0,-13.226591110229492,-123.55118560791016,-1.0,-16.571603298187256,-157.22085571289062,1.0,44.88810230962129,88.14105411964073,124.26116922642193,158.09495724711167
5.566449366975576,440,331,281,455,265,277,441,197,280,420,144,278,415,93,279,9.680481910705566,-44.085350036621094,-4.0,0.6264371871948242,-88.91388893127441,-1.0,-13.2502760887146,-123.54484939575195,-3.0,-16.559850692749023,-157.40756607055664,-2.0,45.31257902475763,88.92171876674732,124.28957972672606,158.28888309424258
5.623530921060592,441,330,280,455,264,277,441,197,280,421,144,278,415,93,279,9.054044723510742,-43.861572265625,-3.0,0.0,-88.0352840423584,0.0,-13.219521760940552,-122.66624450683594,-2.0,-17.186287879943848,-156.52896118164062,-1.0,44.88667115601219,88.0352840423584,123.39271978929243,157.47280457176046
5.68081814609468,441,330,280,455,263,277,442,197,280,422,143,277,417,92,278,9.054044723510742,-44.51639938354492,-3.0,0.6619195938110352,-88.0352840423584,0.0,-12.55526089668274,-123.0956916809082,-3.0,-15.848287582397461,-156.84020233154297,-2.0,45.52675630802848,88.03777242733595,123.77069074132609,157.65156924906807
5.738595864037052,441,331,280,454,265,276,442,197,280,424,144,276,418,93,276,8.330638885498047,-43.92932319641113,-4.0,0.6619195938110352,-88.69720268249512,0.0,-11.243264496326447,-122.87739944458008,-4.0,-15.158045291900635,-156.15303802490234,-4.0,44.8908117629356,88.69967249797651,123.45552353296002,156.9380056629939
5.795459504937753,440,330,280,454,265,276,442,198,280,424,144,275,417,93,275,8.992558479309082,-43.267404556274414,-4.0,1.3238391876220703,-87.37336349487305,0.0,-10.5790034532547,-121.99009704589844,-5.0,-15.12969970703125,-155.14517211914062,-5.0,44.372676333979555,87.3833920067303,122.54998609274378,155.96131650221062
5.852384784957394,440,332,280,454,266,276,442,199,279,424,145,275,417,94,274,8.992558479309082,-43.93878173828125,-4.0,1.2836284637451172,-87.93992233276367,-1.0,-10.5790034532547,-122.66383743286133,-5.0,-15.110810279846191,-155.4753303527832,-6.0,45.027576535364545,87.95497508342233,123.2206651816951,156.32311068943253
5.9099355021025985,440,332,280,453,266,276,442,199,280,424,146,275,417,95,273,8.340094566345215,-43.93878173828125,-4.0,1.3238391876220703,-88.03528594970703,0.0,-10.5790034532547,-122.01374053955078,-5.0,-15.091920852661133,-154.48637771606445,-7.0,44.901823103521075,88.04523906743265,122.57352158813417,155.37955777660562
5.96653644205071,440,332,281,453,266,276,441,199,279,425,146,274,418,94,273,8.304612159729004,-44.15782928466797,-5.0,0.5885906219482422,-88.15896987915039,-2.0,-9.964408883359283,-122.01213455200195,-7.0,-14.482031345367432,-155.3507957458496,-8.0,45.20929628137778,88.18361757760447,122.61831193720862,156.2293153372852
6.022742392960936,440,332,281,453,266,276,441,199,279,425,145,274,419,94,272,8.304612159729004,-44.15782928466797,-5.0,0.5885906219482422,-88.15896987915039,-2.0,-9.964408883359283,-122.65986633300781,-7.0,-13.822498559951782,-155.00720596313477,-9.0,45.20929628137778,88.18361757760447,123.2628583687159,155.8823125532129
6.079633445944637,439,333,281,452,267,276,441,199,278,425,145,272,422,93,269,8.316433906555176,-44.16965103149414,-5.0,1.2150278091430664,-88.72789192199707,-3.0,-9.300170148722827,-122.87811279296875,-9.0,-11.20798408985138,-155.27666091918945,-12.0,45.22301565758383,88.78690836772381,123.55777502187689,156.14243604341294
6.135900947032496,439,333,281,452,267,275,442,200,277,428,145,269,425,94,267,8.252583503723145,-44.23503875732422,-6.0,1.8320093154907227,-87.97769927978516,-4.0,-7.392491340637207,-122.20905685424805,-12.0,-9.300282692536712,-153.9535789489746,-14.0,45.39651735924133,88.0876372069109,123.01911439051342,154.86833029822222
6.192297579022124,439,333,281,453,267,276,442,200,277,429,145,268,427,94,266,8.96889591217041,-44.16965103149414,-5.0,1.8320093154907227,-87.97769927978516,-4.0,-6.766054153442383,-121.98603820800781,-13.0,-8.04265832901001,-153.6099967956543,-15.0,45.347537597176306,88.0876372069109,122.8632288623934,154.5500419558601
6.249470451148227,439,334,281,452,269,275,443,201,276,431,146,266,431,95,263,8.252583503723145,-43.59912300109863,-6.0,2.4442615509033203,-87.89652252197266,-5.0,-5.527364253997803,-121.5754623413086,-15.0,-5.569983720779419,-152.62180709838867,-18.0,44.777099738045244,88.07254445049757,122.62195887808723,153.78049525420155
6.305180927971378,438,335,280,452,270,274,443,203,276,432,148,265,433,96,261,8.883769035339355,-43.459646224975586,-6.0,3.1392993927001953,-87.02973556518555,-4.0,-4.220073223114014,-120.54003143310547,-15.0,-3.6693520545959473,-151.76050186157227,-19.0,44.76228548983272,87.1781513524067,121.54303022346653,152.98926128907496
6.361748974071816,439,336,281,453,270,274,444,203,275,432,148,264,435,97,260,8.836466789245605,-44.35007667541504,-7.0,3.0517873764038086,-87.83425903320312,-6.0,-4.9316816329956055,-121.21453475952148,-17.0,-3.154045581817627,-151.6974334716797,-21.0,45.76038075052079,88.0918297352405,122.50014253337204,153.17656258522996
6.418628816027194,438,337,281,452,272,273,444,205,274,434,150,263,438,98,257,8.789163589477539,-43.796091079711914,-8.0,3.671131134033203,-87.11715698242188,-7.0,-3.0405068397521973,-120.41941833496094,-18.0,-0.7381076812744141,-150.74469757080078,-24.0,45.38002854191499,87.47500354102996,121.79524208265651,152.64504134973186
6.475475863087922,437,337,281,452,272,273,445,205,273,435,151,260,439,99,254,9.453447341918945,-43.796091079711914,-8.0,4.935848236083984,-87.03597831726074,-8.0,-1.8254790306091309,-119.17118072509766,-21.0,0.4343681335449219,-149.14185333251953,-27.0,45.51335255184851,87.5421276840604,121.0210836553081,151.56675457082997
6.531527382088825,438,337,281,453,272,273,445,205,272,436,151,259,439,99,252,9.43453598022461,-43.796091079711914,-8.0,4.224262237548828,-86.95479774475098,-9.0,-1.9011497497558594,-118.96234512329102,-22.0,-0.29615306854248047,-148.47833251953125,-29.0,45.50942828716457,87.52131878737963,120.99443758951895,151.28417939236243
6.588985528098419,437,337,280,453,272,272,446,206,271,437,152,257,439,101,249,10.060994625091553,-43.64243507385254,-8.0,5.510277271270752,-86.00211143493652,-9.0,-0.6529812812805176,-117.70626449584961,-23.0,0.2971653938293457,-146.0749053955078,-31.0,45.49599709888283,86.64713686483543,119.934111436741,149.32838408547065
6.645599982934073,437,338,280,453,273,272,448,208,271,439,156,257,438,106,246,10.060994625091553,-43.66134452819824,-8.0,6.791563510894775,-85.38274192810059,-9.0,0.5621132850646973,-115.93799209594727,-23.0,-0.38373279571533203,-142.84800720214844,-34.0,45.51413647270645,86.12396852260783,118.19870550300108,146.8390289142623
6.701890015974641,437,337,280,454,274,272,450,209,270,440,159,254,436,112,244,10.704003810882568,-42.35641860961914,-8.0,8.01372766494751,-84.00845718383789,-10.0,1.06321382522583,-112.88366317749023,-26.0,-1.5988726615905762,-138.09475708007812,-36.0,44.41443340870937,84.98023717016015,115.844084164912,142.71901879845507
6.758586530108005,436,338,280,453,275,271,450,210,270,441,161,254,434,116,243,10.656700134277344,-42.459632873535156,-9.0,8.675646781921387,-84.03209686279297,-10.0,2.3255882263183594,-112.34466934204102,-26.0,-2.1118831634521484,-136.15784454345703,-37.0,44.69212102269587,85.0685614680446,115.33747478669247,141.11136978010057
6.814782892121002,436,338,280,452,275,271,449,212,269,440,164,253,430,122,241,10.016056060791016,-42.459632873535156,-9.0,7.980608940124512,-82.6909065246582,-11.0,1.689650535583496,-110.36520004272461,-27.0,-4.433374404907227,-132.1563491821289,-39.0,44.543706657262994,83.80021563769962,113.63244386795093,137.8620884716421
6.870902142953128,435,338,279,452,276,270,450,213,269,440,168,252,427,129,240,10.637787818908691,-41.67242240905762,-9.0,9.302106857299805,-81.8217601776123,-10.0,2.339750289916992,-107.57095718383789,-27.0,-5.461713194847107,-127.6742172241211,-39.0,43.94033817711295,82.95378008594501,110.93234542218177,133.6096405758762
6.928196570137516,436,338,280,452,275,270,451,214,268,441,169,252,425,133,239,9.952205657958984,-42.5439338684082,-10.0,9.190954208374023,-81.35917282104492,-12.0,2.2498950958251953,-107.20846176147461,-28.0,-7.282036862336099,-125.38661575317383,-41.0,44.82223450987023,82.75136640192163,110.82741673973901,132.12051873535194
6.986190979136154,436,339,280,452,276,270,451,215,268,442,171,249,423,139,239,9.952205657958984,-42.56757164001465,-10.0,9.190954208374023,-81.38753986358643,-12.0,2.724991798400879,-106.19425582885742,-31.0,-8.412027955055237,-122.65856170654297,-41.0,44.844671397905124,82.77925636478803,110.66004496360088,129.60279693831626
7.042884296970442,436,338,280,452,277,270,452,215,268,443,172,249,422,143,238,9.952205657958984,-41.26737403869629,-10.0,9.824504852294922,-80.7256212234497,-12.0,3.313627243041992,-104.9437026977539,-31.0,-8.969953894615173,-119.50891876220703,-42.0,43.612412883352086,82.20186626533877,109.4767594579799,126.99150261566055
7.099487639963627,435,338,280,451,276,270,452,215,268,444,172,249,421,145,238,9.975846290588379,-41.90565299987793,-10.0,10.486424446105957,-80.7256212234497,-12.0,4.564182281494141,-104.9437026977539,-31.0,-8.870665788650513,-118.3836555480957,-42.0,44.22218066264512,82.28360115828525,109.52174439723495,125.92608392411837
7.157921724952757,435,337,279,452,275,270,453,214,268,446,172,249,422,148,238,10.637787818908691,-41.65114974975586,-9.0,11.143637657165527,-80.46638870239258,-11.0,5.7651166915893555,-104.05091857910156,-30.0,-8.284371733665466,-115.802978515625,-41.0,43.92016399282578,81.97573037819626,108.44275092242204,123.12579196948079
7.215125085087493,435,337,279,452,276,270,453,215,268,447,173,248,423,150,238,10.637787818908691,-41.012868881225586,-9.0,11.143637657165527,-79.83283710479736,-11.0,6.30172061920166,-103.30545806884766,-31.0,-7.721740245819092,-114.6777114868164,-41.0,43.315331506854754,81.3539337735755,108.04040609687152,122.03115497395493
7.270533664152026,435,337,279,451,276,270,454,215,268,447,173,248,422,151,238,9.99950885772705,-41.012868881225586,-9.0,11.777190208435059,-79.83283710479736,-11.0,6.30172061920166,-103.30545806884766,-31.0,-8.284371733665466,-114.11508178710938,-41.0,43.16301184190422,81.44313408389175,108.04040609687152,121.53963430214942
7.32808875804767,435,337,279,452,276,270,454,214,268,447,172,248,423,152,238,10.637787818908691,-41.012868881225586,-9.0,11.777190208435059,-80.46638870239258,-11.0,6.30172061920166,-103.89172744750977,-31.0,-7.721740245819092,-113.55245208740234,-41.0,43.315331506854754,82.06425482516849,108.6011174656602,120.97431399882252
7.385409767040983,434,337,279,451,276,270,454,215,268,448,172,248,423,155,239,10.659064292907715,-41.012868881225586,-9.0,12.436745643615723,-79.83283710479736,-11.0,7.547547340393066,-103.89172744750977,-31.0,-7.066890358924866,-112.06393432617188,-40.0,43.32056169383013,81.54112166511511,108.68052494758722,119.19843252327452
7.442440611077473,435,337,279,451,276,269,454,215,268,447,173,247,423,156,239,9.938021659851074,-41.09953308105469,-10.0,11.777190208435059,-79.83283710479736,-11.0,6.249690055847168,-103.14863204956055,-32.0,-7.72644579410553,-111.49893951416016,-40.0,43.45038427899548,81.44313408389175,108.17901330429014,118.70851476364952
7.5004451491404325,435,337,279,451,276,269,454,215,268,447,174,247,422,158,239,9.938021659851074,-41.09953308105469,-10.0,11.777190208435059,-79.83283710479736,-11.0,6.249690055847168,-102.56472396850586,-32.0,-8.291441321372986,-110.36894607543945,-40.0,43.45038427899548,81.44313408389175,107.62240114646185,117.68624497786065
7.55752132111229,435,337,279,451,276,270,454,215,268,447,174,247,423,158,239,9.99950885772705,-41.012868881225586,-9.0,11.777190208435059,-79.83283710479736,-11.0,6.249690055847168,-102.56472396850586,-32.0,-7.72644579410553,-110.36894607543945,-40.0,43.16301184190422,81.44313408389175,107.62240114646185,117.64778885475287
7.613746236078441,435,337,279,450,276,270,453,216,268,447,174,247,426,158,239,9.361228942871094,-41.012868881225586,-9.0,11.143637657165527,-79.19928550720215,-11.0,6.249690055847168,-102.56472396850586,-32.0,-6.031459212303162,-110.36894607543945,-40.0,43.019623675590765,80.73231995356952,107.62240114646185,117.54863996675138
7.671575613087043,434,336,278,450,276,270,454,216,268,448,174,248,425,159,239,10.042082786560059,-40.124807357788086,-8.0,12.458044052124023,-78.31122398376465,-10.0,7.568845748901367,-101.83112716674805,-30.0,-5.915600857697427,-108.91588973999023,-39.0,42.12889260580832,79.92403057554104,106.42774960517146,115.83896309688421
7.7290362529456615,434,337,279,451,276,269,455,214,267,447,172,247,424,162,240,10.597577095031738,-41.09953308105469,-10.0,12.999354362487793,-80.40648460388184,-12.0,6.909245491027832,-103.73253631591797,-32.0,-6.504236280918121,-108.29179382324219,-39.0,43.605965873557366,82.32973934245035,108.77580964437142,115.28407391766483
7.785988152958453,434,337,279,451,276,269,454,215,268,447,172,247,425,162,240,10.597577095031738,-41.09953308105469,-10.0,12.436745643615723,-79.83283710479736,-11.0,6.909245491027832,-103.73253631591797,-32.0,-5.936876757070422,-108.29179382324219,-39.0,43.605965873557366,81.54112166511511,108.77580964437142,115.25345597891734
7.84273222903721,435,337,279,450,276,270,454,215,268,447,172,247,425,162,241,9.361228942871094,-41.012868881225586,-9.0,11.777190208435059,-79.83283710479736,-11.0,6.249690055847168,-103.73253631591797,-32.0,-6.596409683581442,-108.47462463378906,-38.0,43.019623675590765,81.44313408389175,108.73590812757023,115.1271332490959
7.899497335078195,434,336,279,451,276,270,454,214,267,447,172,247,426,162,241,10.659064292907715,-40.35331153869629,-9.0,12.36816692352295,-79.74692726135254,-12.0,6.909245491027832,-103.07297897338867,-32.0,-5.367130756378174,-107.81506729125977,-38.0,42.69666736104141,81.58764588266767,108.14701414141729,114.44166560992954
7.955955926096067,434,336,278,451,276,269,455,214,267,448,173,247,427,163,243,10.618875503540039,-40.21147155761719,-9.0,13.020652770996094,-79.51842308044434,-11.0,7.514451026916504,-102.26057052612305,-31.0,-4.766607880592346,-107.37777709960938,-35.0,42.55259054145515,81.32476257440528,107.1199853368367,113.03852248477384
8.012117478065193,435,336,278,452,275,269,455,213,267,447,173,247,426,164,243,10.597599983215332,-40.84738731384277,-9.0,12.3634614944458,-80.14961051940918,-11.0,6.27335262298584,-102.26057052612305,-31.0,-5.998250603675842,-106.80332565307617,-35.0,43.14879112757771,81.84018112478509,107.04008238720908,112.55189638945022
8.068971337052062,434,336,278,451,276,269,455,214,267,447,173,247,427,165,242,10.618875503540039,-40.21147155761719,-9.0,13.020652770996094,-79.51842308044434,-11.0,6.930543899536133,-102.26057052612305,-31.0,-4.771358370780945,-106.05313491821289,-36.0,42.55259054145515,81.32476257440528,107.08060852960999,112.0983197317564
8.126591206993908,435,336,278,452,275,269,456,213,267,447,172,247,428,166,244,10.597599983215332,-40.84738731384277,-9.0,12.994650840759277,-80.14961051940918,-11.0,6.27335262298584,-102.84447479248047,-31.0,-4.842233061790466,-105.82779693603516,-34.0,43.14879112757771,81.93790952230984,107.59805271692176,111.26081891375503
8.18372181407176,436,336,279,453,275,269,457,212,266,448,171,247,427,167,244,10.550297737121582,-41.07589149475098,-10.0,12.866948127746582,-80.94467163085938,-13.0,6.174041748046875,-103.65688705444336,-32.0,-6.102266550064087,-105.47948455810547,-35.0,43.57221183771222,82.98553018177188,108.65941756389205,111.302108334441
8.240308162989095,435,336,278,452,276,269,456,214,266,447,172,247,426,170,242,10.597599983215332,-40.21147155761719,-9.0,12.921343803405762,-79.45851993560791,-12.0,6.27335262298584,-102.84447479248047,-31.0,-6.000637114048004,-103.19269943237305,-36.0,42.547286285182764,81.391753366316,107.59805271692176,109.4565706657877
8.298997723963112,436,335,278,453,274,269,457,212,266,447,171,247,424,171,242,10.576323986053467,-40.826107025146484,-9.0,12.892974376678467,-80.0589714050293,-12.0,5.616160869598389,-102.77118682861328,-31.0,-7.802003920078278,-101.96341323852539,-36.0,43.12342337856174,81.97357922348509,107.49166528189497,108.4131399066516
8.355783439939842,435,335,278,453,274,269,457,213,266,447,172,248,428,171,243,11.233515739440918,-40.826107025146484,-9.0,13.550166130065918,-79.43014717102051,-12.0,6.325383186340332,-102.34646987915039,-30.0,-4.8493475914001465,-102.12496566772461,-35.0,43.28929302607034,81.46628309774763,106.84011591709303,108.06491005269078
8.412133048055694,435,335,278,452,274,269,456,213,266,446,173,247,427,171,243,10.597599983215332,-40.826107025146484,-9.0,12.921343803405762,-79.43014717102051,-12.0,5.689445495605469,-101.60337448120117,-31.0,-5.423799157142639,-102.12496566772461,-35.0,43.12864639926647,81.36405474959928,106.37958213874816,108.09221160625289
8.468546699965373,435,335,279,453,274,269,457,212,265,446,173,248,425,175,243,11.209853172302246,-41.052249908447266,-10.0,13.450833320617676,-80.22048377990723,-14.0,5.715449333190918,-101.98634338378906,-31.0,-6.5963646662421525,-100.05330657958984,-36.0,43.71439157405926,82.5363612894426,106.7468060312645,106.53720563408561
8.524616243084893,436,334,279,453,273,269,458,211,264,445,172,248,422,175,244,10.550297737121582,-41.02860641479492,-10.0,13.339701652526855,-80.12039184570312,-15.0,4.469622611999512,-101.91305541992188,-31.0,-8.9863440990448,-99.54584884643555,-35.0,43.52763865272344,82.5967604067341,106.61729874329852,105.90151275040328
8.58164928900078,435,334,279,452,273,269,457,211,264,444,172,248,423,177,244,10.57393741607666,-41.02860641479492,-10.0,13.375163078308105,-80.12039184570312,-15.0,4.542906761169434,-101.91305541992188,-31.0,-7.749973177909851,-98.39221572875977,-35.0,43.53337451679179,82.60249497975438,106.62039611099156,104.71910141074132
8.639448717003688,436,333,279,453,273,269,457,211,264,443,171,248,420,181,242,10.550297737121582,-40.36905288696289,-10.0,12.715607643127441,-79.4608383178711,-15.0,3.297079086303711,-101.83977508544922,-31.0,-10.116380214691162,-95.14957046508789,-37.0,42.90651714288075,81.8578738052291,106.50450938789506,102.59035972419105
8.695424627047032,437,333,279,453,273,268,458,210,264,443,172,249,420,183,242,9.8245267868042,-40.448625564575195,-11.0,12.680146217346191,-80.08493232727051,-15.0,2.680098533630371,-101.41269302368164,-30.0,-10.775935649871826,-94.0053939819336,-37.0,43.053601900977334,82.45836824699344,105.79091281610843,101.59790788608167
8.751751319970936,437,334,279,454,273,268,458,209,263,443,171,248,420,184,242,10.45807933807373,-41.10817909240723,-11.0,12.602112770080566,-81.2968578338623,-16.0,2.637523651123047,-102.49932861328125,-31.0,-10.775935649871826,-94.09286308288574,-37.0,43.82070072163236,83.80926165961043,107.11708032421183,101.67884574612785
8.811365788104013,437,333,279,454,273,269,458,210,263,443,172,248,422,183,244,10.526658058166504,-40.36905288696289,-10.0,12.602112770080566,-80.01557350158691,-16.0,2.637523651123047,-101.25350189208984,-31.0,-9.645899534225464,-94.27177047729492,-35.0,42.90071049369659,82.56697432422776,105.92557848046748,101.0208398636051
8.867719213012606,438,334,279,454,273,269,459,210,264,443,172,249,420,184,243,9.86710262298584,-41.02860641479492,-10.0,12.644688606262207,-80.74448585510254,-15.0,2.020543098449707,-102.07224655151367,-30.0,-11.447288513183594,-94.22368621826172,-36.0,43.36711033159444,83.09368294855025,106.40876895484547,101.51425249127094
8.924604532076046,437,334,279,454,274,268,457,211,262,442,173,248,421,185,243,10.45807933807373,-40.47462844848633,-11.0,11.904711723327637,-79.98640060424805,-17.0,2.0512523651123047,-101.32678604125977,-31.0,-10.213281393051147,-93.64923095703125,-36.0,43.226924150169,82.63501947019064,105.98266464717999,100.84884518752322
8.982043578987941,437,334,278,454,274,268,459,211,263,443,174,248,421,186,243,10.486469745635986,-40.2508544921875,-10.0,13.252235889434814,-79.82962226867676,-15.0,2.6659140586853027,-100.51674270629883,-30.0,-10.184890985488892,-92.85100746154785,-35.0,42.779636920822384,82.30060964311768,104.93199065133842,99.74989519298107
9.039906159043312,438,334,279,455,274,268,459,210,262,443,173,248,421,187,243,10.432074546813965,-40.47462844848633,-11.0,12.483891487121582,-80.60576820373535,-17.0,1.9779682159423828,-101.32678604125977,-31.0,-10.872836828231812,-92.50032997131348,-36.0,43.22064006228162,83.31949000309915,105.98127158943939,99.85253940433978
9.096877796109766,438,334,279,455,273,268,459,210,262,442,173,248,420,186,243,10.432074546813965,-41.10817909240723,-11.0,12.483891487121582,-80.60576820373535,-17.0,1.3916969299316406,-101.32678604125977,-31.0,-11.447288513183594,-93.07478141784668,-36.0,43.81450179613721,83.31949000309915,105.97195095777003,100.4487697798435
9.152968649985269,438,334,279,454,274,268,459,211,262,443,173,248,421,187,242,9.798523902893066,-40.47462844848633,-11.0,12.483891487121582,-79.98640060424805,-17.0,1.9779682159423828,-101.32678604125977,-31.0,-10.8634033203125,-92.3765983581543,-37.0,43.072109522504064,82.7204438351577,105.98127158943939,100.10219506046575
9.210408318089321,438,333,278,455,272,268,459,209,261,443,172,248,420,186,243,10.462828636169434,-40.86076545715332,-10.0,12.434247016906738,-80.27244567871094,-17.0,2.0087223052978516,-101.03208923339844,-30.0,-11.416534423828125,-92.19381523132324,-35.0,43.348274900096555,82.98961401355625,105.41118546039213,99.27253812186844
9.266401833156124,438,333,279,454,273,268,458,210,262,442,172,248,420,186,243,9.798523902893066,-40.448625564575195,-11.0,11.864521980285645,-79.94621467590332,-17.0,1.3916969299316406,-101.25350189208984,-31.0,-11.447288513183594,-92.41522789001465,-36.0,43.04767567173369,82.590339161589,105.90188131358302,99.8379424881513
9.32227685698308,438,333,279,454,273,268,459,210,262,443,173,248,422,185,243,9.798523902893066,-40.448625564575195,-11.0,12.483891487121582,-79.94621467590332,-17.0,1.9779682159423828,-100.66723251342773,-31.0,-10.298385500907898,-92.98967742919922,-36.0,43.04767567173369,82.68158675102846,105.35086169640854,100.24538319699234
9.37915864912793,437,334,279,454,273,268,459,210,263,443,173,248,421,185,243,10.45807933807373,-41.10817909240723,-11.0,13.223845481872559,-80.67512702941895,-16.0,2.637523651123047,-101.32678604125977,-31.0,-10.213281393051147,-93.64923095703125,-36.0,43.82070072163236,83.30273831358322,105.9956324593682,100.84884518752322
9.435793349985033,437,333,279,454,272,268,458,209,262,441,171,248,420,185,243,10.45807933807373,-41.08217811584473,-11.0,12.524077415466309,-80.56558036804199,-17.0,1.4649810791015625,-101.83977508544922,-31.0,-10.78773307800293,-92.98967742919922,-36.0,43.79631014347483,83.28664511881858,106.46354286335304,100.29683590895957
9.492498849052936,437,333,279,454,273,269,458,209,263,442,172,248,420,185,244,10.526658058166504,-40.36905288696289,-10.0,12.602112770080566,-80.63730430603027,-16.0,2.0512523651123047,-101.25350189208984,-31.0,-10.799530506134033,-93.11813735961914,-35.0,42.90071049369659,83.16963443476925,105.91260209095431,100.06306693519751
9.550574932945892,437,333,279,454,273,268,458,210,263,443,173,248,421,183,244,10.45807933807373,-40.448625564575195,-11.0,12.602112770080566,-80.01557350158691,-16.0,2.637523651123047,-100.66723251342773,-31.0,-10.222714900970459,-94.27177047729492,-35.0,43.20257785716786,82.56697432422776,105.36530848871821,101.07754750126409
9.607520418940112,437,333,279,453,273,268,458,210,263,443,172,248,421,183,244,9.8245267868042,-40.448625564575195,-11.0,12.602112770080566,-80.01557350158691,-16.0,2.637523651123047,-101.25350189208984,-31.0,-10.222714900970459,-94.27177047729492,-35.0,43.053601900977334,82.56697432422776,105.92557848046748,101.07754750126409
9.66542105213739,437,334,280,453,273,269,459,211,264,444,173,248,420,183,244,9.862351894378662,-41.252384185791016,-11.0,13.275853633880615,-80.34416961669922,-16.0,3.1954054832458496,-101.55056381225586,-32.0,-10.827920913696289,-95.15510177612305,-36.0,43.81809199292748,82.99056501256727,106.52101964771745,102.31196051947005
9.7217776121106,437,333,279,454,272,269,459,209,264,443,172,248,421,182,243,10.526658058166504,-41.00497055053711,-10.0,13.304244041442871,-80.70902633666992,-15.0,2.637523651123047,-101.25350189208984,-31.0,-10.213281393051147,-94.71303176879883,-36.0,43.49963378838927,83.16218997674092,105.92557848046748,101.83746610973361
9.779018412111327,438,333,279,454,272,269,458,208,263,442,169,249,421,182,243,9.86710262298584,-41.00497055053711,-10.0,11.942557334899902,-81.25903701782227,-16.0,1.4319076538085938,-103.1786003112793,-30.0,-10.872836828231812,-94.71303176879883,-36.0,43.34474967078423,83.6758972032041,107.46103443445796,101.90572588196824
9.83780524902977,437,333,279,454,272,269,458,208,263,442,170,249,419,183,244,10.526658058166504,-41.00497055053711,-10.0,12.602112770080566,-81.25903701782227,-16.0,2.091463088989258,-102.5899658203125,-30.0,-11.376345872879028,-94.27177047729492,-35.0,43.49963378838927,83.77257512655103,106.90685340456659,101.20073099707899
9.894352920120582,437,332,278,454,272,268,458,208,263,442,170,249,420,183,243,10.486469745635986,-40.20357704162598,-10.0,12.630503177642822,-80.38043594360352,-15.0,2.1198534965515137,-101.71136474609375,-29.0,-10.759342670440674,-93.25998306274414,-35.0,42.735157126984966,82.73780328848594,105.78608366585732,100.19075753562944
9.951432747067884,437,331,278,454,271,269,458,208,263,442,170,249,419,184,243,10.55504846572876,-40.10508728027344,-9.0,12.630503177642822,-79.72323989868164,-15.0,2.1198534965515137,-101.05416870117188,-29.0,-11.333794116973877,-92.02833557128906,-35.0,42.43615291084046,82.09947984282964,105.15435697455311,99.10938117609119
10.007588917156681,436,333,279,453,272,269,457,208,264,442,168,249,419,178,245,10.550297737121582,-41.00497055053711,-10.0,12.715607643127441,-81.3331241607666,-15.0,2.751018524169922,-103.7672348022461,-30.0,-10.730952024459839,-97.30085372924805,-34.0,43.50536049951004,83.67654249241323,108.0518723642714,103.62726218419448
10.06487812101841,435,333,278,453,273,270,454,211,267,442,170,248,424,165,247,11.299729347229004,-40.06806755065918,-8.0,11.732274055480957,-79.44041061401367,-11.0,3.3940258026123047,-102.20463562011719,-30.0,-7.156519591808319,-104.96025466918945,-31.0,42.392616344887415,81.05199006215706,106.57066647717713,109.67620905597094
10.121860648039728,436,334,279,454,272,271,455,209,269,442,167,249,420,163,244,11.323370933532715,-41.51010513305664,-8.0,11.822129249572754,-81.7271957397461,-10.0,2.751018524169922,-105.01542282104492,-30.0,-10.13997507095337,-106.46763229370117,-35.0,43.76422691486494,83.1811112180907,109.25111959702366,112.5307772152415
10.179683590075001,437,333,279,454,270,272,452,208,272,441,165,254,414,146,244,10.732394218444824,-42.05935859680176,-7.0,9.446377754211426,-81.92581939697266,-7.0,1.6920595169067383,-106.41183853149414,-25.0,-14.26042366027832,-115.61394500732422,-35.0,43.96787385392282,82.76517345200601,109.32219557373304,121.63446864736663
10.236829204950482,437,333,279,454,269,274,450,206,274,437,163,260,413,134,247,10.869549751281738,-42.56213188171387,-5.0,8.278609275817871,-83.36946487426758,-5.0,-0.5394191741943359,-108.69554901123047,-19.0,-14.92227554321289,-123.28279876708984,-32.0,44.21178781854442,83.9285591736412,110.34497427567008,128.2393183826019
10.295401063980535,439,332,279,455,268,274,450,204,275,435,160,261,412,127,248,10.198174476623535,-42.55031394958496,-5.0,7.018620491027832,-84.08892631530762,-4.0,-3.0641465187072754,-110.06747436523438,-18.0,-16.856003284454346,-126.97616958618164,-31.0,44.04011784570859,84.47608278358028,111.57167161528787,131.78798309976634
10.352894195122644,441,333,280,456,268,275,447,203,275,430,155,263,413,112,252,9.562259674072266,-43.36352729797363,-5.0,3.7113637924194336,-85.61999130249023,-5.0,-7.482436418533325,-114.43221664428711,-17.0,-17.740071296691895,-137.85532760620117,-28.0,44.68592966243953,85.84612473395748,115.92980229812545,141.78434849807917
10.411478588124737,441,333,280,456,267,275,446,201,275,427,149,264,416,101,256,9.562259674072266,-44.01362609863281,-5.0,3.061264991760254,-86.92019081115723,-5.0,-9.342880249023438,-118.37616729736328,-16.0,-16.037902355194092,-145.71647262573242,-24.0,45.31706182471057,87.11768427820931,119.8173877004541,148.54798789091882
10.470447978936136,442,333,281,455,266,275,444,199,276,426,145,266,419,95,261,8.210029602050781,-44.8851375579834,-6.0,1.1038751602172852,-88.53716468811035,-5.0,-10.664332091808319,-121.54000091552734,-15.0,-14.995288848876953,-151.27508163452148,-20.0,46.022604877012796,88.68510625453926,122.92558643956416,153.32647850646148
10.527170941000804,441,333,280,455,266,275,443,198,276,426,145,267,419,94,263,8.912158966064453,-44.66372489929199,-5.0,1.1535406112670898,-88.96821403503418,-4.0,-9.959816217422485,-121.54160690307617,-13.0,-14.321482419967651,-152.35783767700195,-17.0,45.81784476943496,89.06555880095007,122.63996146308399,153.97082697809063
10.584459993056953,440,332,280,454,266,275,443,199,277,426,145,270,419,94,268,8.923979759216309,-44.00180625915527,-5.0,1.8580350875854492,-87.74919700622559,-3.0,-9.290737092494965,-121.54874420166016,-10.0,-13.730370283126831,-153.4138298034668,-12.0,45.175174253245984,87.82012223644469,122.31277534551522,154.49377412400426
10.64143898198381,440,333,281,454,266,276,443,199,278,426,145,271,420,93,270,8.957076072692871,-44.822113037109375,-5.0,1.8651275634765625,-88.72789192199707,-3.0,-9.323832988739014,-122.65509414672852,-10.0,-13.155896186828613,-155.62260818481445,-11.0,45.9809855144865,88.79818413542944,123.41477213747443,156.56459939182577
10.700029056053609,440,333,281,453,267,276,442,200,278,425,146,272,419,95,271,8.304612159729004,-44.16965103149414,-5.0,1.2079353332519531,-88.07069778442383,-3.0,-9.964453901164234,-122.235107421875,-9.0,-13.808336973190308,-154.68727493286133,-10.0,45.22084315188617,88.13005682515265,122.9703697155772,155.62398014483438
10.756627385038882,439,333,281,454,268,276,442,200,278,425,146,273,420,94,273,9.621359825134277,-43.51718711853027,-5.0,1.8722190856933594,-88.07069778442383,-3.0,-9.300147639587522,-122.45576095581055,-8.0,-12.527004957199097,-156.01507949829102,-8.0,44.84769937905271,88.14166445297111,123.06870494721532,156.7215074074256
10.813403499079868,439,332,280,454,266,276,442,200,279,425,146,274,420,94,275,9.654478073120117,-43.93878173828125,-4.0,1.9455480575561523,-87.28036689758301,-1.0,-9.267006882932037,-121.79308700561523,-6.0,-12.517481565475464,-155.81891250610352,-5.0,45.16442723547676,87.30777515789165,122.29240965377072,156.4008338830927
10.87001503398642,439,332,280,453,266,276,442,199,279,425,145,275,420,93,276,9.00201416015625,-43.93878173828125,-4.0,1.9455480575561523,-87.93992233276367,-1.0,-9.266984374262393,-122.66383743286133,-5.0,-12.529278993606567,-156.81496047973633,-4.0,45.02946590382759,87.96712509305262,123.11496258842081,157.36554471154383
10.927796414121985,439,333,280,453,266,276,442,200,280,425,145,276,420,93,277,9.00201416015625,-44.60070037841797,-4.0,1.9857587814331055,-88.0352840423584,0.0,-9.266961865592748,-123.54877853393555,-4.0,-12.54107666015625,-157.82282638549805,-3.0,45.67558136668943,88.0576769757002,123.96038584743839,158.34873896593865
10.985542526002973,439,332,280,453,267,276,441,200,280,425,146,277,420,94,279,9.00201416015625,-43.286319732666016,-4.0,1.3238391876220703,-87.37336540222168,0.0,-9.266939356457442,-122.45505142211914,-3.0,-12.564671516418457,-157.19324111938477,-1.0,44.39303700962849,87.38339391386005,122.8418323855115,157.69776797384463
11.041635923087597,439,332,280,453,266,276,442,200,280,426,146,276,421,94,278,9.00201416015625,-43.93878173828125,-4.0,1.9857587814331055,-87.37336540222168,0.0,-8.614498436450958,-122.23439407348633,-4.0,-11.895682573318481,-156.84965896606445,-2.0,45.02946590382759,87.3959279351629,122.60284123063366,157.31281823696338
11.098113025072962,439,332,280,453,265,277,442,199,280,426,145,276,421,94,278,9.068227767944336,-44.53058624267578,-3.0,1.9857587814331055,-88.03528594970703,0.0,-8.614498436450958,-122.88685989379883,-4.0,-11.895682573318481,-156.84965896606445,-2.0,45.54345030811458,88.0576788825638,123.25335661907857,157.31281823696338
11.155657014111057,439,332,280,454,266,277,442,199,280,426,145,277,423,93,278,9.72305679321289,-43.87575721740723,-3.0,1.9857587814331055,-88.03528594970703,0.0,-8.612111926078796,-123.10987854003906,-3.0,-10.581299781799316,-157.50685501098633,-2.0,45.04020320563514,88.0576788825638,123.44719788626422,157.87454918549784
11.213271307991818,439,333,281,453,266,276,442,199,280,426,145,276,422,93,277,8.96889591217041,-44.822113037109375,-5.0,1.9526405334472656,-88.91861724853516,-1.0,-8.647616684436798,-123.77019119262695,-5.0,-11.264539957046509,-158.04423904418945,-4.0,45.98328947557751,88.94567610875953,124.17262782989003,158.4956509040573
11.269455682020634,439,331,280,453,266,276,442,199,280,426,146,275,423,94,277,9.00201416015625,-43.276859283447266,-4.0,1.9857587814331055,-87.37336349487305,0.0,-8.61688494682312,-121.3518180847168,-5.0,-10.576594233512878,-155.84415435791016,-3.0,44.383812458811484,87.39592602830668,121.76006922900868,156.23144623638515
11.326655060052872,439,332,280,453,266,276,442,200,280,427,146,275,423,94,275,9.00201416015625,-43.93878173828125,-4.0,1.9857587814331055,-87.37336540222168,0.0,-7.966785550117493,-122.01374053955078,-5.0,-10.567183256149292,-155.81891250610352,-5.0,45.02946590382759,87.3959279351629,122.3757433172701,156.25683619142487
11.385355268139392,439,334,281,453,268,276,442,201,279,427,147,274,424,95,274,8.96889591217041,-44.18147087097168,-5.0,1.9124298095703125,-88.16842651367188,-2.0,-8.004654288291931,-122.69296646118164,-7.0,-9.947860598564148,-156.3752098083496,-7.0,45.359050499386186,88.21184059792252,123.15290702748236,156.8475889935635
11.442297114059329,440,333,281,454,267,276,442,200,279,427,145,273,426,93,273,8.957076072692871,-44.16965103149414,-5.0,1.2481460571289062,-88.16369819641113,-2.0,-8.673688530921936,-123.10113143920898,-8.0,-9.31905996799469,-156.66044998168945,-8.0,45.34520133394468,88.19521272862714,123.66536068901773,157.1411514122017
11.499128805939108,440,334,281,454,268,276,443,201,279,428,146,273,427,94,272,8.957076072692871,-44.18147087097168,-5.0,1.9077014923095703,-88.16842651367188,-2.0,-8.028317093849182,-123.12004470825195,-8.0,-8.678439021110535,-156.33577346801758,-9.0,45.35671482916864,88.2117382148233,123.64060532172006,156.8349111954556
11.556663274997845,439,334,281,453,268,276,443,200,279,429,145,272,429,94,271,8.96889591217041,-44.18147087097168,-5.0,2.5719852447509766,-88.82798194885254,-2.0,-6.728140354156494,-123.54239654541016,-9.0,-6.737618684768677,-155.99219131469727,-10.0,45.359050499386186,88.8877127909414,124.05237449081174,156.45753179921527
11.6132281080354,439,334,281,453,268,276,443,200,278,431,144,271,431,93,269,8.96889591217041,-44.18147087097168,-5.0,2.5294113159179688,-88.73498153686523,-3.0,-5.456331729888916,-123.96002197265625,-10.0,-5.4847447872161865,-155.94094467163086,-12.0,45.359050499386186,88.82170269676723,124.48236261980254,156.4981170827992
11.669393243035302,439,333,281,454,267,276,443,200,278,432,144,270,433,93,268,9.621359825134277,-44.16965103149414,-5.0,2.5294113159179688,-88.07069778442383,-3.0,-4.832258701324463,-123.07035446166992,-11.0,-4.23184871673584,-154.93071365356445,-13.0,45.48107999079045,88.15807240315779,123.65541990336536,155.5327443876823
11.72686844598502,439,334,281,453,268,275,444,201,277,432,145,269,434,94,266,8.902680397033691,-44.249223709106445,-6.0,3.1416635513305664,-87.98715591430664,-4.0,-4.84882926940918,-122.87334060668945,-12.0,-3.6408939361572266,-154.2742805480957,-15.0,45.53297175795004,88.13404368209974,123.55310185151727,155.0445411721641
11.783574322937056,439,335,281,454,268,275,444,201,277,433,146,268,434,94,264,9.552781105041504,-44.913503646850586,-6.0,3.1416635513305664,-88.65143585205078,-4.0,-4.23184871673584,-122.68104934692383,-13.0,-3.6834912300109863,-154.25139617919922,-17.0,46.308513652205455,88.79722477926906,123.44046505268723,155.22906084517115
11.84021139703691,439,335,281,454,269,275,445,201,277,433,146,267,436,94,263,9.552781105041504,-44.26340293884277,-6.0,3.7964916229248047,-88.65143585205078,-4.0,-4.2507829666137695,-122.46039581298828,-14.0,-2.4613265991210938,-153.9078140258789,-18.0,45.67827127384741,88.82280353193775,123.33133299572745,154.97636383285055
11.89902769913897,439,336,282,454,269,275,446,202,276,436,146,265,440,95,261,9.519662857055664,-45.15619468688965,-7.0,4.368534088134766,-88.80112838745117,-6.0,-2.4423913955688477,-122.9118766784668,-17.0,-0.07848453521728516,-153.4964370727539,-21.0,46.67660976883696,89.11074285945428,124.10598174283051,154.92631265815425
11.956396505935118,438,336,281,454,270,274,448,203,275,441,148,263,443,97,257,10.14848518371582,-44.35007667541504,-7.0,6.31646728515625,-87.83425903320312,-6.0,1.3116130828857422,-120.99860763549805,-18.0,2.2996301651000977,-150.6879653930664,-24.0,46.031739622126956,88.26525261322416,122.337170878717,152.6045582975758
12.013366064988077,437,335,280,454,271,272,450,205,272,442,152,258,442,102,247,10.704003810882568,-42.961599349975586,-8.0,8.131972789764404,-85.40009117126465,-8.0,2.424966335296631,-116.58889389038086,-22.0,1.9826512336730957,-143.51308822631836,-33.0,44.99194057040896,86.15860115806072,118.67118706876497,147.27164492246774
12.071031067986041,437,335,280,454,271,272,452,206,272,444,156,257,441,108,245,10.704003810882568,-42.961599349975586,-8.0,9.41798734664917,-84.7570858001709,-8.0,3.599851131439209,-113.95223236083984,-23.0,1.3230509757995605,-139.38866806030273,-35.0,44.99194057040896,85.65314984867267,116.30593358976729,143.72178417870347
12.128150410018861,437,335,280,454,272,272,454,208,270,446,162,254,435,121,241,10.704003810882568,-42.318593978881836,-8.0,10.566846370697021,-83.32289695739746,-10.0,4.665947437286377,-109.75845336914062,-26.0,-2.246675968170166,-130.74031448364258,-39.0,44.37836290280256,84.58347001391577,112.89237862439313,136.45174012883717
12.184754779096693,435,334,280,454,272,271,455,211,270,448,167,251,431,131,240,11.959263801574707,-41.733882904052734,-9.0,12.528964042663574,-80.74613952636719,-10.0,7.027512550354004,-105.58122253417969,-29.0,-3.215937614440918,-124.12504959106445,-40.0,44.33667751337306,82.32201399622043,109.71681951486451,130.45064273787304
12.2413807711564,435,334,279,453,273,272,455,212,270,449,169,250,430,137,240,11.408495903015137,-40.78988838195801,-7.0,12.552626609802246,-79.88408088684082,-9.0,7.587780952453613,-104.00443649291992,-29.0,-3.7596347332000732,-120.49711227416992,-39.0,42.92981217035204,81.36359636803454,108.23815052924837,126.70709893191066
12.298168716952205,435,334,280,453,273,271,456,212,270,450,169,250,428,144,239,11.318619728088379,-41.093238830566406,-9.0,13.167244911193848,-80.10785865783691,-10.0,8.155117988586426,-104.22821426391602,-30.0,-4.925130724906921,-116.52399063110352,-41.0,43.563349620237446,81.79636518388416,108.76592572148941,123.62482479362679
12.355133106932044,435,334,280,452,273,271,456,212,269,451,170,249,428,149,239,10.67797565460205,-41.093238830566406,-9.0,13.093937873840332,-80.04322814941406,-11.0,8.684630393981934,-103.47329711914062,-31.0,-4.925130724906921,-113.69901275634766,-41.0,43.40130691196113,81.84967673499476,108.36579728764067,120.96579026495685
12.413116990122944,435,335,280,452,274,271,456,213,269,451,170,248,427,150,239,10.67797565460205,-41.11451530456543,-9.0,13.093937873840332,-80.0692310333252,-11.0,8.623144149780273,-103.97129821777344,-32.0,-5.490126252174377,-113.79593658447266,-41.0,43.42145244933222,81.87510590718034,109.12556743548721,121.08119866189853
12.4692449120339,435,335,279,452,274,271,457,212,269,452,170,249,427,153,239,10.701638221740723,-40.888376235961914,-8.0,13.753514289855957,-80.47900772094727,-10.0,9.296929359436035,-103.90907669067383,-30.0,-5.466463685035706,-111.87480926513672,-40.0,43.01609433505786,82.25588027046797,108.55196504081664,118.93634925173437
12.52642105310224,435,334,280,452,274,271,456,214,269,452,171,248,429,156,239,10.67797565460205,-40.45259666442871,-9.0,13.093937873840332,-78.77139663696289,-11.0,9.209416389465332,-102.72310638427734,-32.0,-4.360135078430176,-109.74404525756836,-41.0,42.795230353103875,80.60635295795065,107.98541538314382,117.23381017179885
12.584980023093522,434,334,280,451,274,271,456,214,269,451,171,248,429,158,241,10.69925308227539,-40.45259666442871,-9.0,13.755857467651367,-78.77139663696289,-11.0,9.285063743591309,-102.72310638427734,-32.0,-3.6792585849761963,-108.99862670898438,-39.0,42.80054431211744,80.71651964008402,107.99189318628558,115.82416659825203
12.641134205972776,434,335,280,452,274,271,456,214,269,451,172,248,431,158,241,11.339895248413086,-41.11451530456543,-9.0,13.755857467651367,-79.43331527709961,-11.0,9.285063743591309,-102.79875183105469,-32.0,-2.539811611175537,-109.6605453491211,-39.0,43.58895035412446,81.3626154359694,108.06385050860126,116.41686239238243
12.700530244968832,435,334,280,452,273,271,456,213,269,450,172,248,430,160,242,10.67797565460205,-41.093238830566406,-9.0,13.093937873840332,-79.40731239318848,-11.0,8.036872863769531,-102.13683319091797,-32.0,-3.7596123218536377,-108.0467414855957,-38.0,43.40130691196113,81.22790450672363,107.33370402486722,114.59595555893664
12.759118672925979,434,334,280,451,274,271,456,213,269,450,172,248,429,162,242,10.69925308227539,-40.45259666442871,-9.0,13.755857467651367,-79.40731239318848,-11.0,8.698792457580566,-102.13683319091797,-32.0,-3.6697800159454346,-106.90256118774414,-38.0,42.80054431211744,81.3372293367543,107.38529547610074,113.5148663121479
12.815691881114617,433,334,279,451,274,271,455,214,269,450,172,248,430,162,243,11.380106925964355,-40.22881889343262,-8.0,13.800795555114746,-78.5476188659668,-10.0,9.379646301269531,-101.91305541992188,-31.0,-2.404996395111084,-106.86161422729492,-36.0,42.56600407845424,80.37530956374138,106.93572195370912,112.7882467410665
12.872826962033287,435,334,280,452,273,271,456,211,268,448,171,248,430,163,245,10.67797565460205,-41.093238830566406,-9.0,13.020630836486816,-80.61215019226074,-12.0,6.8643293380737305,-102.72310638427734,-32.0,-3.7240846157073975,-106.87187576293945,-35.0,43.40130691196113,82.53396625632186,107.8107397363412,112.51873904072208
12.929379509063438,434,334,279,452,273,271,457,212,268,450,171,249,432,163,247,11.361193656921387,-40.86946105957031,-8.0,14.33739948272705,-79.75481986999512,-11.0,8.779212951660156,-102.66088104248047,-30.0,-1.8493666648864746,-107.009033203125,-32.0,43.16699628894516,81.7764777697271,107.31416997055386,111.7065501397689
12.986116745974869,435,334,280,452,273,270,456,213,268,449,171,249,431,166,246,10.61412525177002,-41.17281150817871,-10.0,13.020630836486816,-79.34504508972168,-12.0,7.507359504699707,-102.88465881347656,-31.0,-3.1306986808776855,-105.3077163696289,-34.0,43.67905748008163,81.29682040319928,107.7154281702407,110.70463586145188
13.043328416068107,435,333,279,452,273,270,456,211,267,447,170,248,428,168,245,10.637787818908691,-40.289480209350586,-9.0,12.970988273620605,-79.66182327270508,-12.0,6.30172061920166,-102.4260482788086,-31.0,-4.858781218528748,-103.09264755249023,-34.0,42.63103030915128,81.59811654643812,107.19984630947611,108.66324923501735
13.099559328053147,435,334,280,453,273,271,457,212,268,448,170,249,430,169,245,11.318619728088379,-41.093238830566406,-9.0,13.654181480407715,-79.97859764099121,-12.0,6.918724060058594,-103.47329711914062,-31.0,-3.7240846157073975,-103.39680099487305,-35.0,43.563349620237446,82.0183683848897,108.23858812514689,109.22347395225226
13.156823199940845,435,333,279,453,273,271,457,211,268,447,171,249,430,170,246,11.34228229522705,-40.20990753173828,-8.0,13.677844047546387,-79.72881889343262,-11.0,6.353751182556152,-102.00132751464844,-30.0,-3.688579559326172,-102.09820938110352,-33.0,42.53803041250927,81.63803023059032,106.51122461431194,107.36223720653894
13.213711149990559,436,333,280,453,272,271,458,211,268,447,170,250,428,170,247,10.656700134277344,-41.071964263916016,-9.0,13.625812530517578,-79.95023155212402,-12.0,5.7201995849609375,-102.97529983520508,-30.0,-5.530134320259094,-102.4835433959961,-33.0,43.37593233866335,81.98598839042594,107.40871966205619,107.80750925885971
13.270642334129661,436,334,280,453,272,270,458,211,268,448,171,250,428,171,248,10.590484619140625,-41.811092376708984,-10.0,13.625812530517578,-80.61215019226074,-12.0,6.311199188232422,-103.04621505737305,-30.0,-5.523019790649414,-102.72310638427734,-32.0,44.27556674060702,82.63160125361492,107.50978407960794,107.73365459708246
13.328565267147496,436,333,280,453,273,270,457,212,268,447,171,250,429,173,248,10.590484619140625,-40.51089286804199,-10.0,12.99226188659668,-79.31667900085449,-12.0,5.7201995849609375,-102.38429641723633,-30.0,-4.936748266220093,-100.88864517211914,-32.0,43.04986417439932,81.26459522236301,106.8422427513776,105.95702057018113
13.38665608712472,435,333,280,453,272,271,458,210,267,446,170,251,426,174,248,11.318619728088379,-41.071964263916016,-9.0,14.209698677062988,-80.5144214630127,-13.0,5.840786933898926,-103.13921737670898,-29.0,-6.0336432456970215,-100.30237579345703,-32.0,43.54328192781828,82.78579346733693,107.29777701838576,105.45601661654123
13.44512956100516,437,333,280,454,272,271,458,211,268,446,171,250,426,174,249,10.635425090789795,-41.071964263916016,-9.0,12.963893413543701,-79.95023155212402,-12.0,4.467281818389893,-102.38429641723633,-30.0,-7.355095446109772,-100.45683670043945,-31.0,43.37071033956206,81.87858118993006,106.7824927583985,105.38820365145307
13.50326478597708,437,334,280,453,273,271,458,212,267,446,171,251,425,176,248,9.994781017303467,-41.093238830566406,-9.0,12.885859966278076,-79.91396522521973,-13.0,4.516948223114014,-103.20777130126953,-29.0,-7.943753400351852,-99.791748046875,-32.0,43.23829234798502,81.98345702084144,107.29979905957629,105.09755561542134
13.560139429057017,438,334,281,454,273,271,460,211,267,446,171,251,422,178,246,9.942750930786133,-41.3170166015625,-10.0,13.455560684204102,-80.7689323425293,-14.0,3.8242740631103516,-103.43154907226562,-30.0,-10.381103157997131,-98.55297088623047,-35.0,43.65723487493728,83.07028677618956,107.7622866108467,105.09736140017583
13.617179945111275,438,334,281,454,272,271,459,210,267,445,170,251,423,179,248,9.942750930786133,-41.95766067504883,-10.0,12.824373245239258,-81.40011787414551,-14.0,3.230910301208496,-104.0249137878418,-30.0,-9.80897057056427,-98.2567138671875,-33.0,44.26402134232934,83.58494923763483,108.3126099304341,104.11338878181111
13.673145269975066,438,334,281,454,272,271,459,211,267,445,171,251,422,179,247,9.942750930786133,-41.95766067504883,-10.0,12.824373245239258,-80.7689323425293,-14.0,3.230910301208496,-103.43154907226562,-30.0,-10.388172626495361,-98.11407089233398,-34.0,44.26402134232934,82.97038616810991,107.74286113178425,104.35652848568606
13.72986287693493,437,334,281,453,272,271,459,209,266,444,171,251,423,180,247,9.966390609741211,-41.95766067504883,-10.0,13.408258438110352,-81.95958137512207,-15.0,3.301830291748047,-103.43154907226562,-30.0,-9.139981389045715,-97.5301628112793,-34.0,44.26933736920485,84.39285736084787,107.74501114559317,103.69026915668967
13.788484509103,437,334,281,454,272,271,459,211,267,444,171,251,422,180,247,10.607034683227539,-41.95766067504883,-10.0,13.488656997680664,-80.7689323425293,-14.0,3.301830291748047,-103.43154907226562,-30.0,-9.723888874053955,-97.5301628112793,-34.0,44.41795216006396,83.0756540711727,107.74501114559317,103.74336929572702
13.845639838138595,437,334,281,454,273,271,459,212,267,445,173,251,423,180,247,10.607034683227539,-41.3170166015625,-10.0,13.488656997680664,-80.13774299621582,-14.0,3.8951940536499023,-102.24482345581055,-30.0,-9.139981389045715,-97.5301628112793,-34.0,43.813297589030924,82.46212294216429,106.626340367779,103.69026915668967
13.902092990931123,438,334,281,453,273,271,458,212,267,445,172,251,422,180,247,9.302106857299805,-41.3170166015625,-10.0,12.193185806274414,-80.13774299621582,-14.0,3.230910301208496,-102.83818435668945,-30.0,-10.388172626495361,-97.5301628112793,-34.0,43.51580233476588,82.26014607714886,107.17336862838128,103.80773954052036
13.958884963067248,436,334,281,453,273,272,458,211,267,444,172,251,423,180,247,10.696887016296387,-41.237443923950195,-9.0,13.52175235748291,-80.7689323425293,-14.0,3.9661130905151367,-102.83818435668945,-30.0,-8.475698590278625,-97.5301628112793,-34.0,43.54250995544868,83.08103404850694,107.19805135741602,103.6338271250652
14.016361938090995,437,333,281,454,272,271,459,211,267,445,171,251,421,180,247,10.607034683227539,-41.29337692260742,-10.0,13.488656997680664,-80.10464859008789,-14.0,3.8951940536499023,-102.76726531982422,-30.0,-10.307796239852905,-96.86587905883789,-34.0,43.79100549706205,82.42996174536628,107.12741646297056,103.17581688149474
14.07309479615651,436,334,281,453,273,271,457,211,266,444,171,251,424,178,247,10.6306734085083,-41.3170166015625,-10.0,12.814894676208496,-80.70193672180176,-15.0,3.9661130905151367,-103.43154907226562,-30.0,-7.891791045665741,-98.69797897338867,-34.0,43.819026437977335,83.07842148363203,107.76741342602246,104.68797170324737
14.129778678063303,437,334,281,453,272,271,458,211,267,445,171,251,421,179,248,9.966390609741211,-41.95766067504883,-10.0,12.85746955871582,-80.7689323425293,-14.0,3.8951940536499023,-103.43154907226562,-30.0,-10.317229747772217,-98.2567138671875,-33.0,44.26933736920485,82.97550816479149,107.7648267302652,104.16250308842751
14.187139657093212,437,334,282,453,273,271,458,210,267,444,171,252,422,179,247,9.937999725341797,-41.54079055786133,-11.0,12.829078674316406,-81.62389183044434,-15.0,3.3183774948120117,-103.81687545776367,-30.0,-9.75227975845337,-98.33784484863281,-35.0,44.106701517037,83.97645489766687,108.11547187618841,104.83529315054601
14.243630594108254,437,333,282,454,272,271,458,211,268,445,171,252,422,179,247,10.578643798828125,-41.51478958129883,-11.0,12.907112121582031,-80.39305686950684,-14.0,3.9141054153442383,-103.15023040771484,-30.0,-9.75227975845337,-97.67119979858398,-35.0,44.231046320452364,82.6174142426574,107.49553597413748,104.21022133448355
14.29944268008694,436,333,282,453,272,272,458,209,268,443,168,253,421,179,247,10.670860767364502,-41.43758201599121,-10.0,13.57375955581665,-81.66015815734863,-14.0,3.4318718910217285,-105.10606384277344,-29.0,-9.6695396900177,-97.67119979858398,-35.0,43.94246776011194,83.95610983580835,109.08740716140223,104.20251085224261
14.35785728902556,436,333,282,453,272,272,457,210,269,444,170,252,421,178,248,10.670860767364502,-41.43758201599121,-10.0,13.015879154205322,-81.09596633911133,-13.0,3.985024929046631,-103.7459602355957,-30.0,-9.678973197937012,-98.40011215209961,-34.0,43.94246776011194,83.15629180423544,108.06990649061804,104.55747029128126
14.414589894935489,436,333,282,453,272,272,457,211,268,443,171,252,422,178,248,10.670860767364502,-41.43758201599121,-10.0,12.940208911895752,-80.39305686950684,-14.0,3.3892979621887207,-103.15023040771484,-30.0,-9.09270179271698,-98.40011215209961,-34.0,43.94246776011194,82.6225913386119,107.47770640389176,104.50482906276179
14.47147386497818,436,334,282,452,273,272,456,211,269,442,171,253,421,179,249,10.02785348892212,-41.46121788024902,-10.0,12.37996530532837,-81.12669563293457,-13.0,2.8337807655334473,-103.97843170166016,-29.0,-9.688406705856323,-98.62313079833984,-33.0,43.81313083664267,83.08913458015999,107.98400146579081,104.44801172336662
14.528322677128017,435,334,282,452,273,273,456,210,269,442,170,254,420,180,248,10.75835132598877,-41.38164520263672,-9.0,13.046612739562988,-81.76261138916016,-13.0,3.5406389236450195,-104.74044418334961,-28.0,-9.598597288131714,-97.89421844482422,-34.0,43.69419507131709,83.811328143342,108.4762498047983,104.07406533244819
14.586896714987233,435,333,283,452,272,274,456,210,270,441,171,254,419,181,247,10.798539161682129,-41.50457572937012,-9.0,13.096257209777832,-81.38673782348633,-13.0,2.916520118713379,-103.69475555419922,-29.0,-10.194369792938232,-96.72479629516602,-36.0,43.820523211178134,83.45245979869951,107.71308378766244,103.70926378012975
14.6448640730232,435,334,284,452,273,275,456,210,270,441,169,255,418,180,249,10.83872938156128,-41.6700553894043,-9.0,13.072595119476318,-82.27952575683594,-14.0,2.9307045936584473,-105.95473861694336,-29.0,-10.834990501403809,-98.48205184936523,-35.0,43.98717507140851,84.47966087720513,109.89083521750155,105.07669368431124
14.701568824006245,434,333,284,450,272,274,455,209,270,440,169,255,418,178,250,10.150783061981201,-41.72598838806152,-10.0,13.105689525604248,-82.24642944335938,-14.0,2.999260425567627,-105.28336334228516,-29.0,-10.180140495300293,-99.13295364379883,-34.0,44.0919097310612,84.4525562320231,109.24551322486434,105.29471856958268
14.758681650040671,433,332,283,450,271,274,454,210,271,441,170,255,418,176,252,10.841093063354492,-41.48330116271973,-9.0,13.226299285888672,-80.7870864868164,-12.0,4.292389869689941,-103.79012298583984,-28.0,-9.522881507873535,-99.72399520874023,-31.0,43.810884197482444,82.73746633677062,107.58631065432617,104.86448632690595
14.81619904213585,435,333,284,451,271,274,456,210,271,441,170,254,419,177,250,10.127143383026123,-42.37372398376465,-10.0,13.145900249481201,-81.67750930786133,-13.0,2.8928580284118652,-104.5166244506836,-30.0,-10.26051640510559,-99.72394943237305,-34.0,44.7000169726214,83.74383690818736,108.77542651783894,105.85907749120969
14.87355346698314,434,331,283,450,270,273,455,209,270,442,169,255,420,175,251,10.11295747756958,-41.53450393676758,-10.0,13.126987934112549,-80.68699264526367,-13.0,4.226197719573975,-103.72392654418945,-28.0,-8.988640785217285,-99.49861526489258,-32.0,43.90201505872472,82.7750481386702,107.51982926376577,104.90362292502955
14.930274130078033,435,332,283,452,271,274,456,207,270,441,166,255,417,177,249,10.798539161682129,-41.48330116271973,-9.0,13.096257209777832,-82.63256454467773,-13.0,2.954366683959961,-106.20140075683594,-28.0,-11.399963855743408,-98.6861572265625,-34.0,43.80037355301078,84.66789637244443,109.87022255924198,104.99960382810056
14.987465298036113,434,330,283,451,270,274,456,207,271,442,166,254,420,174,249,10.819817066192627,-40.793012619018555,-9.0,13.838573932647705,-81.37099266052246,-12.0,4.185987949371338,-104.69000244140625,-29.0,-8.965045690536499,-99.11404037475586,-34.0,43.152500737283816,83.40710146653075,108.71301258954205,105.16636840569394
15.044018954969943,434,330,283,451,269,274,456,205,270,442,164,254,421,173,249,10.819817066192627,-41.44074821472168,-9.0,13.765268802642822,-82.57110023498535,-13.0,4.185987949371338,-105.89091110229492,-29.0,-8.376410245895386,-99.70267486572266,-34.0,43.765329359457944,84.71404381343751,109.86995744600253,105.67302221469558
15.10097387409769,433,329,282,451,269,274,456,206,270,442,165,254,420,172,248,11.507763385772705,-40.55977821350098,-8.0,14.4532151222229,-81.05185127258301,-12.0,4.873934268951416,-104.40948486328125,-28.0,-8.265301942825317,-99.25114822387695,-34.0,42.91298436221046,83.20034868966697,108.2085752825247,105.23832780866516
15.157632054993883,433,328,283,451,268,274,456,205,270,442,165,255,420,172,248,11.488828659057617,-40.75046348571777,-9.0,14.434280395507812,-81.23307991027832,-13.0,4.895209312438965,-104.128173828125,-28.0,-8.284236669540405,-98.79409790039062,-35.0,43.285025797127595,83.52342020203558,107.9381288470057,105.13754018973873
15.214640317019075,434,329,283,451,268,274,455,206,271,442,165,255,419,171,249,10.819817066192627,-41.41947364807129,-9.0,13.197929859161377,-81.34262657165527,-12.0,4.226197719573975,-104.79718399047852,-28.0,-9.553681135177612,-100.21093368530273,-34.0,43.74518531940567,83.27549609664959,108.55556420331082,106.25207787762454
15.273980234051123,434,330,283,450,269,274,455,207,271,442,166,255,419,173,249,10.172081470489502,-41.44074821472168,-9.0,13.197929859161377,-81.37099266052246,-12.0,4.226197719573975,-104.86337661743164,-28.0,-9.553681135177612,-99.70267486572266,-34.0,43.60971054751721,83.30320401476851,108.61946650013634,105.77285189788849
15.331568244146183,433,331,284,451,271,275,455,208,271,441,166,256,420,173,249,11.531379699707031,-40.956125259399414,-9.0,13.848007202148438,-81.61604118347168,-13.0,4.311302185058594,-105.92244338989258,-28.0,-8.314968347549438,-100.5883674621582,-35.0,43.48996337136225,83.79704936292745,109.64557145738212,106.82770411893591
15.388168982928619,433,330,283,451,269,274,455,207,271,442,166,255,422,171,251,11.488828659057617,-41.44074821472168,-9.0,13.866941452026367,-81.37099266052246,-12.0,4.895209312438965,-104.86337661743164,-28.0,-7.132902145385742,-101.20305633544922,-32.0,43.93550724133206,83.41181278327865,108.64755326201275,106.3810927968488
15.444448246154934,434,329,282,451,269,274,456,206,271,443,164,255,422,170,249,10.841115951538086,-40.55977821350098,-8.0,13.859872817993164,-81.13066673278809,-11.0,4.850316047668457,-105.18804168701172,-27.0,-7.7664759159088135,-100.58761215209961,-33.0,42.73903840522248,83.03782968646081,108.70625409658261,106.14700121347569
15.50086700101383,433,329,282,451,269,274,455,207,271,443,165,254,426,166,251,11.507763385772705,-40.55977821350098,-8.0,13.885876178741455,-80.49002265930176,-11.0,5.474389553070068,-104.40948486328125,-28.0,-4.740513503551483,-103.28890609741211,-31.0,42.91298436221046,82.41638978350271,108.23728318095627,107.94475712639948
15.559796689078212,433,330,282,452,269,274,455,206,272,445,164,252,426,159,250,12.155497074127197,-41.22642707824707,-8.0,13.956818103790283,-81.87613105773926,-10.0,6.580695629119873,-105.32038116455078,-30.0,-4.742900013923645,-107.91917419433594,-32.0,43.71926804919243,83.65699975833692,109.70728436894872,112.6634069222545
15.616968217073008,435,328,282,453,267,275,453,205,274,444,162,255,420,142,246,11.536150932312012,-41.12321472167969,-7.0,11.469937324523926,-81.34820175170898,-8.0,4.7864885330200195,-105.72703552246094,-27.0,-9.575002431869507,-115.71242904663086,-36.0,43.280498696046195,82.54144044336309,109.22507272986569,121.5608773719649
15.672853793948889,436,330,283,453,265,276,449,199,276,435,153,262,421,112,251,10.909692764282227,-43.91036796569824,-7.0,8.29983901977539,-86.97295570373535,-7.0,-1.1659235954284668,-114.1287727355957,-21.0,-9.733299970626831,-136.21149826049805,-32.0,45.78364130444465,87.64805959973157,116.05057580194779,140.258010062484
15.730491118971258,435,330,283,452,266,276,448,200,277,435,150,264,424,105,253,10.926241874694824,-43.257904052734375,-7.0,8.370780944824219,-86.41349029541016,-6.0,-0.449587345123291,-116.40927505493164,-19.0,-7.288881361484528,-141.00020217895508,-30.0,45.16225220845289,87.0250612103271,117.95050422781424,144.3405168551367
15.787052741041407,436,331,284,453,265,277,446,198,277,433,145,265,430,96,258,10.94987964630127,-44.73540115356445,-7.0,6.3660888671875,-88.60883903503418,-7.0,-2.3738818168640137,-120.63846588134766,-19.0,-4.33615779876709,-148.96299743652344,-26.0,46.58493297879497,89.1125885753608,122.14857659868788,151.27715250403642
15.843915018020198,436,331,284,452,265,277,443,197,278,432,143,268,434,92,264,10.29505443572998,-44.73540115356445,-7.0,4.444181442260742,-89.3637580871582,-6.0,-2.950629711151123,-122.57462692260742,-16.0,-1.768721103668213,-153.49250030517578,-20.0,46.43537726997574,89.67514710415516,123.6496881553234,154.80011635743995
15.901531531941146,436,331,284,451,265,277,443,198,278,432,143,269,435,92,266,9.640225410461426,-44.73540115356445,-7.0,4.444181442260742,-88.7065658569336,-6.0,-2.9340591430664062,-122.80237197875977,-15.0,-1.0973005294799805,-154.18912506103516,-18.0,46.29460079031725,89.02025373375562,123.74987380464148,155.24010549964058
15.958004852989689,436,331,284,451,265,277,442,198,278,432,143,271,436,91,268,9.640225410461426,-44.73540115356445,-7.0,3.786989212036133,-88.7065658569336,-6.0,-2.9009180068969727,-123.25786590576172,-13.0,-0.4164237976074219,-155.51930236816406,-16.0,46.29460079031725,88.98986522870217,123.97546867394966,156.34073946946668
16.014634537044913,437,330,283,451,264,277,442,198,279,432,143,272,436,91,270,8.997241020202637,-44.50453567504883,-6.0,3.184215545654297,-87.91860008239746,-4.0,-3.527331829071045,-122.59992218017578,-11.0,-1.0073552131652832,-155.33495712280273,-13.0,45.79960743966384,88.06713046926035,123.14293722507001,155.8812486121036
16.071105943992734,437,330,283,451,264,277,442,197,279,432,142,273,436,91,271,8.997241020202637,-44.50453567504883,-6.0,3.184215545654297,-88.57815551757812,-4.0,-3.5107617378234863,-123.47303771972656,-10.0,-0.9813289642333984,-155.6856346130371,-12.0,45.79960743966384,88.72558178753997,123.92706117598684,156.15050378208883
16.129258811008185,436,331,283,451,265,278,443,198,280,433,143,274,436,91,273,9.727739334106445,-44.45805740356445,-5.0,4.555356979370117,-88.68533706665039,-3.0,-2.1774449348449707,-123.72442626953125,-9.0,-0.26026439666748047,-157.05599212646484,-10.0,45.78370649751889,88.85291378359457,124.0704433866864,157.37424312886895
16.18668685806915,436,330,283,451,265,278,443,198,281,433,143,275,436,92,274,9.727739334106445,-43.78904724121094,-5.0,4.597930908203125,-88.11405372619629,-2.0,-2.158510208129883,-123.28316116333008,-8.0,-0.2342381477355957,-156.08991622924805,-9.0,45.13435023178383,88.25659993847268,123.56130863964746,156.34934223067114
16.24371785414405,436,331,284,451,265,278,443,198,281,433,142,275,437,91,274,9.701712608337402,-44.674739837646484,-6.0,4.571904182434082,-88.99974632263184,-3.0,-2.184536933898926,-124.81895446777344,-9.0,0.3874702453613281,-157.62335205078125,-10.0,46.10808613568959,89.16757904836363,125.1620693183189,157.94072066733003
16.30264677107334,436,330,283,452,265,278,443,198,281,434,142,275,437,91,274,10.384931564331055,-43.78904724121094,-5.0,4.597930908203125,-88.11405372619629,-2.0,-1.508410930633545,-123.93326187133789,-8.0,0.4134969711303711,-156.7376594543457,-9.0,45.28054175789909,88.25659993847268,124.2003570912953,156.99638489777902
16.359156741993502,436,332,283,452,267,278,443,199,280,433,143,274,437,92,273,10.384931564331055,-43.81268882751465,-5.0,4.555356979370117,-88.69243240356445,-3.0,-2.1774449348449707,-124.39344024658203,-9.0,0.38510656356811523,-157.0796356201172,-10.0,45.30340501433051,88.85999573976102,124.73760155953079,157.39809475852653
16.417092696996406,436,332,283,451,266,277,443,199,280,434,143,274,437,92,273,9.666252136230469,-44.53290367126465,-6.0,4.555356979370117,-88.69243240356445,-3.0,-1.5297093391418457,-124.39344024658203,-9.0,0.38510656356811523,-157.0796356201172,-10.0,45.963202018085255,88.85999573976102,124.72797595985526,157.39809475852653
16.474256149027497,436,331,283,452,266,278,443,199,280,434,144,274,437,93,273,10.384931564331055,-43.800865173339844,-5.0,4.555356979370117,-88.02341842651367,-3.0,-1.5297093391418457,-123.07668685913086,-9.0,0.38510656356811523,-155.76525115966797,-10.0,45.29197051938605,88.19225288367795,123.414791896607,156.0863920266586
16.53128880611621,437,331,283,451,266,277,443,199,280,434,144,274,437,93,272,8.997241020202637,-43.86388969421387,-6.0,3.886345863342285,-88.02341842651367,-3.0,-2.1987204551696777,-123.07668685913086,-9.0,-0.31229496002197266,-155.41930389404297,-11.0,45.17733021197444,88.1602284233578,123.42489708264105,155.80840012993824
16.586872555082664,436,331,284,451,266,278,443,200,280,434,145,274,437,94,272,9.701712608337402,-44.017547607421875,-6.0,4.529330253601074,-87.57818031311035,-4.0,-1.5557360649108887,-122.64563369750977,-10.0,0.3306894302368164,-154.99297332763672,-12.0,45.47161449636932,87.78640270282098,123.06247104526793,155.4571681732328
16.64355860813521,436,331,0,451,267,278,443,200,281,434,145,274,437,93,272,17.09323501586914,18.17808723449707,278.0,11.96342658996582,-26.132734298706055,281.0,5.83578634262085,-61.1071891784668,274.0,7.722211837768555,-94.09754180908203,272.0,279.1175765494046,282.46600393268614,280.7919959178496,287.92009296014635
16.70031333505176,437,332,0,452,267,278,443,200,280,434,145,274,437,94,272,17.75042724609375,18.17808723449707,278.0,11.920852661132812,-26.039735794067383,280.0,5.83578634262085,-61.1071891784668,274.0,7.722211837768555,-93.45452880859375,272.0,279.158593854683,281.46078691070494,280.7919959178496,287.71058637197143
16.75632646912709,438,332,283,452,266,277,444,200,280,434,145,274,438,93,272,8.983057975769043,-44.53290367126465,-6.0,3.879253387451172,-88.0305118560791,-3.0,-2.867732524871826,-123.09796524047852,-9.0,-0.3382997512817383,-156.08831787109375,-11.0,45.824391321545825,88.16699849993383,123.45984341550196,156.4758045914745
16.813442738959566,438,333,283,452,267,277,444,201,280,434,146,273,438,94,271,8.983057975769043,-44.54708671569824,-6.0,3.879253387451172,-88.0376033782959,-3.0,-2.889030933380127,-122.89858627319336,-10.0,-0.36905384063720703,-155.77073287963867,-12.0,45.83817476134894,88.17407904502427,123.33859496395918,156.23270279489194
16.87166910804808,437,332,283,451,267,277,444,200,280,434,146,274,437,94,271,8.997241020202637,-43.87807655334473,-6.0,4.54826545715332,-88.0305118560791,-3.0,-2.1987204551696777,-122.45023345947266,-9.0,-0.3406858444213867,-155.10172271728516,-12.0,45.19110474415067,88.19896675308627,122.80022005647766,155.56561463483567
16.928899731021374,436,331,284,451,266,278,443,200,281,434,145,274,438,94,272,9.701712608337402,-44.017547607421875,-6.0,4.571904182434082,-87.67117881774902,-3.0,-1.5557360649108887,-122.64563369750977,-10.0,0.9736967086791992,-154.99297332763672,-12.0,45.47161449636932,87.84154998146995,123.06247104526793,155.45986577320204
