t,rs0,rs1,rs2,rs3,rs4,rs5,rs6,rs7,rs8,rs9,rs10,rs11,rs12,rs13,rs14,sg0,sg1,sg2,sg3,sg4
1.72327e+09,113.026,2.14612,19.6982,80.9365,43.9624,28.2187,100.937,10.2986,55.6181,59.3454,18.9549,113.408,-nan,66.8054,6.59425,154,149,137,162,143
1.72327e+09,112.931,2.14989,17.5628,81.5484,32.4935,20.8146,70.5162,71.0759,101.627,58.327,31.141,102.373,-nan,68.8304,7.28326,155,149,137,161,144
1.72327e+09,111.733,3.73236,13.0367,83.0672,21.5105,13.0092,67.7869,15.9689,8.49727,60.4308,30.2784,101.521,-nan,69.075,7.24842,155,147,136,159,145
1.72327e+09,113.347,1.18797,16.9434,83.4366,18.6751,9.49504,68.8853,14.7486,8.33825,57.3081,27.0204,3.45087,-nan,69.6014,5.43104,156,149,136,158,144
1.72327e+09,114.705,3.46292,17.5586,81.9723,21.8364,12.1884,67.7411,12.2284,6.04936,59.4195,22.313,109.969,-nan,69.8225,2.28498,154,150,136,157,143
1.72327e+09,109.91,4.95214,14.8957,84.9407,17.0367,10.5867,67.9498,14.0723,7.19679,58.6361,27.4356,105.61,66.449,9.90985,7.63293,152,150,138,152,144
1.72327e+09,114.42,1.91926,17.823,84.6328,19.4796,10.4144,68.8965,15.2899,7.52887,59.9801,20.1663,111.723,-nan,-nan,68.4312,152,148,136,150,147
1.72327e+09,115.574,1.97807,12.9875,84.9313,17.4088,11.8798,69.8356,11.1968,3.95422,59.9894,24.2121,7.9631,-nan,-nan,-nan,153,150,135,152,145
1.72327e+09,112.273,4.33345,16.9,86.1325,9.06118,6.49794,72.6069,11.7821,10.4738,62.8666,19.4177,3.87737,-nan,-nan,-nan,153,149,137,151,147
1.72327e+09,113.144,4.06277,17.9268,84.5316,8.2701,4.47933,71.831,10.9774,8.38918,63.4001,20.5165,4.15457,-nan,-nan,-nan,153,149,136,154,147
1.72327e+09,115.976,4.36319,13.8198,84.2548,7.82935,6.74865,70.8219,12.9125,7.81545,63.1514,18.571,1.30764,-nan,-nan,-nan,151,149,137,155,146
1.72327e+09,111.6,7.41,18.3633,83.011,7.23677,6.3888,71.5055,13.7708,8.29205,63.0786,19.4642,4.78816,-nan,-nan,-nan,154,147,135,160,148
1.72327e+09,116.268,2.06077,15.4759,84.1353,7.846,6.42282,71.716,11.8788,7.05657,62.1417,20.7756,2.5362,-nan,-nan,-nan,156,148,136,168,146
1.72327e+09,110.321,9.26643,19.18,83.3881,8.94651,7.69914,71.7452,11.6108,5.66286,63.411,15.1286,5.89188,-nan,-nan,-nan,155,150,138,180,146
1.72327e+09,111.092,9.53113,22.1203,83.6622,10.7095,8.12005,69.7084,12.3004,5.97026,61.0679,20.095,2.23644,-nan,-nan,180,152,148,139,191,145
1.72327e+09,113.932,4.65917,16.765,84.2307,18.3587,10.1384,69.596,14.372,6.63484,60.9399,20.7298,3.89402,-nan,-nan,76.4135,150,150,141,194,148
1.72327e+09,113.437,4.86261,18.7994,82.2141,46.5383,31.5949,112.949,76.0445,171.719,62.7229,16.1242,113.396,-nan,70.6169,7.97944,147,150,143,194,147
1.72327e+09,115.021,1.36188,19.3397,88.1375,67.8124,56.5555,115.135,76.7314,42.3548,59.8332,21.6669,110.982,64.891,10.1261,7.05481,150,149,147,198,147
1.72327e+09,115.362,2.20395,17.8554,88.8287,102.026,39.8587,180,166.572,66.9692,60.1695,23.1462,6.92159,-nan,-nan,75.2795,148,151,148,197,145
1.72327e+09,112.825,3.85252,22.7159,94.184,148.874,33.3457,67.5717,19.4978,9.24193,59.5531,25.8449,5.85787,-nan,-nan,75.2795,151,151,147,198,147
1.72327e+09,110.68,5.43731,21.8427,94.2661,154.432,32.8101,68.8062,23.2769,9.7666,60.7171,23.583,6.06496,nan,171.005,180,149,152,146,197,147
1.72327e+09,113.884,2.90778,22.2113,96.3103,144.459,38.9757,67.0421,27.6487,11.2592,59.5442,28.893,5.29448,61.6624,22.1086,7.17031,148,150,148,195,145
1.72327e+09,112.861,5.73144,24.1794,95.2285,155.238,37.7581,67.0037,25.9369,9.05234,59.8747,26.1635,7.44836,67.5046,118.288,-nan,149,152,144,196,145
1.72327e+09,109.955,8.25771,25.9867,93.1347,167.475,20.9308,67.5938,25.1355,10.6467,59.9891,30.4054,10.0201,63.6344,121.951,-nan,148,150,145,194,145
1.72327e+09,114.802,1.95531,19.1748,96.7817,133.973,49.4728,67.7874,26.8619,9.90893,58.9843,27.6069,6.7,62.2061,19.7332,107.283,147,151,140,176,147
1.72327e+09,116.142,1.36132,23.6204,92.8106,150.039,32.7392,67.4678,27.5567,9.74442,58.3587,29.7712,9.10064,60.9019,20.5569,10.2437,148,148,138,156,146
1.72327e+09,112.124,4.12,20.0231,97.0391,146.534,39.2606,68.8136,25.9348,9.74979,58.1974,31.6799,8.77027,64.3681,17.1729,7.24612,153,148,136,153,147
1.72327e+09,112.018,6.57176,23.9818,96.9301,143.089,42.7359,66.2634,28.3996,10.0693,57.822,32.2878,8.34756,63.3781,16.2982,8.70899,155,148,136,150,149
1.72327e+09,114.431,2.8692,20.3157,88.6886,64.6664,46.7947,121.196,83.8447,40.4084,60.9842,17.8507,114.287,62.7684,17.4642,6.1371,155,148,135,152,149
1.72327e+09,114.461,5.75241,21.809,88.5135,9.03104,8.43046,69.7732,12.8214,6.31924,60.8681,21.0782,4.13976,-nan,-nan,78.0265,155,148,134,148,147
1.72327e+09,119.978,5.06619,20.4209,86.9691,6.81433,4.75412,70.1573,7.47665,7.82946,58.8395,31.5815,101.354,-nan,66.7346,10.1124,156,148,135,147,147
1.72327e+09,117.329,5.20472,21.2297,86.5031,6.19117,5.63803,69.7804,8.44486,6.09084,60.5357,46.9543,84.5984,-nan,68.1648,7.55585,156,150,136,149,146
1.72327e+09,113.041,9.86359,26.4727,84.3549,6.28289,5.2812,69.2758,15.1122,7.17986,60.5322,20.9144,5.78821,-nan,-nan,70.8618,156,149,136,150,150
1.72327e+09,117.436,4.91384,19.49,81.5665,5.97797,6.38474,69.7443,9.81197,6.34404,57.0858,21.6756,113.982,-nan,-nan,-nan,156,149,135,149,146
1.72327e+09,116.208,3.98562,20.2957,80.6503,6.48317,6.96652,67.4095,13.9976,5.06565,-nan,71.9124,1.97976,-nan,-nan,-nan,156,148,136,153,148
1.72327e+09,113.277,3.8241,20.0473,78.4928,6.0477,8.02609,68.0296,10.8459,5.41765,-nan,82.7889,101.687,-nan,-nan,-nan,158,149,135,159,149
1.72327e+09,112.257,5.19802,21.1045,79.5657,5.90113,7.49865,67.88,13.0133,7.75978,-nan,69.1985,115.284,-nan,-nan,-nan,155,148,135,165,148
1.72327e+09,115.336,1.16,23.4148,80.6305,8.71241,3.526,69.7234,9.08397,5.06557,-nan,79.0415,105.333,-nan,-nan,-nan,154,148,136,172,149
1.72327e+09,112.235,4.08475,18.8729,80.0902,6.43244,8.54893,67.9015,10.1074,2.73274,58.5787,20.798,112.844,-nan,-nan,-nan,154,150,138,0,0
1.72327e+09,112.376,5.2277,21.2587,83.3434,10.5077,5.43312,66.0183,11.7993,4.3241,58.6037,128.634,-nan,-nan,180,172.902,147,150,140,193,149
1.72327e+09,110.418,5.6336,21.3373,108.169,57.4704,64.8112,nan,166.087,71.5425,135.685,101.651,55.7356,58.1875,21.4508,3.67262,150,153,143,192,149
1.72327e+09,108.3,2.98146,23.1215,116.189,167.577,16.7055,42.3276,48.6368,5.35006,32.1044,51.0613,108.31,180,171.347,69.0831,149,152,144,193,149
1.72327e+09,110.867,3.81681,24.0059,109.399,161.813,28.7258,45.7012,50.7657,7.65092,33.9223,50.3054,5.56713,-nan,78.0635,2.89528,151,151,142,195,147
1.72327e+09,111.998,4.17099,23.5756,107.327,135.498,24.1519,47.2541,50.0298,8.37568,35.4857,43.5073,10.8997,59.0833,24.7941,3.92564,152,151,143,195,148
1.72327e+09,108.689,74.9773,172.43,109.488,165.056,21.7195,45.9016,51.8601,7.43242,37.0661,45.3868,10.3479,29.514,54.3573,5.98637,151,154,144,194,148
1.72327e+09,112.111,7.76223,25.3497,103.543,120.719,18.6914,47.899,47.9407,5.47827,37.0536,47.4046,9.71382,-nan,77.4809,12.373,150,152,145,194,148
1.72327e+09,113.938,0.686828,23.6128,104.617,157.736,16.933,46.3331,51.847,5.86513,36.7684,57.7947,24.3321,29.4437,54.4604,10.6949,150,154,145,194,147
1.72327e+09,108.308,7.68234,25.6546,109.41,159.421,14.4644,46.2089,51.2615,6.80088,36.8478,59.942,22.2067,30.6615,51.3296,15.2819,151,152,143,191,146
1.72327e+09,30.2184,7.29159,29.6832,25.5833,157.706,16.4393,50.3454,50.4254,5.28739,57.8402,56.3064,4.17779,156.666,82.03,8.00105,149,149,139,174,149
1.72327e+09,110.849,4.24772,25.2207,104.7,157.986,26.5828,45.9178,52.263,6.92106,36.4536,62.4019,10.8958,-nan,79.9051,11.7261,155,148,134,156,149
1.72327e+09,27.3091,7.0333,32.1986,22.4004,151.266,25.9693,50.447,49.4275,7.01481,58.8531,64.2106,5.49403,64.2531,56.541,11.796,155,149,133,149,149
1.72327e+09,110.01,6.26858,31.5412,117.601,142.155,44.3881,74.3207,10.5504,7.96234,60.3144,34.6978,16.7187,nan,170.513,72.2712,157,148,133,147,148
1.72327e+09,118.665,3.34522,19.3273,95.1975,6.23037,6.53475,69.0505,9.89773,5.56049,64.9803,7.68615,4.8906,56.35,19.6392,5.34461,153,148,132,148,146
1.72327e+09,119.408,5.55548,24.8428,91.9239,5.78518,5.35193,67.1045,12.3167,4.00906,58.817,23.9524,9.27868,-nan,69.0898,5.31529,156,146,130,148,146
1.72327e+09,115.771,6.01292,23.469,87.2008,4.07423,5.18562,68.0414,8.0451,2.78516,56.5,20.4934,0.0487231,-nan,-nan,-nan,153,147,130,146,147
1.72327e+09,114.611,5.6347,20.4802,87.1608,5.12144,3.46624,69.1448,5.44689,1.95931,57.5106,21.4694,6.40036,-nan,-nan,-nan,155,147,129,147,146
1.72327e+09,118.519,4.00732,23.8415,86.5323,6.13054,3.42679,69.397,4.13174,5.92966,60.8665,16.0163,12.8904,-nan,-nan,69.6085,153,146,131,147,146
1.72327e+09,113.979,5.06903,23.3885,85.5017,5.15096,4.66463,70.0358,2.90913,2.51662,60.1249,14.7478,6.52143,-nan,-nan,-nan,155,147,131,147,148
1.72327e+09,115.498,2.47761,22.5242,84.3144,2.41363,6.19306,67.3479,7.22552,2.65955,59.4615,17.5637,2.24219,-nan,-nan,-nan,154,147,131,152,149
1.72327e+09,115.746,1.26756,15.6387,84.3144,2.41363,6.95291,67.5603,7.2632,3.56995,60.6484,18.4217,0.591941,-nan,-nan,-nan,153,148,133,157,147
1.72327e+09,116.698,3.58227,21.4771,86.8281,5.10647,5.13242,68.3134,5.32565,6.59879,56.8427,18.0392,17.3725,-nan,-nan,-nan,157,148,133,161,146
1.72327e+09,116.61,2.70856,21.3162,86.9898,4.58708,5.48442,66.2841,10.0593,1.17204,58.8992,18.2466,5.4063,-nan,-nan,-nan,154,147,136,172,147
1.72327e+09,111.506,5.75569,20.1421,86.1305,6.73705,9.02046,65.0573,11.0938,2.10606,60.7621,20.3982,111.109,57.8416,11.5585,11.3169,156,149,139,183,150
1.72327e+09,111.752,2.90172,29.6214,92.4496,23.4125,14.6329,65.5032,12.8282,5.0814,59.1796,26.3079,20.2106,56.1699,15.6961,6.25814,155,150,139,187,148
1.72327e+09,114.161,3.06571,21.4716,100.744,58.6056,41.4993,129.524,96.6163,50.9421,nan,168.285,180,56.6677,15.7322,8.91712,152,149,141,187,149
1.72327e+09,108.784,9.50803,25.4065,112.097,-nan,-nan,180,166.484,75.2233,59.1,24.8696,13.484,57.0474,17.6766,6.41265,151,150,140,191,150
1.72327e+09,108.926,2.7978,34.4706,111.643,128.304,42.4246,39.8327,46.2157,8.29054,33.7088,52.5855,14.9145,63.9903,14.54,9.40075,150,153,144,188,148
1.72327e+09,111.777,4.41525,35.7232,113.796,143.384,35.1105,42.1056,47.8729,4.70047,34.4102,58.5156,12.9705,28.4658,52.4003,9.83695,150,153,141,191,149
1.72327e+09,113.356,11.3257,36.9345,110.877,153.56,26.0051,42.5553,50.2279,5.32033,34.1047,63.0726,11.143,-nan,82.225,12.4893,150,153,143,192,149
1.72327e+09,113.811,4.28626,23.4918,116.624,145.661,36.1595,43.8871,50.5119,4.24447,33.7175,63.6585,40.0149,64.6101,15.4348,9.5581,150,152,143,191,149
1.72327e+09,114.46,5.13565,24.4663,116.934,149.136,31.4886,43.4794,51.2004,6.54402,33.8684,68.9398,13.77,-nan,79.2624,6.05708,150,154,143,188,150
1.72327e+09,112.044,6.00191,23.8655,119.339,136.931,44.859,44.1126,51.932,6.35121,35.1736,66.2338,7.52726,-nan,76.3244,11.4975,149,153,141,188,151
1.72327e+09,111.867,4.23385,22.8681,114.063,146.811,34.1882,44.3375,50.4311,6.34389,35.3074,64.7314,91.4754,-nan,73.4816,17.4504,149,152,143,187,150
1.72327e+09,113.03,5.26438,22.757,113.891,145.326,38.5497,44.0182,48.7284,8.27235,36.1298,59.5391,95.8475,-nan,64.7609,23.5201,153,150,139,165,149
1.72327e+09,114.884,3.41437,20.6466,116.01,135.241,42.6106,43.9301,50.9384,8.61552,33.1433,61.6952,27.6889,-nan,76.8848,8.60116,156,150,138,151,150
1.72327e+09,114.646,4.3269,22.6085,117.255,152.006,26.8221,43.2821,52.66,8.02146,35.3361,51.7782,28.7186,29.9763,36.5063,24.312,153,149,136,149,149
1.72327e+09,114.711,3.84832,19.4539,118.753,33.4611,75.9456,nan,165.907,80.4664,58.1529,51.1878,3.29721,58.3455,20.2472,10.5088,156,148,134,148,149
1.72327e+09,116.352,9.67266,26.499,98.6593,13.4612,11.8771,74.1097,10.626,4.25216,57.7714,23.1358,7.93399,-nan,-nan,72.5236,155,150,134,151,149
1.72327e+09,118.886,3.25374,23.1626,92.0112,6.53777,5.03592,70.2134,11.2661,5.43014,58.3857,16.7202,9.57338,-nan,-nan,-nan,157,148,134,151,150
1.72327e+09,115.95,4.31941,20.6437,86.8352,4.26487,5.88559,71.5819,4.68277,4.27329,56.4839,20.3524,7.23607,-nan,-nan,-nan,157,149,133,149,147
1.72327e+09,116.887,5.08907,26.5931,86.4457,5.67822,7.57113,71.0232,5.09401,4.59327,55.6615,23.3398,1.95607,-nan,-nan,-nan,155,149,134,149,147
1.72327e+09,117.872,3.47549,24.3335,88.0426,4.74858,5.58581,69.8241,7.85128,2.44327,56.2615,18.9738,6.56948,-nan,-nan,-nan,156,150,134,154,150
1.72327e+09,112.949,6.26452,20.9144,86.8257,4.76789,5.75895,69.0852,8.67064,5.06433,55.9393,24.6719,2.95306,-nan,-nan,64.21,156,150,134,159,149
1.72327e+09,116.198,2.59877,20.6447,86.6099,4.99657,8.08941,70.6107,5.64822,3.96847,-nan,69.9458,4.79487,-nan,-nan,-nan,156,151,136,168,151
1.72327e+09,118.787,1.83703,22.1078,87.1646,6.73834,4.26926,67.136,10.7908,3.99353,56.0557,22.8681,8.2931,-nan,-nan,-nan,0,0,0,0,0
1.72327e+09,115.14,6.23849,23.9551,88.9498,10.2348,8.95418,69.0853,7.07252,3.58534,59.8608,18.8149,113.388,-nan,65.1826,9.76714,156,151,140,186,151
1.72327e+09,111.617,5.21364,17.988,85.3177,34.4115,16.6901,66.6265,15.3371,8.87443,60.318,28.6444,102.755,-nan,68.1648,3.27805,-29440,-17408,-26624,0,0
1.72327e+09,113.509,3.66387,22.8858,85.2608,48.5912,41.5094,119.171,69.5048,171.478,62.7724,23.7276,105.417,55.707,20.8594,2.41331,0,0,0,0,0
1.72327e+09,112.922,5.58856,21.8977,96.5724,41.3111,121.417,180,165.812,60.3865,57.0119,37.7896,20.7192,55.4874,19.665,5.08278,154,149,140,192,150
1.72327e+09,113.863,2.61435,26.0378,100.345,134.265,44.6469,67.5719,19.0172,9.36459,55.947,25.353,6.41501,nan,-nan,-nan,-29184,-17664,-27136,0,0
1.72327e+09,114.614,3.47128,28.9216,104.082,138.5,41.6053,68.5525,18.6926,10.0542,59.5236,16.5969,5.78312,54.7793,23.1254,7.01515,147,150,141,191,150
1.72327e+09,113.464,2.10518,25.7206,104.286,127.742,54.0952,69.3353,17.8471,10.3166,58.7186,20.0664,8.17578,56.24,18.8703,6.07386,149,150,142,190,149
1.72327e+09,111.278,4.37154,31.5915,102.09,80.6941,98.2343,69.6871,18.5146,7.90069,59.8569,19.2568,6.2199,55.5989,19.4571,5.04155,153,153,140,188,149
1.72327e+09,114.019,1.12145,29.9639,101.234,91.3734,85.0263,69.3704,19.1828,6.67923,60.5618,16.9453,4.70187,54.954,22.4806,8.06785,151,152,143,191,150
1.72327e+09,116.013,2.48899,24.6096,101.618,117.621,70.1781,68.4973,18.1989,10.5684,59.7907,19.1964,8.62502,-nan,-nan,72.3432,149,152,140,186,152
1.72327e+09,112.547,1.27524,23.6276,101.765,121.126,63.6205,69.4056,15.5752,11.5197,57.862,24.8726,5.69177,-nan,-nan,71.546,154,152,138,168,152
1.72327e+09,113.871,3.46298,28.9094,103.073,138.466,40.2041,69.6847,17.7981,9.40219,56.5989,27.963,8.27819,nan,-nan,-nan,153,150,137,155,153
1.72327e+09,111.096,8.98371,30.4022,101.371,125.267,58.536,69.4163,16.422,10.7748,59.5593,23.3671,6.63265,55.1168,22.5688,6.9933,157,149,137,150,150
1.72327e+09,116.547,5.88099,23.7506,105.115,-nan,-nan,180,166.581,75.61,58.9341,20.6588,26.8705,-nan,-nan,-nan,155,150,135,149,150
1.72327e+09,119.053,3.89734,30.3308,92.5225,15.5516,10.4418,68.1711,11.943,8.22847,59.6367,19.5494,112.364,-nan,-nan,72.6069,154,149,136,148,149
1.72327e+09,119.794,2.70504,22.8399,89.6963,6.79068,6.66759,67.3827,12.319,5.72159,58.456,18.7554,114.37,-nan,-nan,-nan,154,148,134,151,148
1.72327e+09,115.421,6.28257,26.258,86.1884,5.40148,4.50065,68.1656,10.0177,5.29755,58.9878,19.3756,113.049,-nan,-nan,-nan,157,150,134,149,150
1.72327e+09,115.2,6.40036,25.8576,84.8174,5.81871,8.21168,68.6076,8.78412,5.43021,59.9269,25.7582,106.129,-nan,-nan,66.609,157,149,133,148,149
1.72327e+09,115.27,4.22202,19.9946,84.6705,5.98329,4.70976,67.2678,8.89323,4.62747,58.143,30.382,103.041,-nan,-nan,-nan,153,148,135,149,146
1.72327e+09,117.807,0.695443,23.8007,84.3319,6.56687,5.39779,68.1843,7.3124,3.70841,56.1583,22.0105,113.272,-nan,-nan,-nan,155,147,133,151,148
1.72327e+09,108.243,11.0549,23.7017,85.626,5.6442,5.57061,68.0848,7.62596,4.80991,56.0015,24.2376,111.453,-nan,180,173.609,157,148,135,158,149
1.72327e+09,113.877,4.82793,27.179,84.7779,4.78082,5.83672,66.7299,9.14021,3.61349,55.6197,19.1465,116.844,-nan,-nan,-nan,157,148,136,164,146
1.72327e+09,115.971,3.37564,23.0719,83.7813,5.05444,6.34336,67.4845,8.81644,2.57373,57.6181,18.8077,115.15,-nan,-nan,-nan,156,148,137,174,146
1.72327e+09,115.799,4.488,24.395,86.6827,5.6065,3.92554,65.5653,10.3134,5.47453,58.4342,20.371,113.051,-nan,-nan,-nan,155,151,139,185,145
1.72327e+09,114.292,3.95998,19.5841,89.3919,22.5042,14.4537,66.598,11.0817,3.95991,59.5759,29.4636,102.592,-nan,68.8626,3.65788,153,153,140,187,143
1.72327e+09,109.661,1.30764,23.6408,93.1945,40.1125,18.9766,65.5948,122.88,171.25,59.6602,14.2118,117.723,54.6586,19.1019,7.28076,148,151,141,188,144
1.72327e+09,110.036,2.40133,22.1966,119.959,118.199,76.2506,71.0639,15.8227,4.7354,58.5157,19.4972,31.517,51.6229,23.8316,2.52913,151,154,143,193,144
1.72327e+09,-nan,-nan,-nan,-nan,-nan,-nan,-nan,-nan,-nan,-nan,-nan,-nan,-nan,-nan,-nan,152,154,143,192,145
1.72327e+09,-nan,-nan,-nan,-nan,-nan,-nan,-nan,-nan,-nan,-nan,-nan,-nan,-nan,-nan,-nan,152,153,143,193,145
1.72327e+09,-nan,-nan,-nan,-nan,-nan,-nan,-nan,-nan,-nan,-nan,-nan,-nan,-nan,-nan,-nan,153,152,142,190,144
1.72327e+09,-nan,-nan,-nan,-nan,-nan,-nan,-nan,-nan,-nan,-nan,-nan,-nan,-nan,-nan,-nan,153,153,143,189,144
1.72327e+09,-nan,-nan,-nan,-nan,-nan,-nan,-nan,-nan,-nan,-nan,-nan,-nan,-nan,-nan,-nan,153,153,144,191,146
1.72327e+09,-nan,-nan,-nan,-nan,-nan,-nan,-nan,-nan,-nan,-nan,-nan,-nan,-nan,-nan,-nan,150,153,140,187,147
1.72327e+09,-nan,-nan,-nan,-nan,-nan,-nan,-nan,-nan,-nan,-nan,-nan,-nan,-nan,-nan,-nan,156,150,139,167,146
1.72327e+09,-nan,-nan,-nan,-nan,-nan,-nan,-nan,-nan,-nan,-nan,-nan,-nan,-nan,-nan,-nan,156,150,138,158,147
1.72327e+09,-nan,-nan,-nan,-nan,-nan,-nan,-nan,-nan,-nan,-nan,-nan,-nan,-nan,-nan,-nan,155,149,136,154,145
1.72327e+09,-nan,-nan,-nan,-nan,-nan,-nan,-nan,-nan,-nan,-nan,-nan,-nan,-nan,-nan,-nan,156,148,135,153,146
1.72327e+09,117.451,3.02553,26.7781,110.325,36.3181,53.8259,132.205,92.9788,54.5548,71.9624,10.1155,5.06114,-nan,-nan,-nan,154,149,134,153,145
1.72327e+09,110.805,9.27275,24.4297,99.4077,12.4654,9.42865,70.9331,16.0999,4.97056,-nan,49.9701,23.1787,-nan,180,-nan,156,149,134,153,146
1.72327e+09,111.999,9.24463,25.8947,93.2484,8.76451,5.03266,70.2571,15.8551,5.64928,-nan,61.502,123.083,-nan,180,172.608,155,149,134,153,147
1.72327e+09,117.486,3.86881,26.9323,90.9818,5.62564,7.86228,70.0107,12.2392,5.14647,55.924,24.0556,6.10002,-nan,-nan,-nan,153,147,136,154,147
1.72327e+09,118.968,1.4487,24.6446,89.4535,6.94672,4.01597,68.933,13.3327,4.92661,56.8401,25.2152,3.68185,-nan,-nan,-nan,154,150,134,154,147
1.72327e+09,114.522,1.53797,17.6517,86.3327,6.0938,5.69715,70.5159,9.61494,7.43629,60.1472,28.7561,103.152,-nan,-nan,-nan,154,148,136,156,148
1.72327e+09,111.36,2.97083,15.1209,85.2093,7.64383,5.1911,69.3216,12.5426,6.4753,60.381,16.2087,115.775,-nan,-nan,70.3422,155,150,138,162,148
1.72327e+09,111.538,4.06038,18.7185,86.4377,7.13971,6.22344,71.1865,7.59088,7.47789,60.9328,18.8103,112.723,-nan,-nan,-nan,154,148,140,182,149
1.72327e+09,111.705,4.53117,19.5424,86.378,6.49406,7.10391,70.4716,14.1203,6.08889,61.3669,18.5199,1.81679,-nan,-nan,-nan,149,151,143,188,152
1.72327e+09,111.405,2.72784,16.3022,87.341,8.54582,9.08901,69.5671,10.9656,8.1176,59.8087,28.3869,104.171,-nan,69.978,6.04279,150,153,146,193,149
1.72327e+09,113.221,5.20522,36.7151,91.3278,44.3326,28.3343,69.1619,17.5558,10.8272,60.3352,20.1031,4.96661,-nan,-nan,-nan,152,156,146,193,149
1.72327e+09,112.036,0.755165,36.122,110.481,127.544,74.5984,73.6273,23.0455,8.26436,59.9833,23.8696,6.7091,180,170.049,74.2603,152,156,147,193,149
1.72327e+09,110.541,4.01725,38.6923,114.732,141.013,57.7387,44.9456,58.0993,8.02676,68.1822,24.0869,33.1199,63.8496,15.8263,5.19053,153,0,0,0,0
1.72327e+09,110.474,1.68679,44.4068,114.333,130.486,69.8133,48.2107,54.9504,8.09784,63.9726,36.6453,32.0087,64.058,23.2237,4.03117,151,155,145,192,0
1.72327e+09,114.111,8.70816,47.7772,112.01,144.045,12.6263,47.6613,56.0724,8.58256,64.9202,33.8726,31.4816,64.1887,23.1945,5.17964,-27136,0,0,0,0
1.72327e+09,110.483,5.79521,40.676,113.128,142.07,5.40469,47.5878,55.4572,9.01125,67.0604,24.1346,13.6471,65.6943,19.8843,8.22368,152,0,0,0,0
1.72327e+09,111.277,2.85288,37.2399,113.74,151.093,45.8018,46.1918,58.1911,7.09669,65.1927,34.5524,28.7157,63.8893,23.8057,8.73451,-25600,-28160,-16384,-27136,0
1.72327e+09,108.868,7.46949,36.98,112.742,149.264,46.9555,47.5625,56.1178,7.21034,67.6635,19.3947,8.43214,62.7498,23.5195,10.2957,152,152,143,189,149
1.72327e+09,112.324,3.23907,40.7882,113.556,142.339,13.0663,46.7276,56.5712,5.94051,67.7748,25.5136,14.0231,62.8724,22.9863,7.43152,156,151,141,172,152
1.72327e+09,111.621,3.43354,36.7197,113.911,116.648,15.3429,45.417,58.5294,7.0927,63.9931,26.7106,11.6595,65.9749,120.015,173.271,156,150,139,159,150
1.72327e+09,109.219,4.64722,33.5638,114.547,151.172,47.2178,44.7886,56.7967,10.2277,64.1799,32.9242,32.5367,62.9628,24.9254,2.87326,156,150,137,150,150
1.72327e+09,109.573,3.05301,27.3095,98.5256,51.9756,39.3986,nan,166.325,84.4475,64.8479,17.5127,7.54858,180,-nan,-nan,158,150,138,149,150
1.72327e+09,113.083,5.35929,18.6665,94.0307,13.6624,13.7881,72.3176,12.9579,8.0727,60.3897,24.6019,5.60238,-nan,-nan,-nan,155,150,137,150,151
1.72327e+09,111.907,5.64918,16.5351,91.2328,7.42214,8.38687,72.4243,8.5673,5.56754,59.5594,26.5291,10.2116,-nan,-nan,-nan,157,150,136,151,150
1.72327e+09,112.687,4.64393,19.8941,89.9218,6.46358,6.88874,70.3774,11.4886,7.75584,62.4546,19.3387,4.0516,-nan,-nan,-nan,158,151,137,151,148
1.72327e+09,113.58,5.23784,17.0135,88.7163,6.53768,8.73019,69.4089,14.7055,6.72489,60.6612,19.5653,10.9725,-nan,-nan,-nan,157,151,138,151,149
1.72327e+09,112.36,7.68567,19.0557,87.283,8.27512,8.11843,69.6229,14.7138,6.16385,60.7091,19.8312,10.9778,-nan,-nan,-nan,156,150,136,156,150
1.72327e+09,111.531,10.7141,22.0487,88.4975,7.32173,8.73019,69.5228,14.4887,5.08169,61.6504,22.1222,108.361,-nan,nan,173.088,157,150,138,178,149
1.72327e+09,112.732,8.96023,25.9544,87.5464,7.80594,12.284,70.3819,12.0729,4.93035,60.7174,17.9409,113.295,-nan,-nan,-nan,157,152,139,189,152
1.72327e+09,114.281,3.52586,15.0538,89.5177,22.0561,11.0794,69.8258,12.6925,8.53772,62.0497,21.4186,109.05,-nan,-nan,-nan,153,151,142,197,151
1.72327e+09,115.866,4.0528,28.2725,95.6325,85.8221,50.7371,180,166.054,71.0727,63.002,13.6272,46.5241,-nan,-nan,-nan,149,153,142,197,153
1.72327e+09,114.611,1.9555,36.0153,101.271,127.979,46.0114,71.4684,13.9229,10.5164,60.6633,21.0695,9.1525,-nan,-nan,-nan,151,151,143,195,151
1.72327e+09,114.644,5.28248,28.4655,102.908,160.108,34.8731,71.4692,18.6755,10.371,60.6827,19.1599,10.8431,nan,-nan,-nan,149,152,143,197,153
1.72327e+09,115.42,7.39989,32.7064,101.851,157.604,36.1787,70.5029,21.4878,7.90281,62.7018,20.8935,37.335,180,170.441,76.9879,149,151,143,198,152
1.72327e+09,119.689,8.31854,25.2628,105.242,156.686,30.9177,72.156,21.6135,9.72985,59.635,26.1357,8.61175,58.7651,24.6129,9.54621,148,151,146,197,150
1.72327e+09,116.72,6.62346,27.0538,104.735,157.557,31.3052,74.0073,18.2131,11.8527,59.6315,36.689,8.14741,58.6666,24.5001,9.93849,150,152,143,195,150
1.72327e+09,116.605,10.5412,27.3966,105.154,161.451,23.9437,71.9702,22.4885,10.8752,61.9217,30.3628,99.2266,-nan,77.212,10.1211,149,151,142,193,151
1.72327e+09,116.747,8.85673,27.2251,106.271,158.014,38.0545,72.728,20.8853,9.91546,61.2849,28.9688,11.9468,57.7198,128.015,173.495,149,151,142,183,150
1.72327e+09,114.464,8.64728,26.5106,104.161,141.188,45.917,72.407,24.2164,8.32461,60.2546,30.2905,10.7609,180,-nan,-nan,155,151,138,159,152
1.72327e+09,118.756,10.1432,27.2445,106.256,157.665,25.7676,71.5433,27.3617,8.92085,59.3644,31.0371,101.178,-nan,-nan,-nan,154,150,137,152,149
1.72327e+09,119.652,2.73549,27.0229,101.168,77.238,125.929,74.1453,14.9797,15.4788,60.3775,22.0156,11.5635,-nan,-nan,-nan,154,150,136,149,150
1.72327e+09,120.705,2.63514,26.6931,88.4625,14.8175,14.2906,72.2177,14.6696,7.89482,59.583,25.0129,10.3222,-nan,-nan,-nan,154,150,135,152,150
1.72327e+09,119.865,3.60005,34.087,87.1457,9.53934,6.10299,72.0689,14.1503,7.57186,-nan,75.2047,3.89805,-nan,-nan,-nan,154,151,136,150,151
1.72327e+09,121.917,1.4479,24.04,84.8872,7.32372,5.33402,70.6762,12.9787,4.73596,-nan,72.9687,2.05717,-nan,-nan,-nan,154,149,137,152,150
1.72327e+09,117.19,7.21855,25.4561,84.8734,9.2307,5.19735,71.0063,12.4358,5.99492,60.732,19.7698,2.19265,-nan,-nan,-nan,155,152,136,151,152
1.72327e+09,119.119,3.26889,27.2052,86.3366,8.53747,7.2865,71.1962,10.3634,7.21788,59.6423,21.2058,2.93732,-nan,-nan,-nan,155,150,136,153,151
1.72327e+09,118.013,4.45591,18.4392,86.3348,6.72403,6.53913,70.2452,8.78157,6.40499,56.9497,25.3868,2.30297,-nan,-nan,-nan,158,151,137,154,151
1.72327e+09,117.23,4.13954,18.782,86.2882,7.15865,5.26211,70.1495,10.7845,8.39193,59.5077,18.6702,5.22201,-nan,-nan,-nan,158,151,136,166,151
1.72327e+09,118.879,4.88836,24.4281,87.7585,8.43971,4.29805,71.2255,8.25563,8.16937,58.9704,21.2017,3.43829,-nan,-nan,-nan,157,152,140,178,153
1.72327e+09,121.275,3.68687,23.3419,86.7894,8.38121,4.10894,70.1187,13.0099,6.60867,58.4798,22.1258,8.34833,-nan,-nan,-nan,156,152,142,188,152
1.72327e+09,114.661,6.24701,20.6689,86.2996,28.0358,13.0851,68.0921,15.6763,7.99638,59.7031,34.7842,97.7319,-nan,-nan,-nan,151,154,143,193,154
1.72327e+09,119.891,1.40526,28.687,95.1162,70.8801,45.5057,nan,166.368,79.1134,62.1912,12.8527,14.5439,-nan,-nan,-nan,151,154,145,195,154
1.72327e+09,116.042,7.21257,24.0917,99.3596,91.5864,40.8197,nan,166.395,75.8364,63.063,11.6639,6.14672,-nan,-nan,-nan,151,154,145,194,153
1.72327e+09,115.731,7.12108,25.6833,99.8478,155.127,28.5089,70.1852,18.8778,12.7127,59.1666,21.7168,11.7697,53.3768,31.3697,3.93973,153,153,145,192,152
1.72327e+09,114.973,9.84178,28.4691,98.8961,171.505,17.9325,69.8302,20.9153,13.7718,56.4385,30.2126,7.24214,53.9963,131.62,173.276,152,156,144,194,156
1.72327e+09,119.325,6.36169,25.9719,100.834,154.57,29.8743,70.3432,24.5016,7.96392,58.2607,28.0689,8.42163,53.5681,30.041,12.9614,151,154,143,195,154
1.72327e+09,117.956,5.71253,28.9865,103.507,149.803,29.4731,69.9279,22.2297,9.34477,57.3047,28.6794,11.7916,52.8167,33.6033,5.35667,152,153,146,194,153
1.72327e+09,116.681,6.97044,28.3818,96.8644,153.163,29.9805,69.7317,23.6632,11.6636,60.289,29.9178,11.1502,54.3517,31.6159,5.14561,150,153,142,192,152
1.72327e+09,120.04,8.30209,25.2818,103.478,157.32,29.1807,72.2056,22.5413,11.3321,58.1995,27.9609,9.1013,180,-nan,-nan,158,153,140,168,153
1.72327e+09,119.225,7.16161,24.655,103.34,159.496,27.4499,-nan,89.8549,12.0615,59.0173,33.5277,16.4064,56.3102,129.671,173.576,156,151,136,155,152
1.72327e+09,122.181,9.97771,25.2291,104.743,173.287,16.2864,71.9903,23.3045,9.67999,59.8707,30.3329,7.37586,180,-nan,-nan,158,150,136,153,150
1.72327e+09,115.68,8.41765,25.9256,94.008,55.9808,24.4852,180,166.205,74.7551,56.9797,22.4097,3.72563,-nan,-nan,-nan,156,150,136,152,152
1.72327e+09,118.466,4.42155,26.1543,93.285,9.46183,8.21336,69.3765,13.4881,5.42768,56.7263,22.1539,0.378825,-nan,-nan,-nan,134,152,151,0,0
1.72327e+09,118.348,5.31151,26.8657,94.3615,8.15369,6.12521,70.2095,12.7033,5.32858,55.7403,25.0459,6.19456,-nan,-nan,-nan,158,151,135,151,150
1.72327e+09,120.075,1.9226,20.4907,92.1003,5.05444,8.10265,70.889,9.80964,3.34261,55.5964,22.2627,113.971,-nan,-nan,-nan,157,151,136,152,152
1.72327e+09,121.04,2.50559,25.9689,92.7236,5.73757,7.49531,69.1022,11.4506,4.21769,56.6515,27.2125,6.74962,-nan,-nan,-nan,156,152,136,151,152
1.72327e+09,117.516,5.53847,25.3999,92.5796,6.30608,5.08988,70.2309,10.5606,5.26901,56.2288,23.4532,112.173,-nan,-nan,-nan,158,151,136,158,150
1.72327e+09,119.342,4.20038,25.7861,92.9868,5.73989,5.62223,69.6008,11.5781,4.18301,55.655,30.8853,12.6336,-nan,-nan,-nan,156,152,136,164,151
1.72327e+09,120.266,4.02517,23.2631,94.675,6.82176,4.98046,68.5974,12.5624,2.51579,58.3567,21.9421,111.489,-nan,-nan,-nan,158,152,137,170,151
1.72327e+09,115.514,6.31799,23.7043,93.7205,5.1947,5.47032,67.6344,13.6711,1.81912,56.113,26.3123,1.5726,-nan,-nan,-nan,156,152,136,175,152
1.72327e+09,118.286,3.03741,25.6509,95.3545,31.2686,14.9642,66.5011,16.5201,6.89538,59.9214,20.8401,111.316,-nan,-nan,-nan,156,153,138,182,151
1.72327e+09,117.428,0.956561,29.2628,99.2914,50.5927,31.9922,131.008,96.859,56.704,67.7648,21.2775,102.922,-nan,69.5753,7.93938,156,151,137,185,151
1.72327e+09,31.2669,5.09975,36.6525,36.5113,93.7914,107.687,7.82581,13.6075,1.47185,15.5062,7.44885,11.557,16.8224,19.2515,9.25026,149,152,138,185,152
1.72327e+09,115.995,3.94954,36.6096,116.499,105.943,15.9346,40.2839,54.0258,6.83666,33.3063,58.0407,0.93189,-nan,52.5559,22.1907,151,152,141,187,152
1.72327e+09,120.075,5.27863,32.4236,115.324,137.578,54.2869,40.8043,51.6923,5.04365,35.4096,54.7972,6.81891,31.7202,31.8104,0.856556,152,153,141,190,151
1.72327e+09,114.574,3.51477,37.7497,111.03,146.902,47.7314,42.9639,47.3626,10.8824,37.6394,50.4199,9.25385,33.2648,54.4161,5.01861,153,158,144,190,150
1.72327e+09,115.683,9.60287,32.5932,113.682,128.725,74.6033,43.915,48.8145,6.40928,36.163,62.4695,6.22497,-nan,81.2794,18.1437,157,158,144,190,152
1.72327e+09,117.801,5.42435,26.8055,110.807,120.356,12.321,45.2148,54.3405,6.89299,-nan,93.9789,90.7719,65.2191,17.6489,12.6718,157,161,143,191,150
1.72327e+09,113.692,8.15,36.2685,109.879,126.748,20.8031,47.5149,51.1185,8.60308,72.575,29.655,7.41797,63.0351,26.7432,8.89388,157,161,145,195,152
1.72327e+09,118.859,8.06143,33.9354,111.78,137.863,9.07327,47.7384,51.1974,8.78221,70.4154,33.9252,10.1695,61.8455,28.2378,14.5608,157,158,144,186,153
1.72327e+09,116.9,6.24421,32.9078,113.88,132.776,7.15648,47.0031,52.6863,9.2219,73.9206,28.9324,6.25005,61.3712,31.5844,23.2948,158,153,139,174,153
1.72327e+09,117.033,4.6953,33.1745,113.151,117.313,19.0302,46.945,52.4895,8.47853,74.2137,27.2393,11.5119,61.7083,26.9923,101.122,158,151,136,163,150
1.72327e+09,118.163,5.26645,30.5942,112.16,123.31,10.0136,46.9503,53.3961,8.3817,67.2045,41.4131,5.6385,-nan,84.749,99.2174,157,151,136,157,150
1.72327e+09,124.325,11.9108,32.8734,117.96,153.31,23.8158,40.763,48.4161,7.69853,34.3613,57.9838,8.65297,-nan,77.7072,2.90623,157,150,135,155,149
1.72327e+09,118.269,1.94534,29.5999,117.715,57.5336,44.7839,180,166.528,79.7141,67.6924,4.85862,62.995,61.1984,19.2036,4.098,156,149,135,149,149
1.72327e+09,120.749,3.0261,28.9826,104.369,23.8592,11.7366,71.9052,15.9547,6.92502,65.1369,6.55407,8.5713,-nan,180,173.088,157,148,135,148,149
1.72327e+09,120.831,1.91968,24.2686,104.78,12.8012,12.8996,72.087,15.6721,6.64125,63.8183,6.40655,123.294,-nan,-nan,-nan,156,147,133,148,147
1.72327e+09,123.739,3.64519,23.6313,105.12,9.52261,10.5515,72.4245,15.5773,6.12859,71.8661,6.14257,126.648,-nan,-nan,-nan,157,147,134,147,148
1.72327e+09,119.891,2.47167,25.5016,101.321,6.89447,9.57552,72.9898,11.3746,3.96594,70.1968,2.21057,5.6347,-nan,180,-nan,156,148,135,148,149
1.72327e+09,121.542,3.38771,26.9313,99.3498,9.91104,5.07032,72.941,9.6448,4.9073,-nan,58.6738,1.25673,-nan,180,-nan,156,149,134,153,148
1.72327e+09,121.625,1.91151,31.4156,98.6026,10.3934,7.55319,73.5339,10.1177,4.84438,-nan,-nan,180,-nan,-nan,-nan,157,148,134,162,148
1.72327e+09,120.748,1.26857,26.9593,98.6887,10.5336,7.91082,72.7638,11.0844,3.97737,-nan,179.575,5.37204,-nan,-nan,-nan,158,148,136,170,149
1.72327e+09,120.738,2.38738,23.2926,98.143,8.88598,5.28109,72.8169,9.80065,4.45398,-nan,-nan,180,-nan,-nan,-nan,156,150,137,171,147
1.72327e+09,119.918,3.4732,31.4648,99.8358,21.9578,14.1683,72.2422,11.9485,6.62477,72.5884,115.013,-nan,-nan,-nan,-nan,154,148,137,174,147
1.72327e+09,123.333,3.34836,29.2826,100.582,30.5265,15.0547,73.9365,115.223,170.327,-nan,-nan,180,-nan,-nan,-nan,157,148,138,178,149
1.72327e+09,38.4079,9.88924,30.102,17.5627,54.9439,29.9761,96.0208,166.225,76.4943,103.349,167.854,74.3175,-nan,-nan,-nan,157,149,139,184,148
1.72327e+09,118.573,1.91293,25.4791,111.323,55.2207,37.0944,180,166.434,79.2027,-nan,-nan,71.7661,-nan,-nan,-nan,153,151,138,186,148
1.72327e+09,-nan,-nan,-nan,-nan,-nan,-nan,-nan,-nan,-nan,-nan,-nan,-nan,-nan,-nan,-nan,156,150,139,187,150
1.72327e+09,-nan,-nan,-nan,-nan,-nan,-nan,-nan,-nan,-nan,-nan,-nan,-nan,-nan,-nan,-nan,149,152,141,188,148
1.72327e+09,-nan,-nan,-nan,-nan,-nan,-nan,-nan,-nan,-nan,-nan,-nan,-nan,-nan,-nan,-nan,149,152,142,192,147
1.72327e+09,-nan,-nan,-nan,-nan,-nan,-nan,-nan,-nan,-nan,-nan,-nan,-nan,-nan,-nan,-nan,150,153,141,189,149
1.72327e+09,-nan,-nan,-nan,-nan,-nan,-nan,-nan,-nan,-nan,-nan,-nan,-nan,-nan,-nan,-nan,150,150,142,191,148
1.72327e+09,-nan,-nan,-nan,-nan,-nan,-nan,-nan,-nan,-nan,-nan,-nan,-nan,-nan,-nan,-nan,150,151,141,184,149
1.72327e+09,-nan,-nan,-nan,-nan,-nan,-nan,-nan,-nan,-nan,-nan,-nan,-nan,-nan,-nan,-nan,156,150,137,161,149
1.72327e+09,-nan,-nan,-nan,-nan,-nan,-nan,-nan,-nan,-nan,-nan,-nan,-nan,-nan,-nan,-nan,155,150,137,155,150
1.72327e+09,-nan,-nan,-nan,-nan,-nan,-nan,-nan,-nan,-nan,-nan,-nan,-nan,-nan,-nan,-nan,155,150,136,150,148
1.72327e+09,-nan,-nan,-nan,-nan,-nan,-nan,-nan,-nan,-nan,-nan,-nan,-nan,-nan,-nan,-nan,155,149,136,154,149
1.72327e+09,119.559,5.03003,31.8105,106.137,35.748,17.061,76.1679,19.3661,7.49254,78.2083,109.247,-nan,-nan,-nan,-nan,156,152,136,154,149
1.72327e+09,117.446,4.64818,28.1127,99.0907,9.7161,8.17964,73.4783,15.0261,7.79365,59.6626,24.8261,2.11073,-nan,-nan,-nan,156,149,136,149,0
1.72327e+09,115.527,5.69196,24.0726,94.9084,6.23884,8.83096,72.0858,13.7476,5.2188,59.4778,25.9938,1.85695,-nan,-nan,-nan,156,149,137,149,150
1.72327e+09,117.356,4.04878,24.2712,96.0657,5.77257,8.41491,70.8843,14.6953,8.285,60.7212,26.6502,5.28368,-nan,-nan,-nan,157,0,0,0,0
1.72327e+09,116.151,4.53207,20.9017,94.4045,6.76878,6.74991,71.7161,13.8517,8.04902,61.2486,18.6455,5.62393,-nan,-nan,-nan,156,151,136,155,0
1.72327e+09,116.493,4.19001,21.8531,94.6364,6.01211,5.61515,71.7161,12.0145,10.9855,60.5681,19.5581,2.38521,-nan,-nan,-nan,-26880,0,0,0,0
1.72327e+09,116.246,5.33589,20.9864,94.5933,5.1483,6.12812,71.2574,12.2087,6.00377,64.0008,19.2494,109.102,-nan,-nan,-nan,159,151,136,163,151
1.72327e+09,118.084,4.23243,20.5796,94.3328,8.01441,9.72268,70.2836,14.5103,9.01034,62.2158,23.1478,24.1643,-nan,180,172.905,157,152,138,167,152
1.72327e+09,112.929,5.42895,13.6979,96.4905,8.29998,11.1967,69.5617,17.3919,5.305,64.0269,24.6696,103.372,60.1618,19.9232,6.92104,158,153,136,170,153
1.72327e+09,115.062,3.50171,14.674,99.9803,25.9591,19.3648,71.9944,12.0859,12.0268,63.6119,18.8964,6.34341,-nan,73.4969,2.62147,156,150,139,176,151
1.72327e+09,111.887,4.97228,39.0353,101.964,51.9663,25.8321,131.538,93.076,54.9522,73.1116,15.9494,104.175,61.8077,17.3283,9.17017,156,151,138,183,151
1.72327e+09,111.921,8.88717,28.9791,106.403,45.8861,47.5943,180,165.437,80.2996,73.8464,22.1639,13.0508,60.133,20.2972,7.7726,156,152,139,182,152
1.72327e+09,112.32,2.35042,31.5849,116.3,174.084,10.3132,76.9528,21.1043,7.56072,69.1136,8.42799,55.4295,61.523,16.0205,4.36559,156,152,139,186,153
1.72327e+09,110.274,5.55654,36.3886,113.833,171.002,18.5772,42.2232,55.3075,5.46565,-nan,-nan,106.873,59.3813,20.9465,7.81143,156,152,141,186,152
1.72327e+09,110.751,4.44865,40.5646,113.133,171.211,10.9221,42.6894,52.6245,6.30854,-nan,93.4846,5.63783,63.7279,14.4005,3.70562,153,152,139,188,152
1.72327e+09,115.835,10.2691,46.9202,115.414,158.031,27.6044,43.4928,56.5303,8.53428,-nan,102.173,16.8546,65.1503,13.1072,5.32751,152,151,140,188,151
1.72327e+09,30.7495,7.2041,34.9086,28.986,128.072,69.0499,65.4095,56.746,5.89304,68.1917,68.55,9.93185,16.2446,21.1489,4.35639,150,153,141,188,153
1.72327e+09,111.833,4.78142,36.7467,112.847,134.823,62.7957,44.8781,55.3146,5.48995,38.4475,50.1315,28.0295,63.5034,21.9246,4.19573,157,153,141,188,152
1.72327e+09,115.674,1.65379,31.3461,115.18,123.364,74.8797,45.9718,52.9681,4.83733,-nan,87.4939,21.5443,63.6474,22.2857,4.75387,154,153,140,184,151
1.72327e+09,111.262,7.31557,31.509,110.609,121.917,81.2951,45.2107,50.7024,6.14031,69.5454,34.8414,9.7985,180,169.831,68.1176,155,153,139,167,152
1.72327e+09,113.372,3.33669,33.2262,112.504,124.39,75.632,44.1522,54.9225,2.96757,-nan,92.8797,7.26599,63.3003,23.9062,8.83416,155,151,138,157,152
1.72327e+09,114.54,1.10765,31.7108,112.122,125.573,73.5788,45.0239,55.3481,5.87778,78.725,18.341,13.3889,66.1416,17.0713,6.15169,158,150,137,153,150
1.72327e+09,117.236,1.55519,29.9545,111.184,47.7506,98.5341,nan,165.907,79.6521,64.4317,11.164,69.0165,nan,169.938,71.6683,157,151,137,150,151
1.72327e+09,119.15,2.61421,22.2469,103.777,13.0845,12.5069,74.1232,14.8586,7.09798,60.4004,25.4668,5.59434,-nan,-nan,-nan,155,151,136,151,151
1.72327e+09,119.04,0.63338,23.9974,100.958,4.81341,10.2638,72.6027,13.6206,9.47148,64.9091,21.4485,106.22,-nan,-nan,-nan,158,152,137,151,152
1.72327e+09,118.109,2.82502,20.0023,98.6426,3.27592,8.86847,72.5814,19.3011,8.77458,59.3066,26.3417,5.6766,-nan,-nan,-nan,157,151,136,153,152
1.72327e+09,116.198,3.78276,22.2738,97.3856,4.23675,8.33008,71.8501,16.3865,4.61046,60.5478,23.1883,5.82101,-nan,-nan,-nan,157,150,136,152,150
1.72327e+09,112.65,8.76747,24.5565,98.4373,3.73406,10.1666,71.5913,14.1663,7.90518,60.2602,27.0482,9.418,180,-nan,-nan,158,151,137,151,151
1.72327e+09,115.061,5.96586,22.2857,96.8575,4.56156,3.67889,72.5251,13.0375,7.66813,61.027,24.4776,4.45015,180,-nan,-nan,159,151,136,161,151
1.72327e+09,113.864,3.94506,24.405,97.187,4.28316,9.90413,72.4078,9.63172,10.7884,61.9011,16.54,9.35025,180,-nan,-nan,156,152,137,166,152
1.72327e+09,113.089,7.17218,27.3287,96.0205,7.6768,15.0326,68.7303,14.6551,9.06861,70.4819,18.3789,103.578,59.282,22.4539,3.22028,157,152,137,168,153
1.72327e+09,112.984,7.02003,23.8848,98.1771,20.7474,15.8439,68.575,19.5557,6.14171,66.3119,18.304,107.689,61.2601,18.2463,2.81606,156,152,136,172,152
1.72327e+09,115.814,3.31057,24.4337,99.2316,27.7333,14.2451,69.5365,14.8569,12.8887,67.2087,8.02239,117.813,59.9091,19.9046,6.5155,157,152,138,178,152
1.72327e+09,116.136,2.65948,28.1138,97.5991,50.8282,31.7092,126.452,88.7402,51.4347,71.0626,13.5904,16.7367,60.2464,17.5617,7.38629,158,151,137,183,150
1.72327e+09,114.954,5.3094,28.6503,103.881,56.7365,50.2569,nan,165.983,77.1811,67.9407,30.1385,10.0838,57.2164,21.4815,9.64353,157,152,137,184,151
1.72327e+09,114.858,3.62345,27.3611,115.672,159.421,14.0943,74.411,14.1012,7.03468,60.4243,20.3672,3.48968,-nan,-nan,-nan,156,151,139,184,151
1.72327e+09,118.884,3.58864,25.7778,109.588,171.101,22.384,75.0081,12.5117,8.8874,61.3039,17.5263,17.0252,180,-nan,-nan,156,152,138,187,152
1.72327e+09,113.459,4.1503,29.9926,109.987,144.539,58.7395,74.9402,15.131,4.95044,63.0554,21.1537,108.195,180,169.936,74.5304,157,151,138,185,151
1.72327e+09,112.514,4.78393,28.0137,111.592,149.651,28.9242,75.5558,13.2737,8.91179,61.9248,39.3566,3.15277,180,170.174,69.0704,156,150,139,185,150
1.72327e+09,113.506,3.26315,27.5364,109.679,144.938,55.1614,43.4716,48.0832,6.39554,63.7324,26.1258,25.9701,57.9551,27.5461,4.26595,156,152,139,185,152
1.72327e+09,111.996,4.95482,28.6614,105.419,166.794,22.0601,43.2978,46.4122,8.0351,65.748,20.3994,32.9553,180,170.344,68.5875,156,150,139,187,151
1.72327e+09,112.241,2.64868,29.9501,107.853,168.963,23.1391,43.8377,48.2702,5.01304,66.6274,21.5695,18.0252,180,170.319,71.3062,154,151,141,179,152
1.72327e+09,112.144,4.94899,33.1462,110.438,153.377,23.9668,-nan,85.4008,5.47458,66.3713,16.8232,39.7856,180,170.236,74.4647,158,154,138,167,151
1.72327e+09,116.883,4.43901,29.7673,111.634,163.848,15.0115,-nan,85.6426,4.42185,66.6766,20.3658,35.8686,60.2953,125.646,-nan,158,152,136,158,153
1.72327e+09,110.48,4.67895,38.3587,107.068,162.198,18.6602,77.373,17.0705,4.99436,63.1472,19.9167,55.7754,180,-nan,-nan,158,150,137,151,150
1.72327e+09,113.749,4.31833,32.1645,102.047,52.6917,36.9407,75.617,13.3091,12.8959,69.2594,4.6602,16.8421,180,-nan,-nan,156,150,137,150,151
