time[s],MCP,PIP,DIP,TIP,Wrist_X,Wrist_Y,Wrist_D,MCP_X,MCP_Y,MCP_D,PIP_X,PIP_Y,PIP_D,DIP_X,DIP_Y,DIP_D,TIP_X,TIP_Y,TIP_D,MCP_RX,MCP_RY,MCP_RZ,PIP_RX,PIP_RY,PIP_RZ,DIP_RX,DIP_RY,DIP_RZ,TIP_RX,TIP_RY,TIP_RZ,MCP_Distance,PIP_Distance,DIP_Distance,TIP_Distance
0.05038358084857464,0,0,0,0,486,302,329,391,191,327,352,148,324,325,119,315,300,96,312,-73.7260513305664,-86.10229110717773,-2.0,-103.3564682006836,-118.69468688964844,-5.0,-121.90932846069336,-138.34646606445312,-14.0,-139.63937759399414,-154.45706176757812,-17.0,113.37166832459727,157.46741953417094,184.9260096315824,208.9141922051049
0.11037286696955562,0,0,0,0,486,302,329,390,192,328,352,148,324,325,119,316,300,96,312,-74.58179473876953,-85.4411735534668,-1.0,-103.3564682006836,-118.69468688964844,-5.0,-122.14570236206055,-138.63095092773438,-13.0,-139.63937759399414,-154.45706176757812,-17.0,113.41798025291045,157.46741953417094,185.2217945076901,208.9141922051049
0.16951715503819287,0,0,0,0,486,301,329,390,191,328,351,148,324,325,119,316,300,96,313,-74.58179473876953,-85.43881225585938,-1.0,-104.12240600585938,-117.91693496704102,-5.0,-122.14570236206055,-137.85319900512695,-13.0,-139.93485641479492,-154.01816940307617,-16.0,113.4162014270798,157.38767100529316,184.6403993752944,208.70879364824074
0.2291488228365779,0,0,0,0,486,302,329,390,191,328,351,147,324,325,119,316,300,95,313,-74.58179473876953,-86.2165641784668,-1.0,-104.12240600585938,-119.46062469482422,-5.0,-122.14570236206055,-138.63095092773438,-13.0,-139.93485641479492,-155.53585815429688,-16.0,114.00324576605543,158.54752058902298,185.2217945076901,209.83128272882198
0.28835407784208655,0,0,0,0,487,301,330,391,191,328,352,147,325,325,119,316,300,96,313,-74.73074722290039,-85.58457565307617,-2.0,-104.4533576965332,-119.04692077636719,-5.0,-123.0700454711914,-137.99896240234375,-14.0,-140.85919952392578,-154.16393280029297,-17.0,113.63716016431488,158.45400998527793,185.43448901540566,209.5157088787721
0.346287433989346,0,0,0,0,486,298,329,391,189,329,352,145,324,326,117,316,300,94,313,-73.88675880432129,-84.77533340454102,0.0,-103.3564682006836,-117.88147354125977,-5.0,-121.39867782592773,-137.01397323608398,-13.0,-139.93485641479492,-153.1647605895996,-16.0,112.45492555001331,156.8553515924071,183.51966608465082,208.07981143373482
0.4053391139023006,0,0,0,0,487,297,330,391,188,329,353,144,325,326,115,317,301,91,312,-74.81110191345215,-84.91164016723633,-1.0,-103.68506240844727,-118.23134231567383,-5.0,-122.55703735351562,-138.1605110168457,-13.0,-139.8261489868164,-154.39243698120117,-18.0,113.17105462703414,157.33481011019032,185.14198391857792,209.07505001189776
0.46342131588608027,0,0,0,0,487,296,330,390,187,329,352,143,325,326,113,316,302,90,312,-75.5888557434082,-84.90927505493164,-1.0,-104.4533576965332,-118.21952819824219,-5.0,-122.3230209350586,-138.58050537109375,-14.0,-139.08859252929688,-154.34988403320312,-18.0,113.6849158989521,157.83333228914256,185.37388683303408,208.5510088032279
0.5226374629419297,0,0,0,0,487,295,328,391,186,329,353,141,324,327,113,317,302,89,312,-74.51792335510254,-84.64375305175781,1.0,-103.22169876098633,-118.48036575317383,-4.0,-121.51446914672852,-137.83589553833008,-11.0,-138.79541397094727,-154.04417037963867,-16.0,112.7762644878961,157.1887914709877,184.08014643319,207.96579855187193
0.5810413749422878,0,0,0,0,487,295,327,390,185,329,353,141,324,327,112,316,302,89,312,-75.14908599853516,-85.28992462158203,2.0,-103.07510757446289,-118.34878158569336,-3.0,-121.13623428344727,-138.15266036987305,-11.0,-138.64882278442383,-153.9125862121582,-15.0,113.69149646464496,156.97105435176655,184.06831564299085,207.6958840565253
0.6399378159549087,0,0,0,0,488,295,329,391,185,328,353,140,323,327,111,316,303,88,312,-75.36191177368164,-85.42462921142578,-1.0,-103.9758529663086,-119.1430435180664,-6.0,-122.20716857910156,-139.16284942626953,-13.0,-138.98218536376953,-154.91332244873047,-17.0,113.92008173317711,158.2467782257171,185.66068704106294,208.81375749838307
0.698759573046118,0,0,0,0,488,295,329,391,185,328,353,141,324,328,112,316,303,88,311,-75.36191177368164,-85.42462921142578,-1.0,-104.14604187011719,-118.61194610595703,-5.0,-121.46014404296875,-138.41582489013672,-13.0,-138.6938018798828,-154.55555725097656,-18.0,113.92008173317711,157.9246396109697,184.60906578756016,208.4403774633314
0.7581278039142489,0,0,0,0,488,294,329,392,184,329,354,140,323,328,111,315,303,87,312,-74.66450881958008,-85.5530891418457,0.0,-103.21228408813477,-118.36528396606445,-6.0,-121.2308578491211,-138.0816993713379,-14.0,-138.98218536376953,-154.87312698364258,-17.0,113.55227844029264,157.15952416273382,184.2809718774848,208.78393930132813
0.8170145459007472,0,0,0,0,488,294,329,392,184,329,355,139,323,329,110,315,304,87,311,-74.66450881958008,-85.5530891418457,0.0,-102.44871520996094,-119.12885665893555,-6.0,-120.48619842529297,-138.82635116577148,-14.0,-137.9585952758789,-154.51299667358398,-18.0,113.55227844029264,157.23683963065682,184.3520539320926,207.92027354624352
0.8761613699607551,0,0,0,0,489,294,328,392,184,329,354,139,323,328,110,315,304,87,310,-75.29095077514648,-85.42387008666992,1.0,-103.83872604370117,-118.99963760375977,-5.0,-121.8572998046875,-138.6971321105957,-13.0,-138.29901123046875,-154.0236473083496,-18.0,113.87258163934719,158.0139069076041,185.0813225892703,207.78330163295652
0.9350384639110416,0,0,0,0,489,294,328,392,184,328,354,139,323,329,110,315,304,87,310,-75.21296119689941,-85.29304504394531,0.0,-103.83872604370117,-118.99963760375977,-5.0,-121.11264038085938,-138.6971321105957,-13.0,-138.29901123046875,-154.0236473083496,-18.0,113.71848163282334,158.0139069076041,184.5918907095526,207.78330163295652
0.9940351489931345,0,0,0,0,488,294,328,392,183,328,355,139,322,329,111,313,304,88,308,-74.43756675720215,-86.06843566894531,0.0,-102.13430404663086,-118.76243209838867,-6.0,-119.88340377807617,-137.3456916809082,-15.0,-136.95158004760742,-152.57527542114258,-20.0,113.79247322750439,156.7543662582131,182.9231246308797,205.9974513128105
1.0521353560034186,0,0,0,0,488,293,328,392,183,329,355,139,322,329,111,312,305,88,307,-74.51555633544922,-85.42623519897461,1.0,-102.13430404663086,-117.98704528808594,-6.0,-119.6564826965332,-136.26690673828125,-16.0,-135.93981552124023,-151.44212341308594,-21.0,113.36317654446718,156.1677268801159,182.05038786919732,204.5858015303437
1.110396072966978,0,0,0,0,488,293,328,392,183,328,356,140,322,330,112,312,306,90,306,-74.43756675720215,-85.29304885864258,0.0,-101.37309646606445,-117.22583770751953,-6.0,-118.91891098022461,-135.52933502197266,-16.0,-134.93276596069336,-149.63758850097656,-22.0,113.20713550097324,155.09481523683414,181.01355761439717,202.68759020273254
1.1683768099173903,0,0,0,0,488,293,328,393,183,328,356,140,323,331,112,311,307,90,305,-73.66217613220215,-85.29304885864258,0.0,-101.53619003295898,-117.46067810058594,-5.0,-117.95915603637695,-135.22830963134766,-17.0,-133.93046188354492,-149.28455352783203,-23.0,112.69880379194076,155.34351864902067,180.24998812362224,201.87185673675225
1.2275772069115192,0,0,0,0,489,294,328,393,184,328,356,143,322,331,116,309,307,94,301,-74.43757057189941,-85.29304504394531,0.0,-102.14849090576172,-115.71760940551758,-6.0,-118.2901611328125,-132.47973251342773,-19.0,-133.59014129638672,-145.8015251159668,-27.0,113.20713513518037,154.46967120070016,178.61814506834435,199.58309191344458
1.2882061458658427,0,0,0,0,489,295,328,393,185,328,356,145,321,332,119,308,308,97,299,-74.43757057189941,-85.29304885864258,0.0,-101.98539733886719,-114.7475700378418,-7.0,-117.33985900878906,-130.77922439575195,-20.0,-132.325439453125,-143.7692527770996,-29.0,113.20713800926731,153.6783202015041,176.83848010474682,197.53637632230732
1.3464338288176805,0,0,0,0,489,295,328,394,186,328,357,147,322,333,121,305,310,100,297,-73.66217803955078,-84.51765823364258,0.0,-101.38727951049805,-113.44817733764648,-6.0,-115.9593505859375,-128.48373794555664,-23.0,-130.36809539794922,-140.9899559020996,-31.0,112.11311710424114,152.2690690448127,174.59565259414347,194.51223088269998
1.4065332778263837,0,0,0,0,488,295,328,393,186,328,358,147,322,334,122,305,311,102,296,-73.66217613220215,-84.51765823364258,0.0,-99.85068130493164,-113.44817733764648,-6.0,-114.46293258666992,-127.76271438598633,-23.0,-128.62112045288086,-139.26105880737305,-32.0,112.11311585104743,151.25028098583192,173.07245339341458,192.25252957166805
1.4651957280002534,0,0,0,0,488,296,327,394,187,329,358,149,323,335,123,305,313,104,297,-72.81108856201172,-84.50744247436523,2.0,-99.86008834838867,-112.78076934814453,-4.0,-113.59296035766602,-127.68313598632812,-22.0,-127.33742141723633,-138.82296752929688,-30.0,111.56595560986901,150.69020930275255,172.30886180960468,190.75281179272574
1.5248172469437122,0,0,0,0,488,297,327,395,189,328,359,151,323,336,127,307,314,108,296,-71.96243667602539,-83.60595703125,1.0,-99.09651947021484,-112.02664947509766,-4.0,-113.29269027709961,-126.10322570800781,-20.0,-126.37292861938477,-136.4770736694336,-31.0,110.31567587365898,149.61981942151604,170.69638896059746,188.5659267344239
1.5828516569454223,0,0,0,0,489,298,328,394,190,329,359,152,324,335,128,307,313,109,297,-73.73543930053711,-83.85890197753906,1.0,-100.17687225341797,-112.3812484741211,-4.0,-114.94278717041016,-126.28917694091797,-21.0,-128.26177215576172,-136.99715423583984,-31.0,111.67018603782165,150.60196128563456,172.05173795959368,190.2112048888157
1.643910022918135,0,0,0,0,490,298,327,395,190,329,359,153,324,336,129,307,314,110,295,-73.57939338684082,-83.72023010253906,2.0,-100.79858016967773,-111.47663879394531,-3.0,-114.83874893188477,-125.42475891113281,-20.0,-127.65661239624023,-135.54485321044922,-32.0,111.4764731214509,150.32097245899755,171.22881884821916,188.92490021256103
1.703348017996177,0,0,0,0,489,298,328,395,190,329,359,154,324,337,130,305,315,112,294,-72.95768547058105,-83.85890197753906,1.0,-100.17687225341797,-110.84938049316406,-4.0,-113.07527160644531,-124.32072448730469,-23.0,-126.07750701904297,-133.98773193359375,-34.0,111.15817248453997,149.46233937081234,169.6191604327757,187.0942278234297
1.762483139988035,0,0,0,0,489,299,328,395,190,329,360,155,325,337,132,306,315,114,295,-72.95768547058105,-84.63429260253906,1.0,-99.5645751953125,-111.05821228027344,-3.0,-113.28328323364258,-123.90782928466797,-22.0,-126.3375244140625,-133.66939544677734,-33.0,111.74429450113519,149.18455398838486,169.3229234871407,186.86272328685777
1.821455858880654,0,0,0,0,489,299,328,396,191,329,361,156,324,338,134,304,317,117,294,-72.179931640625,-83.85653686523438,1.0,-98.6449966430664,-110.09289932250977,-4.0,-112.14860534667969,-121.96302032470703,-24.0,-124.68748474121094,-131.28804779052734,-34.0,110.64746407702125,147.87590014585493,167.41651055953295,184.2268176562183
1.8808064658660442,0,0,0,0,490,298,327,395,192,328,363,159,323,341,139,301,321,123,291,-73.50849533081055,-82.05280685424805,1.0,-97.58829116821289,-106.69110488891602,-4.0,-110.0186882019043,-116.74406433105469,-26.0,-121.79162216186523,-125.3788070678711,-36.0,110.16878867655907,144.64600386996378,162.50934837787415,178.46300594403587
1.9396677899640054,0,0,0,0,491,299,327,396,192,328,363,160,322,342,140,301,322,125,290,-73.50613212585449,-82.82583236694336,1.0,-98.21477127075195,-106.51300048828125,-5.0,-110.08015060424805,-116.80552673339844,-26.0,-121.63325881958008,-124.50569152832031,-37.0,110.74416448454781,144.9695159983047,162.59511257267417,177.94751157017117
1.9988347629550844,0,0,0,0,491,299,327,396,193,328,365,162,322,344,143,302,325,129,290,-73.50613212585449,-82.05044174194336,1.0,-96.6923599243164,-104.99058532714844,-5.0,-108.84848403930664,-114.89859008789062,-25.0,-119.57658004760742,-121.76345825195312,-37.0,110.16545034697411,142.81959065573176,160.23320031079797,174.6250218650151
2.056220273952931,0,0,0,0,491,298,325,396,193,328,366,164,322,347,147,301,329,135,289,-73.19404029846191,-81.00007247924805,3.0,-95.61905670166016,-102.41780471801758,-3.0,-106.21024322509766,-110.77421569824219,-24.0,-116.29532623291016,-116.35307312011719,-36.0,109.2125417562301,140.14781742065512,155.33043046838918,168.40023909755692
2.114726413972676,0,0,0,0,491,300,327,397,194,328,367,165,322,350,149,301,333,138,288,-72.73073768615723,-82.0480842590332,1.0,-95.16994094848633,-103.47999954223633,-5.0,-104.38764572143555,-111.17449188232422,-26.0,-113.65717315673828,-115.88732147216797,-39.0,109.64783780335125,140.67845593906554,154.70148100311422,166.93958274769466
2.1733342099469155,0,0,0,0,490,299,327,397,194,328,368,165,322,351,150,301,335,139,288,-71.95771217346191,-81.27505111694336,1.0,-93.63571166992188,-102.70696640014648,-5.0,-102.90305709838867,-109.68989562988281,-26.0,-111.5224838256836,-114.43345642089844,-39.0,108.5566500740537,139.0732449001373,152.63326099998264,164.4788142803915
2.234283657046035,0,0,0,0,490,298,327,398,195,328,370,167,321,355,153,294,340,144,287,-71.18232345581055,-79.72663497924805,1.0,-91.98329544067383,-100.24051284790039,-6.0,-98.89860153198242,-105.35343170166016,-33.0,-107.91740798950195,-110.03089141845703,-40.0,106.88432765228912,136.18034754007778,148.22037294615814,159.22614111229632
2.2934956660028547,0,0,0,0,490,299,328,400,195,329,371,167,321,356,153,288,342,146,288,-69.84429931640625,-80.74551773071289,1.0,-91.37813568115234,-101.15457534790039,-7.0,-97.37870788574219,-105.04285049438477,-40.0,-106.91034698486328,-109.80867385864258,-40.0,106.76640286438715,136.4961969960231,148.71655317913462,158.3911839308539
2.3522624280303717,0,0,0,0,489,299,328,401,195,329,372,167,322,357,154,287,344,148,288,-68.29115295410156,-80.74551773071289,1.0,-89.96917343139648,-101.3255844116211,-6.0,-95.76175308227539,-104.1602783203125,-41.0,-104.7732925415039,-108.44701385498047,-40.0,105.75689199953526,135.6367436363954,147.3114962694889,156.0070435719166
2.412448874907568,0,0,0,0,490,299,328,400,195,329,371,166,321,357,153,287,345,147,288,-69.84429931640625,-80.74551773071289,1.0,-91.37813568115234,-101.91342163085938,-7.0,-96.53714370727539,-104.8387451171875,-41.0,-104.86785125732422,-109.12784194946289,-40.0,106.76640286438715,137.05950966303797,148.29559195372514,156.54440940472844
2.473905298858881,0,0,1,1,490,297,328,400,195,329,372,165,320,359,153,0,351,150,0,-69.84429931640625,-79.19473648071289,1.0,-90.49402618408203,-100.94574356079102,-8.0,-50.40782165527344,-44.709266662597656,-328.0,-50.40782165527344,-44.709266662597656,-328.0,105.59844900967677,135.80578749834746,334.84902121633434,334.84902121633434
2.532120988937095,0,0,1,1,491,298,328,400,194,329,371,164,319,358,153,0,352,151,0,-70.61968994140625,-80.74787902832031,1.0,-91.89825820922852,-102.29951095581055,-9.0,-51.18321228027344,-45.484657287597656,-328.0,-51.18321228027344,-45.484657287597656,-328.0,107.27702724718189,137.80957805496698,335.0710003385816,335.0710003385816
2.591107844840735,0,0,1,0,490,298,328,400,193,328,369,161,284,358,152,291,357,155,290,-69.78522300720215,-81.41608810424805,0.0,-87.99845504760742,-98.08003234863281,-44.0,-96.49213790893555,-105.56770706176758,-37.0,-97.01933288574219,-103.30455780029297,-38.0,107.23132355969321,138.9223554230011,147.73040801580495,146.72621652557027
2.650187260005623,0,0,1,0,490,298,328,400,192,329,366,160,286,358,154,292,360,159,289,-69.84429931640625,-82.30339050292969,1.0,-90.29148483276367,-99.12652587890625,-42.0,-96.65050506591797,-104.39360046386719,-36.0,-94.80902099609375,-100.37239837646484,-39.0,107.94940590516227,140.50843521343003,146.74925535520296,143.4725368078557
2.7097441139630973,0,0,1,0,491,297,329,400,192,328,365,159,288,358,153,293,363,158,289,-70.7166576385498,-81.55239868164062,-1.0,-92.18265914916992,-99.54339218139648,-41.0,-97.74030685424805,-104.6489143371582,-36.0,-93.69086837768555,-100.41651153564453,-40.0,107.94739180868208,141.73048216523978,147.6501366606494,143.04354094594075
2.7678105370141566,0,0,1,0,491,297,329,397,191,328,362,156,292,359,152,296,369,161,285,-73.0428295135498,-82.32778930664062,-1.0,-94.8207893371582,-102.37395095825195,-37.0,-97.51565933227539,-105.96098327636719,-33.0,-89.06225204467773,-97.62614822387695,-44.0,110.06416235752722,144.36207232276874,147.7363658409904,139.28011184767226
2.826209591003135,0,0,1,0,491,297,329,397,190,327,361,155,307,360,153,307,373,166,285,-72.9766616821289,-82.98654174804688,-2.0,-97.78017807006836,-106.0549201965332,-22.0,-98.50592803955078,-107.50641250610352,-22.0,-86.36729049682617,-94.25745010375977,-44.0,110.5276402605621,145.91987294850315,147.46201744471574,135.20272100747795
2.8849619159009308,0,0,1,0,491,296,329,397,189,327,360,154,312,360,153,312,375,165,287,-72.9766616821289,-82.98181533813477,-2.0,-99.27411270141602,-107.01162719726562,-17.0,-99.27411270141602,-107.74919128417969,-17.0,-85.25616836547852,-94.50491333007812,-42.0,110.52409161391104,146.9552238202508,147.49317840174234,134.02907478561656
2.944274870911613,0,1,1,0,492,296,329,396,189,326,360,155,0,362,156,292,376,170,286,-74.45891189575195,-82.86281204223633,-3.0,-52.11701202392578,-44.06782150268555,-329.0,-95.59854507446289,-101.59619522094727,-37.0,-85.23964309692383,-90.94865417480469,-43.0,111.44225042705453,336.0046961491678,144.3255649693669,131.8577053171303
3.003397488966584,0,1,1,0,491,296,328,395,189,327,359,155,0,362,158,294,378,172,286,-74.36667251586914,-82.84786987304688,-1.0,-51.18321228027344,-43.933876037597656,-328.0,-94.96256256103516,-100.46624374389648,-34.0,-82.95363426208496,-89.4625015258789,-42.0,111.333604646503,334.8640122243872,142.3634588655619,129.03040190806058
3.061785962898284,0,1,1,0,492,295,328,395,189,327,359,156,296,364,159,295,381,174,285,-75.14206314086914,-82.07248306274414,-1.0,-98.13500595092773,-101.47492218017578,-32.0,-94.49210739135742,-99.1857681274414,-33.0,-81.59672164916992,-87.18044662475586,-43.0,111.27992689227824,144.7468107574787,140.90981143373372,126.9151498347775
3.122451022034511,0,1,1,0,492,296,329,395,189,326,359,157,297,365,160,295,383,174,285,-75.22957420349121,-82.86281204223633,-3.0,-98.44941711425781,-101.8791618347168,-32.0,-93.9531364440918,-99.39772033691406,-34.0,-80.40765190124512,-88.08977890014648,-44.0,111.95862831593452,145.24342100860036,140.9365057600674,127.12670699325339
3.181744860019535,0,1,1,0,493,295,329,394,190,284,358,158,303,367,162,297,387,176,286,-73.70101165771484,-76.41555786132812,-45.0,-100.87947082519531,-101.55302047729492,-26.0,-93.61030960083008,-97.59086990356445,-32.0,-78.58026123046875,-86.1142807006836,-43.0,115.30904822531754,145.48430706448485,138.96354900511753,124.25589239808644
3.240494519006461,0,1,1,0,493,296,330,394,191,284,359,159,308,370,164,0,390,178,287,-73.86178588867188,-76.65587615966797,-46.0,-101.10396194458008,-102.69804382324219,-22.0,-53.0555419921875,-44.20176696777344,-330.0,-76.79544067382812,-85.81877899169922,-43.0,115.96416155205176,145.7837416381253,337.14787073205446,122.92844477952843
3.299491284880787,0,1,1,0,494,297,330,394,191,284,360,160,311,377,170,293,402,188,284,-74.64190673828125,-77.43599319458008,-46.0,-101.61688232421875,-103.31272506713867,-19.0,-87.07633590698242,-93.01015090942383,-37.0,-69.27090549468994,-79.45012283325195,-46.0,116.97755034004315,146.15235179117818,132.67319415458206,115.00774046242752
3.358219201909378,0,1,1,0,493,297,331,393,193,287,360,162,311,380,173,293,406,192,286,-74.92081451416016,-76.55819511413574,-44.0,-100.9975357055664,-101.9786262512207,-20.0,-84.37903594970703,-91.06850814819336,-38.0,-66.05584335327148,-77.12475204467773,-45.0,115.80278790512459,144.91425889360687,129.83564566073338,111.0702562303021
3.4180790609680116,0,1,1,0,493,297,331,394,192,287,361,162,309,382,174,293,408,193,286,-74.24234580993652,-77.23666381835938,-44.0,-99.95978164672852,-101.61296463012695,-22.0,-82.99373245239258,-90.3758544921875,-38.0,-64.70363712310791,-76.44864845275879,-45.0,115.81635527485945,144.22604663438943,128.45137096026795,109.79961979539057
3.477158705936745,0,1,1,0,493,296,330,394,193,288,361,163,310,381,176,295,408,196,286,-74.15483283996582,-75.75131416320801,-42.0,-99.95028305053711,-100.14653015136719,-20.0,-83.73359489440918,-88.37359237670898,-35.0,-64.54286289215088,-73.5039119720459,-44.0,114.0228083805004,142.89641907074224,126.6736229193187,107.25952743467248
3.5358528178185225,0,1,1,0,493,296,331,393,192,291,362,164,310,383,178,295,410,199,287,-75.22331619262695,-76.90182495117188,-40.0,-99.37821960449219,-99.54763793945312,-21.0,-82.4996109008789,-87.1127815246582,-36.0,-63.38686752319336,-71.70491027832031,-44.0,114.77124195475369,142.2208239010136,125.26301331102988,105.3351277230195
3.5952876079827547,0,1,1,0,492,297,330,394,193,292,364,166,311,387,181,295,414,202,288,-73.66775703430176,-76.96961975097656,-38.0,-97.11582565307617,-98.90150833129883,-19.0,-78.76919937133789,-85.66681289672852,-35.0,-59.758084297180176,-70.40394973754883,-42.0,113.11613850850301,139.90708324629122,121.5252632232684,101.44823693646032
3.6538071639370173,0,1,1,0,492,297,331,394,194,293,365,167,311,389,182,295,416,203,289,-73.8994312286377,-76.5228271484375,-38.0,-96.5390396118164,-98.3026123046875,-20.0,-77.5328540802002,-85.10574722290039,-36.0,-58.576087474823,-69.9453353881836,-42.0,112.96401644198826,139.22352443138894,120.62475563577252,100.43658679198334
3.713494851021096,0,1,1,0,492,297,331,394,194,295,365,168,312,389,183,297,415,204,291,-74.04595375061035,-76.7371940612793,-36.0,-96.68085479736328,-97.73605728149414,-19.0,-77.70301628112793,-84.67473983764648,-34.0,-59.30651807785034,-69.42922782897949,-40.0,112.54954561985564,138.78229201623796,119.84811348435298,99.6879168377328
3.7725755888968706,0,1,1,0,491,296,332,395,194,297,367,168,313,392,184,299,418,205,293,-72.86393356323242,-76.30302238464355,-35.0,-94.71636962890625,-97.25616455078125,-19.0,-75.1262321472168,-83.58574295043945,-33.0,-56.64936065673828,-68.25512504577637,-39.0,111.15891344979296,137.08009417420251,117.13038538831181,96.89639909631201
3.830873478902504,0,1,1,0,490,295,331,395,193,299,368,168,314,394,186,300,421,208,294,-72.06720161437988,-76.30779647827148,-32.0,-93.17263793945312,-96.50838470458984,-17.0,-72.84729766845703,-81.3817367553711,-31.0,-53.642313718795776,-65.33483123779297,-37.0,109.7294917143836,135.21837441296773,113.53728838983827,92.27750535193609
3.890597785823047,0,1,1,0,490,296,332,396,193,301,369,169,313,395,187,301,422,209,296,-71.65111351013184,-77.44331741333008,-31.0,-92.45166015625,-96.5162353515625,-19.0,-72.36267471313477,-81.71269989013672,-31.0,-53.115116357803345,-65.69968795776367,-36.0,109.96521940697245,134.9951597357659,113.46506958079435,91.83498561795774
3.949016568949446,0,1,1,0,490,296,332,397,193,301,371,170,313,398,189,302,426,211,297,-70.93954849243164,-77.44331741333008,-31.0,-90.97179412841797,-95.77630615234375,-19.0,-70.29179191589355,-80.40857315063477,-30.0,-50.313756227493286,-64.36719703674316,-35.0,109.50290841932855,133.45399262341587,110.93455118613073,88.87975090022776
4.007898292969912,0,1,1,0,489,296,332,397,193,303,372,169,314,399,189,303,426,212,299,-70.28704261779785,-77.66241073608398,-29.0,-89.57229232788086,-96.6825180053711,-18.0,-68.85446166992188,-80.5275764465332,-29.0,-49.524139761924744,-63.79435157775879,-33.0,108.68633033319482,133.02144504075366,109.84820189792362,87.24310696201363
4.0657016600016505,0,1,1,0,489,296,332,398,193,303,373,170,314,399,190,303,426,213,299,-69.57075309753418,-77.66241073608398,-29.0,-88.82999801635742,-95.94022369384766,-18.0,-68.85446166992188,-79.81128692626953,-29.0,-49.524139761924744,-63.08751678466797,-33.0,108.22448765366494,131.98217709225588,109.32418951303532,86.72759187948445
4.1248748558573425,0,1,1,0,488,296,333,398,193,304,374,170,314,400,191,304,427,215,299,-68.99865913391113,-77.90590286254883,-29.0,-87.45180130004883,-96.07416915893555,-19.0,-67.56134796142578,-79.34321594238281,-29.0,-48.181405782699585,-61.807790756225586,-34.0,108.03307208029656,131.29761433553537,108.17061363625724,85.4262890529755
4.183332693995908,0,1,1,0,488,296,331,398,193,305,374,171,314,401,192,304,427,216,299,-68.76455688476562,-77.74755859375,-26.0,-87.15389251708984,-95.06398010253906,-17.0,-66.54478454589844,-78.35667037963867,-27.0,-47.8834969997406,-60.833065032958984,-32.0,107.00115490426613,130.08443909175452,106.28723414993631,83.7704666707091
4.24268211890012,0,1,1,0,488,296,332,399,193,306,375,172,314,402,195,305,428,219,300,-68.25393486022949,-77.99105072021484,-26.0,-86.56055450439453,-94.45563125610352,-18.0,-66.02943420410156,-76.43946838378906,-27.0,-47.31850337982178,-58.89458656311035,-32.0,106.85131546381436,129.37772556393645,104.55562399082157,82.04640813921048
4.302172015886754,0,1,1,0,488,296,333,399,193,307,377,172,315,404,196,306,429,220,302,-68.46432876586914,-78.23454666137695,-26.0,-85.3383674621582,-94.7487678527832,-18.0,-64.7859697341919,-75.95484924316406,-27.0,-46.739299297332764,-58.41077136993408,-31.0,107.16346674437229,128.77874813309433,103.41837843416134,80.97765315712948
4.3613678850233555,0,1,1,0,488,296,332,399,193,308,377,172,315,404,196,306,429,221,302,-68.37681770324707,-78.21014785766602,-24.0,-85.18941497802734,-94.61482238769531,-17.0,-64.63701725006104,-75.82090377807617,-26.0,-46.590346813201904,-57.56289768218994,-30.0,106.6218384156879,128.44532315251374,102.96967247063075,79.90086110765453
4.420652354834601,0,1,1,0,488,295,332,400,192,308,377,172,316,404,197,307,430,223,304,-67.64870643615723,-78.15341186523438,-24.0,-85.30286407470703,-93.98916625976562,-16.0,-64.68663883209229,-74.41276359558105,-25.0,-45.85273456573486,-55.42745113372803,-28.0,106.11457613665682,127.93178648621229,101.7183396901728,77.19245822188554
4.4785480299033225,0,1,1,0,487,296,333,400,192,309,378,173,315,405,199,307,430,224,304,-67.06952667236328,-79.18411636352539,-24.0,-83.8064956665039,-94.00410842895508,-18.0,-63.32263469696045,-73.88006210327148,-26.0,-45.214478492736816,-55.62758827209473,-29.0,106.51030791584061,127.21753463034284,100.71752400326345,77.32902199265067
4.538948921021074,0,1,1,0,487,295,333,400,191,309,379,173,316,406,200,308,431,226,305,-67.06952667236328,-79.12737655639648,-24.0,-83.17055892944336,-93.37372207641602,-17.0,-62.641780853271484,-72.4601001739502,-25.0,-44.481616497039795,-53.43459987640381,-28.0,106.46813198677158,126.1942702623213,98.99221598533991,74.9524560647688
4.597461524885148,0,1,1,0,487,295,333,400,191,310,379,173,316,406,200,308,430,227,305,-67.12860488891602,-79.24165344238281,-23.0,-83.17055892944336,-93.37372207641602,-17.0,-62.641780853271484,-72.4601001739502,-25.0,-45.20263600349426,-52.71358013153076,-28.0,106.36958792161836,126.1942702623213,98.99221598533991,74.87322506709398
4.655830211006105,0,1,1,0,487,294,334,400,191,311,380,173,316,407,201,309,431,228,306,-67.33427429199219,-78.69792938232422,-23.0,-82.57012939453125,-92.71572494506836,-18.0,-62.10279083251953,-71.16462707519531,-25.0,-44.61400127410889,-51.36137104034424,-28.0,106.09556344868776,125.45131294776952,97.70445627472319,73.56901212351639
4.71641628886573,0,1,1,0,487,294,334,400,191,312,380,173,316,407,201,309,431,228,308,-67.39335060119629,-78.81220626831055,-22.0,-82.57012939453125,-92.71572494506836,-18.0,-62.10279083251953,-71.16462707519531,-25.0,-44.58558797836304,-51.414984703063965,-26.0,106.00579022928179,125.45131294776952,97.70445627472319,72.85173510214189
4.774206751957536,0,1,1,0,487,294,335,400,190,312,380,173,317,407,201,310,431,228,308,-67.53993797302246,-79.67898941040039,-23.0,-82.82307434082031,-93.00177001953125,-18.0,-62.291908264160156,-71.38447761535645,-25.0,-44.73217535018921,-51.54419994354248,-27.0,106.95505866887466,125.82921310264493,97.98482270029308,73.39463236082022
4.832723442930728,0,1,1,0,487,294,335,400,190,311,380,173,317,408,201,310,432,229,308,-67.48086166381836,-79.56235122680664,-24.0,-82.82307434082031,-93.00177001953125,-18.0,-61.55906867980957,-71.38447761535645,-25.0,-44.004064083099365,-50.81608963012695,-27.0,107.05061617584987,125.82921310264493,97.52057516823226,72.44054542261958
4.8919338919222355,0,1,1,0,486,294,334,400,191,312,380,173,317,408,201,310,432,229,308,-66.60377311706543,-78.81220626831055,-22.0,-81.88690948486328,-92.87255477905273,-17.0,-60.62290382385254,-71.25526237487793,-24.0,-43.067899227142334,-50.68687438964844,-26.0,105.50557544655285,124.9791077587384,96.58389557347938,71.41430654449628
4.949667163891718,0,1,1,0,486,294,336,399,191,312,379,174,318,407,201,311,431,227,309,-67.62979698181152,-79.07064056396484,-24.0,-83.03347396850586,-92.53606414794922,-18.0,-61.68672847747803,-71.60433197021484,-25.0,-44.0702600479126,-52.430702209472656,-27.0,106.77994024626894,125.6243645447487,97.76212368373976,73.62177907976037
5.007471482967958,0,1,1,0,486,294,336,400,191,313,379,173,318,406,200,311,431,227,309,-66.95130729675293,-79.1849136352539,-23.0,-83.03347396850586,-93.28781509399414,-18.0,-62.42193126678467,-72.33953475952148,-25.0,-44.0702600479126,-52.430702209472656,-27.0,106.21547955061382,126.17913553472215,98.76490162147283,73.62177907976037
5.067317775916308,0,1,1,0,486,294,335,399,191,313,379,173,319,407,201,311,431,227,309,-67.5470085144043,-79.05569458007812,-22.0,-82.99796295166016,-93.31542205810547,-16.0,-61.54249858856201,-71.47511291503906,-24.0,-43.92603015899658,-52.301483154296875,-26.0,106.28452947058476,125.90643290955195,97.32507846768344,73.08174372350646
5.126349880825728,0,1,1,0,486,294,337,400,191,312,379,173,319,406,200,311,430,227,310,-67.03645515441895,-79.19985580444336,-25.0,-83.28641891479492,-93.57385635375977,-18.0,-62.56615734100342,-72.46875,-26.0,-44.93311929702759,-52.589088439941406,-27.0,106.73098649930601,126.55707869797239,99.20808319376852,74.25360215305983
5.185847742948681,0,1,1,0,485,293,337,400,190,313,379,173,319,405,200,311,429,226,309,-66.29886436462402,-79.25739669799805,-24.0,-82.48974990844727,-92.77719116210938,-18.0,-62.50469207763672,-71.67208480834961,-26.0,-44.87876796722412,-52.493727684020996,-28.0,106.08145147660191,125.4438760557436,98.58866198755028,74.52311896599669
5.245111262891442,0,1,1,0,486,293,336,400,190,313,379,172,319,406,199,311,430,226,310,-66.95130729675293,-79.13054275512695,-23.0,-83.14219284057617,-93.40445327758789,-17.0,-62.42193126678467,-72.28043556213379,-25.0,-44.78889322280884,-52.39840888977051,-26.0,106.17495159153695,126.19832060065085,98.72162310318325,73.67250647496495
5.304344455013052,0,1,1,0,486,293,337,400,189,313,379,171,319,405,199,311,430,226,310,-67.09553337097168,-79.99732971191406,-24.0,-83.28641891479492,-94.28541946411133,-18.0,-63.301361083984375,-72.40728950500488,-26.0,-44.93311929702759,-52.5252628326416,-27.0,107.13255041943071,127.0840977430856,99.62870012474599,74.20841222798796
5.365878319833428,0,1,1,0,486,292,336,400,189,312,379,171,319,405,198,311,429,224,309,-66.8922290802002,-78.95716857910156,-24.0,-83.14219284057617,-93.36426162719727,-17.0,-63.157135009765625,-72.22133445739746,-25.0,-45.53121089935303,-53.03352069854736,-27.0,106.2299617873726,126.16857603829607,99.14506973848488,74.93093809398502
5.4271220348309726,0,1,1,0,487,292,336,400,188,312,378,169,316,404,195,310,429,220,307,-67.6865291595459,-79.69473648071289,-24.0,-84.35735321044922,-94.3736457824707,-20.0,-64.63701629638672,-74.32212829589844,-26.0,-46.344468116760254,-55.863983154296875,-29.0,107.27868964708847,128.15048988961274,101.87110792629748,78.16389408728926
5.486366758821532,0,1,1,0,488,291,335,399,189,309,376,167,316,402,189,308,427,213,304,-68.8851203918457,-77.68373107910156,-26.0,-86.49674606323242,-94.95126342773438,-19.0,-66.63934516906738,-77.56472778320312,-27.0,-48.45556199550629,-59.840986251831055,-31.0,107.032340373222,129.84001504178255,105.76431024048001,83.00533190037967
5.545436756918207,0,1,1,0,487,290,335,398,188,308,375,165,316,399,186,308,424,209,303,-68.75985145568848,-77.50090026855469,-27.0,-86.45183181762695,-95.65337371826172,-19.0,-68.03174018859863,-78.95712280273438,-27.0,-49.81724792718887,-61.851945877075195,-32.0,107.06683293459653,130.32454537925193,107.66403723795176,85.62371984339178
5.604789549019188,0,1,1,0,488,290,335,397,189,306,374,164,317,398,184,307,423,207,300,-70.14756202697754,-76.53478240966797,-29.0,-88.11133575439453,-96.57849884033203,-18.0,-69.48798561096191,-80.28252410888672,-28.0,-51.31136155128479,-63.05517578125,-35.0,107.79264064315282,131.9659574537148,109.80830488429929,88.50881886598083
5.664293101988733,0,1,1,0,489,290,335,397,189,304,372,164,316,397,181,306,422,204,299,-70.80716514587402,-76.2967758178711,-31.0,-90.27678298950195,-96.40039825439453,-19.0,-70.93950462341309,-82.32184982299805,-29.0,-52.805434226989746,-65.0992317199707,-36.0,108.60871344508946,133.43138435368007,112.47355366705317,91.22677158834121
5.724768787855282,0,1,1,0,489,288,334,395,186,302,369,161,316,393,177,305,418,198,297,-71.95136451721191,-76.50164413452148,-32.0,-92.36653900146484,-96.94255828857422,-18.0,-73.6060962677002,-83.36910247802734,-29.0,-55.44840717315674,-67.44587898254395,-37.0,109.78843477877652,135.1052816681966,114.93156509750389,94.82864783264677
5.782979810843244,0,1,1,0,488,290,335,394,186,300,367,160,317,390,176,303,415,197,296,-71.87814331054688,-77.94836044311523,-35.0,-93.35704803466797,-99.5760498046875,-18.0,-74.96309280395508,-85.48955917358398,-32.0,-56.89048671722412,-69.74680709838867,-39.0,111.65757646277895,137.6768975262477,118.11828821324875,98.09253070108088
5.842423239024356,0,1,1,0,488,289,334,393,186,299,367,159,317,390,175,302,414,197,295,-72.36276626586914,-76.91292953491211,-35.0,-93.20809555053711,-99.41609954833984,-17.0,-74.7314224243164,-85.1444206237793,-32.0,-57.41529655456543,-68.73737907409668,-39.0,111.25182547397218,137.33284357925265,117.72152675241973,97.68491982094656
5.901122151874006,0,1,1,0,488,287,334,393,185,298,368,158,317,390,174,302,415,196,295,-72.28713989257812,-75.91215515136719,-36.0,-92.45870590209961,-98.58633422851562,-17.0,-74.7314224243164,-84.27919387817383,-32.0,-56.71791696548462,-67.85560607910156,-39.0,110.83359550954938,136.22363081972063,117.09725879932644,96.65560191352498
5.9606865828391165,0,1,1,0,489,287,334,393,184,297,365,154,315,385,167,303,409,186,296,-73.0010929107666,-76.48580551147461,-37.0,-95.21281433105469,-101.18040084838867,-19.0,-79.1851749420166,-89.44769668579102,-31.0,-61.72957229614258,-74.95549392700195,-38.0,112.01891809380011,140.22821944487674,123.41872780494475,104.2730366187996
6.018862197874114,0,1,1,0,488,287,335,392,184,295,363,151,317,382,161,302,405,179,296,-72.90659523010254,-76.33683013916016,-40.0,-96.35459518432617,-103.94472122192383,-18.0,-80.591796875,-93.67292404174805,-33.0,-63.88792037963867,-79.96636962890625,-39.0,112.88349420416166,142.87306633175768,127.90095551665108,109.53212607295592
6.0776231698691845,0,1,1,0,487,286,335,392,183,294,362,149,320,375,155,305,395,171,297,-72.03666687011719,-76.10908126831055,-41.0,-96.75876998901367,-105.292236328125,-15.0,-85.15188217163086,-97.76268005371094,-30.0,-70.16431427001953,-84.93392944335938,-38.0,112.5294344838831,143.78356860491598,133.07285466486226,116.53670395060783
6.136351920897141,0,1,1,0,486,286,335,392,182,293,361,148,316,371,153,309,389,168,298,-71.16673851013184,-76.66854476928711,-42.0,-96.11821746826172,-105.18501281738281,-19.0,-87.75455093383789,-100.02114486694336,-26.0,-73.67010116577148,-87.20889663696289,-37.0,112.72431160672335,143.74838660196863,135.5768808834811,120.00698087366202
6.196016463916749,0,1,1,0,485,286,335,392,182,339,358,148,311,365,150,309,382,164,300,-73.96231651306152,-82.90389251708984,4.0,-96.77552795410156,-104.10537719726562,-24.0,-91.3454704284668,-102.21257019042969,-26.0,-78.01272392272949,-90.38299179077148,-35.0,111.1731966728648,144.15072796271286,139.5256409149638,124.41893062912362
6.254907948896289,0,1,1,0,484,288,336,393,182,339,358,147,0,361,147,0,375,160,301,-72.50847625732422,-84.6028060913086,3.0,-46.871456146240234,-38.65100860595703,-336.0,-46.871456146240234,-38.65100860595703,-336.0,-82.44285202026367,-95.10626220703125,-35.0,111.46350939963497,341.4481422815574,341.4481422815574,130.64082424811807
6.31337237986736,0,1,1,0,485,288,336,393,183,340,357,147,316,359,146,315,374,159,301,-73.37840843200684,-83.93459701538086,4.0,-98.45623779296875,-107.63095092773438,-20.0,-96.80619049072266,-108.15731811523438,-21.0,-83.94872283935547,-95.81782531738281,-35.0,111.55898619182945,147.2346846295192,146.6643923357203,132.1114821463729
6.372165604960173,0,1,1,0,483,287,336,393,184,341,357,147,315,359,146,314,374,157,301,-71.86542701721191,-82.46735763549805,5.0,-96.70690155029297,-106.61835479736328,-21.0,-95.06158447265625,-107.1423568725586,-22.0,-82.36011505126953,-96.44664764404297,-35.0,109.50116289678091,145.46717288500005,144.91442122390256,131.56802192414588
6.431040707975626,0,1,1,0,483,287,335,395,184,341,361,148,309,357,143,311,366,151,305,-70.11604499816895,-82.35469055175781,6.0,-92.68348693847656,-104.4654655456543,-26.0,-95.92684936523438,-108.57333755493164,-24.0,-88.47329711914062,-101.43870162963867,-30.0,108.32615022265418,142.0537301261218,146.85411147447488,137.90335199493373
6.489854531828314,0,1,1,0,483,288,337,396,185,342,364,150,305,356,143,311,359,148,308,-69.65272521972656,-82.69902801513672,5.0,-90.18960952758789,-103.18172073364258,-32.0,-96.93632507324219,-109.59534072875977,-26.0,-94.26271057128906,-105.27154159545898,-29.0,108.23877015738447,140.72893504995403,148.60615676397202,144.25171081873194
6.548122725915164,0,1,1,0,482,288,336,397,184,343,364,149,307,354,140,312,354,143,311,-67.97896766662598,-83.52330780029297,7.0,-89.5465316772461,-104.21483612060547,-29.0,-97.64311218261719,-111.9207534790039,-24.0,-97.47529220581055,-109.48030853271484,-25.0,107.91794563890966,140.42903333381133,150.45408740215444,148.7022883046074
6.6089872408192605,0,1,1,0,482,287,335,397,184,343,365,149,310,354,140,313,352,143,311,-67.84419822692871,-82.61633682250977,8.0,-89.11146926879883,-103.94855117797852,-25.0,-97.67616271972656,-111.24862289428711,-22.0,-98.81092834472656,-108.57333755493164,-24.0,107.2021191162991,139.18029762593878,149.66926491275956,148.7540560393693
6.667495005996898,0,0,1,0,481,287,335,397,184,345,366,150,332,355,140,313,351,141,313,-67.18459892272949,-82.87798309326172,10.0,-90.6546630859375,-107.86208724975586,-3.0,-96.14429473876953,-111.24862289428711,-22.0,-99.10402297973633,-110.50869369506836,-22.0,107.156569626015,140.9308263124104,148.67407812625135,150.05925080766778
6.726630971999839,0,0,1,0,482,287,336,397,183,344,367,150,334,354,140,313,349,140,312,-68.04513740539551,-83.67304229736328,8.0,-91.0707015991211,-108.39715576171875,-2.0,-97.81093215942383,-111.36128997802734,-23.0,-101.33094787597656,-111.12644958496094,-24.0,108.14489692914547,141.59031063948717,149.9910509179321,152.29264195883775
6.785177481826395,0,0,1,0,481,287,336,397,184,345,368,153,339,354,141,312,344,138,315,-67.31700325012207,-82.99065017700195,9.0,-90.16044998168945,-107.04896545410156,3.0,-96.84880828857422,-110.38888549804688,-24.0,-104.79886627197266,-113.3202896118164,-21.0,107.23817857171233,139.9906702094613,148.79985789112135,155.7732018339379
6.844898383831605,0,0,1,0,481,286,335,396,184,345,367,155,342,353,142,314,341,136,318,-68.00017929077148,-82.08604049682617,10.0,-91.24070739746094,-105.13970184326172,7.0,-97.79434204101562,-109.2069320678711,-21.0,-107.49610137939453,-114.63787841796875,-17.0,107.06139560095251,139.3851627329073,148.090807773176,158.07041146255693
6.904521237825975,0,0,1,0,481,287,336,396,184,346,367,155,343,352,142,317,339,134,314,-68.20111656188965,-83.12147521972656,10.0,-91.51020431518555,-106.24369049072266,7.0,-99.18668746948242,-110.80187225341797,-19.0,-108.31888198852539,-116.0499038696289,-22.0,107.98412819943529,140.39529644149576,149.92015830445064,160.2640333430873
6.963199130957946,0,0,1,0,480,286,336,394,184,346,364,156,345,347,141,321,333,132,314,-69.0427017211914,-82.3271713256836,10.0,-93.43682098388672,-105.0325698852539,9.0,-102.8768081665039,-111.68685913085938,-15.0,-111.97835922241211,-116.74018859863281,-22.0,107.91041562078179,140.86617852513655,152.58634329796382,163.25264031000518
7.021691686939448,0,0,1,0,480,286,336,394,183,347,362,154,346,345,140,326,330,130,315,-69.11596298217773,-83.2782974243164,11.0,-95.21688842773438,-106.86546325683594,10.0,-105.3399772644043,-113.6198959350586,-10.0,-114.4297981262207,-118.48326110839844,-21.0,108.78093197268842,143.47990479142982,155.26104328632718,166.05258764044765
7.080409266985953,0,0,1,0,480,286,336,393,183,347,361,154,347,343,139,329,326,128,316,-69.93627166748047,-83.2782974243164,11.0,-96.18610382080078,-107.06720733642578,11.0,-107.4627799987793,-115.10216522216797,-7.0,-117.6424446105957,-120.23577880859375,-20.0,109.30396569493962,144.3473361550086,157.625370812878,169.40008051847602
7.138246370013803,0,0,1,0,480,286,336,393,183,347,360,155,349,340,139,332,322,126,316,-69.93627166748047,-83.2782974243164,11.0,-97.31369018554688,-106.64566040039062,13.0,-110.39879989624023,-115.81377410888672,-4.0,-120.63054275512695,-121.7298355102539,-20.0,109.30396569493962,144.9560318847203,160.05225800304828,172.539504748188
7.1975979609414935,0,0,1,0,480,286,337,392,183,348,359,153,350,337,135,332,319,121,320,-70.96460914611816,-83.52179336547852,11.0,-98.42476654052734,-108.61013793945312,13.0,-112.88338088989258,-119.06346893310547,-5.0,-124.0038948059082,-126.69427490234375,-17.0,110.14928832383353,147.1482134848546,164.14556745619765,178.0938101677467
7.255551057867706,0,0,1,0,480,286,337,391,182,348,357,151,349,336,133,332,316,118,322,-71.78728294372559,-84.34446334838867,11.0,-99.9188346862793,-110.05610656738281,12.0,-113.66823196411133,-120.63316345214844,-5.0,-126.78864669799805,-129.53740692138672,-15.0,111.30320071754538,149.13121778432284,165.82468779503185,181.87990742087675
7.314446470001712,0,0,1,0,480,285,337,392,182,348,357,151,349,335,132,334,315,117,322,-70.96460914611816,-83.54779815673828,11.0,-99.9188346862793,-109.25944137573242,12.0,-114.8785514831543,-121.12884902954102,-3.0,-127.54985427856445,-129.50194931030273,-15.0,110.16900801995268,148.5442663141231,166.9679000828874,182.38618424006586
7.373717815848067,0,0,1,0,480,284,336,391,182,349,356,150,350,332,130,334,311,114,323,-71.73759269714355,-82.78109741210938,13.0,-100.77692413330078,-109.39342498779297,14.0,-117.11723709106445,-121.80574798583984,-2.0,-130.73411178588867,-131.17962646484375,-13.0,110.30862293916286,149.39514673619405,168.9884240598584,185.6569481164149
7.434261885005981,0,0,1,0,480,284,336,391,181,349,354,149,349,330,129,334,308,112,323,-71.73759269714355,-83.60613250732422,13.0,-102.26389694213867,-110.00726318359375,13.0,-118.69638442993164,-122.59532928466797,-2.0,-133.02482223510742,-132.7067642211914,-13.0,110.92911069152912,150.75975116368699,170.6530000883497,188.349910009909
7.494703795993701,0,0,1,0,480,284,337,390,181,348,353,148,349,329,127,336,306,110,326,-72.60995292663574,-83.57379913330078,11.0,-103.21897506713867,-110.93788528442383,12.0,-120.06984329223633,-124.81119918823242,-1.0,-135.5258903503418,-135.25676345825195,-11.0,111.25549499050177,152.00451047679664,173.1923864118363,191.78805754387938
7.5523170789238065,0,0,1,0,480,284,337,390,181,349,353,147,350,328,126,337,305,109,327,-72.69267082214355,-83.71171188354492,12.0,-103.38916015625,-111.98120498657227,13.0,-121.09344100952148,-125.87343978881836,0.0,-136.5802116394043,-136.33555221557617,-10.0,111.51625485878799,152.96440340177003,174.66466242430306,193.2395844784152
7.6126226070337,0,0,1,0,480,285,337,390,181,350,353,146,349,328,125,337,304,108,329,-72.77538681030273,-84.64629745483398,13.0,-103.21897506713867,-113.38461685180664,12.0,-121.09344100952148,-127.46677017211914,0.0,-137.92527389526367,-138.52622604370117,-8.0,112.38439659579714,153.7993112876049,175.81637851360236,195.64482226983185
7.6715705608949065,0,0,1,0,479,286,338,390,180,350,352,145,349,326,124,338,302,106,330,-72.10639190673828,-86.38067245483398,12.0,-103.37501525878906,-115.11662292480469,11.0,-122.25178527832031,-129.44307708740234,0.0,-139.10254669189453,-141.30391693115234,-8.0,113.15896927578231,155.11038215853424,178.0477722679835,198.44474151827933
7.729862680891529,0,0,1,0,479,285,338,390,180,350,351,145,350,324,122,339,300,105,334,-72.10639190673828,-85.5816421508789,12.0,-104.37496948242188,-114.54061508178711,12.0,-124.08859252929688,-130.5194969177246,1.0,-141.84469604492188,-142.55531692504883,-4.0,112.55020758332357,155.4274324492643,180.09530219180564,201.14158242312152
7.790557540953159,0,0,1,0,478,285,337,389,180,350,350,144,350,323,122,341,299,104,337,-72.00945091247559,-85.47370147705078,13.0,-104.27802276611328,-115.26006698608398,13.0,-124.44785690307617,-130.96633529663086,4.0,-142.60344314575195,-144.1967887878418,0.0,112.51717497744166,155.9736807081458,180.70819037552798,202.80151847002816
7.848575813928619,0,0,1,0,479,285,337,389,180,350,349,143,350,323,120,343,298,102,337,-72.80611610412598,-85.47370147705078,13.0,-105.90208435058594,-116.08747482299805,13.0,-125.72673034667969,-133.14281845092773,6.0,-144.19677734375,-145.79011917114258,0.0,113.02868744860955,157.67229712469728,183.221780443056,205.05479619911105
7.910148473922163,0,0,1,0,479,285,338,389,181,350,349,143,350,322,119,344,298,101,341,-72.93379402160645,-84.75423812866211,12.0,-106.0297622680664,-116.19541549682617,12.0,-126.90872955322266,-134.34609603881836,6.0,-145.52527618408203,-148.00287246704102,3.0,112.45718825915966,157.7583122028844,184.9072717815187,207.58481704341617
7.967697973828763,0,0,1,0,476,285,338,388,180,351,348,142,352,321,119,346,297,100,343,-71.45154571533203,-85.72192001342773,13.0,-104.8240852355957,-117.48303604125977,14.0,-125.8165168762207,-134.91506576538086,8.0,-144.53945541381836,-149.46779251098633,5.0,112.3502156468722,158.07072025821662,184.65067259379634,207.98383391367332
8.026966355042532,0,0,1,0,477,285,338,388,181,351,348,142,352,321,118,347,296,100,347,-72.25057601928711,-84.89215087890625,13.0,-105.62311553955078,-117.48303604125977,14.0,-126.86138153076172,-136.01985549926758,9.0,-147.3690643310547,-150.7853889465332,9.0,112.23111429530479,158.6017222282067,186.21549670726958,211.03287573638337
8.085935639915988,0,0,1,0,477,285,339,387,180,350,348,142,353,321,118,349,297,99,349,-73.11348342895508,-85.68958282470703,11.0,-105.92806625366211,-117.82108688354492,14.0,-127.47600173950195,-136.70149612426758,10.0,-147.27685165405273,-152.37715530395508,10.0,113.17811654108941,159.0552222803768,187.18287865641625,212.15387927552845
8.144877803046256,0,0,1,0,477,284,338,387,180,351,348,141,353,322,117,351,298,98,352,-73.08034133911133,-84.92288589477539,13.0,-105.80511474609375,-117.74860000610352,15.0,-127.01495361328125,-137.19797134399414,13.0,-147.22947692871094,-153.29760360717773,14.0,112.79021606033949,159.01086475405202,187.4168663228884,213.00862458690546
8.204208693932742,0,0,1,0,476,285,338,387,180,352,349,141,354,323,116,353,299,97,355,-72.37112045288086,-85.86219787597656,14.0,-104.35123825073242,-118.78010940551758,16.0,-125.86837387084961,-139.4099235534668,15.0,-146.49184036254883,-155.93822860717773,17.0,113.16313931532098,158.91474228292304,188.42232969071216,214.62895991443213
8.263010466936976,0,0,1,0,476,285,338,386,180,352,350,141,355,324,117,356,301,98,359,-73.2032470703125,-85.86219787597656,14.0,-103.6916618347168,-119.0125846862793,17.0,-125.75010299682617,-139.44305801391602,18.0,-145.98585891723633,-156.43552780151367,21.0,113.69710816784466,158.7606879795942,188.6304716422687,214.9998729356401
8.321302677039057,0,0,1,0,475,285,340,386,180,352,350,141,356,324,117,357,301,98,360,-72.64065933227539,-86.07807922363281,12.0,-103.30635070800781,-119.46094131469727,16.0,-125.42626190185547,-139.94814682006836,17.0,-145.7163848876953,-156.98553085327148,20.0,113.27003624550358,158.7423024792051,188.6961339642237,215.12257371559687
8.380745984846726,0,0,1,0,475,285,339,386,181,353,350,142,357,325,117,358,302,98,361,-72.6146125793457,-85.27592468261719,14.0,-103.36540603637695,-118.74152755737305,18.0,-124.70046615600586,-140.12942123413086,19.0,-145.0378761291504,-157.21171951293945,22.0,112.8754414853996,158.45490693482313,188.54034304343898,215.0244410858215
8.441786750918254,0,0,1,0,475,284,338,386,181,353,350,142,357,325,117,359,303,99,363,-72.49639129638672,-84.36894989013672,15.0,-103.24718475341797,-117.83455276489258,19.0,-124.81861877441406,-139.51165390014648,21.0,-144.6430206298828,-156.11486434936523,25.0,112.24458319475028,157.81623168992687,188.37247454632742,214.2859171475284
8.499251717934385,0,0,1,0,475,284,340,385,180,354,350,141,357,325,117,360,303,98,364,-73.66186141967773,-85.55487823486328,14.0,-103.48362731933594,-118.88965606689453,17.0,-125.29144287109375,-140.01202392578125,20.0,-145.1678466796875,-157.51828002929688,24.0,113.76162365927313,158.53268257009873,188.94790948966354,215.54979065869037
8.560241525992751,0,0,1,0,475,284,339,385,181,353,349,142,358,325,117,360,303,99,364,-73.44910049438477,-84.47452545166016,14.0,-104.38899612426758,-118.17023849487305,19.0,-125.17322158813477,-139.90644454956055,21.0,-145.04962539672852,-156.55220413208008,25.0,112.81274668102631,158.81520008414662,188.89983755750438,214.87900420083795
8.621863470878452,0,0,1,0,475,285,340,385,181,354,349,142,358,325,118,361,303,100,365,-73.66186141967773,-85.52177810668945,14.0,-104.50721740722656,-119.0795783996582,18.0,-125.52781677246094,-140.2515983581543,21.0,-145.45623016357422,-156.9304542541504,25.0,113.73673266953661,159.45439624557758,189.39045283666638,215.42906574047214
8.680485798045993,0,0,1,0,474,285,340,384,182,354,349,142,358,325,119,361,303,101,366,-73.6949577331543,-84.6849250793457,14.0,-103.70345687866211,-119.0795783996582,18.0,-124.72405624389648,-139.39818954467773,21.0,-144.94085311889648,-156.3946189880371,26.0,113.13038199787798,158.92876693797405,188.22578318143493,214.80951503889864
8.738789160968736,0,0,1,0,475,285,340,384,183,354,349,143,359,325,119,363,304,101,368,-74.49871826171875,-83.84807205200195,14.0,-104.68685913085938,-118.46101760864258,19.0,-126.00057220458984,-139.9671516418457,23.0,-145.45143127441406,-157.0486946105957,28.0,113.03343845728422,159.22735684410364,189.72598065266519,215.88054877331527
8.798061349894851,0,0,1,0,475,285,340,383,183,354,348,143,360,325,119,363,303,101,368,-75.3355712890625,-83.84807205200195,14.0,-105.71753692626953,-118.68876266479492,20.0,-126.00057220458984,-139.9671516418457,23.0,-146.3213882446289,-157.0486946105957,28.0,113.58673993159205,160.19744066824907,189.72598065266519,216.46764454931267
8.85693038185127,0,0,1,0,476,285,340,383,183,353,348,143,358,324,119,362,303,101,368,-76.04006576538086,-83.71488189697266,13.0,-106.15728378295898,-118.23327255249023,18.0,-127.42372512817383,-139.68267440795898,22.0,-147.12514877319336,-157.0486946105957,28.0,113.83880293040474,159.91396323850876,190.34719660478396,217.01175516645736
8.915472724940628,0,0,1,0,476,286,339,382,183,352,347,143,358,324,119,362,303,101,368,-76.65234375,-84.275146484375,13.0,-106.88301849365234,-118.92672348022461,19.0,-127.30313873291016,-140.37612533569336,23.0,-147.0045623779297,-157.74214553833008,29.0,114.65985399140811,161.023430593365,190.8940693041899,217.5636133156515
8.974236423848197,0,0,1,0,476,286,340,382,183,352,347,143,359,324,119,362,303,101,368,-76.77293014526367,-84.38545227050781,12.0,-107.18796920776367,-119.26477432250977,19.0,-127.42372512817383,-140.48643112182617,22.0,-147.12514877319336,-157.8524513244629,28.0,114.712629461571,161.47553107850018,190.93779891600303,217.59413087368924
9.033145783934742,0,0,1,0,476,287,340,382,183,352,347,144,359,324,120,362,303,102,368,-76.77293014526367,-85.18921279907227,12.0,-107.18796920776367,-119.21985626220703,19.0,-127.42372512817383,-140.43441772460938,22.0,-147.12514877319336,-157.7862548828125,28.0,115.30518106492507,161.44235773199608,190.89953223407983,217.5461138045866
9.09124403190799,0,0,1,0,476,288,341,382,184,353,348,144,358,325,120,361,304,102,367,-76.99514389038086,-85.40670394897461,12.0,-106.27787017822266,-119.91326904296875,17.0,-126.45216369628906,-141.0710906982422,20.0,-146.08975982666016,-158.38037872314453,26.0,115.6138281613763,161.13093366014658,190.5024995486011,217.0312472679866
9.150634317891672,0,0,1,0,476,287,340,383,184,352,348,143,358,325,119,361,304,101,367,-75.94079971313477,-84.35708618164062,12.0,-106.15728378295898,-119.84078979492188,18.0,-126.33157730102539,-141.00570678710938,21.0,-145.96917343139648,-158.3291778564453,27.0,114.13642297762442,161.10612588864007,190.48169667948997,217.03485469606719
9.208875830983743,0,0,1,0,477,287,340,383,183,352,348,142,357,325,117,361,304,99,366,-76.74456024169922,-85.18921279907227,12.0,-106.77904510498047,-120.45698547363281,17.0,-127.13533782958984,-142.71250915527344,21.0,-146.48690795898438,-159.73258209228516,26.0,115.28629365200973,161.86614785966347,192.27910545464357,218.28630737005145
9.267514219973236,0,0,1,0,477,287,340,384,182,351,349,142,357,326,117,361,305,99,365,-75.81553268432617,-85.88578796386719,11.0,-105.93509674072266,-120.45698547363281,17.0,-126.28193664550781,-142.71250915527344,21.0,-145.3380355834961,-159.40081787109375,25.0,115.08850320680378,161.31066322739255,191.71590385863675,217.15608516742785
9.32674384699203,0,0,1,0,478,287,340,384,182,351,349,141,356,326,117,359,305,98,362,-76.61928939819336,-85.88578796386719,11.0,-106.55921173095703,-121.0684585571289,16.0,-126.61766815185547,-142.13408660888672,19.0,-145.2908172607422,-159.2613067626953,22.0,115.61956617311128,162.07540609889637,191.29854276589748,216.69698985462563
9.384501287015155,0,0,1,0,478,286,339,384,181,350,349,141,356,326,116,359,305,98,363,-76.39707565307617,-85.66357040405273,11.0,-106.43389892578125,-120.15439224243164,17.0,-126.49235534667969,-142.06869888305664,20.0,-145.44916534423828,-158.6813621520996,24.0,115.30724375646113,161.4132981377047,191.26900209776625,216.59001452925145
9.443316475953907,0,0,1,0,479,285,339,385,181,350,350,141,355,327,116,357,306,98,361,-76.37106704711914,-84.86217880249023,11.0,-106.2164306640625,-119.12052536010742,16.0,-125.98177337646484,-140.68416213989258,18.0,-144.829833984375,-157.21171951293945,22.0,114.69581192450485,160.39834695245955,189.7035600616987,214.8841677838476
9.502050988841802,0,0,1,0,479,286,338,385,181,350,351,140,354,328,115,357,307,96,360,-76.24338912963867,-85.55326843261719,12.0,-105.07461929321289,-120.4159927368164,16.0,-125.01014709472656,-142.2191925048828,19.0,-143.56983184814453,-159.27075958251953,22.0,115.22333151526628,160.61347056335794,190.30195898462551,215.55387139853747
9.560807985952124,0,0,1,0,479,286,338,386,180,349,352,138,352,329,113,355,308,93,360,-75.32381820678711,-86.24039077758789,11.0,-103.89266204833984,-121.6105728149414,14.0,-123.71235656738281,-143.30976104736328,17.0,-142.71878814697266,-161.8238754272461,22.0,115.03078975091921,160.55782960624722,190.08270510203613,216.88618939073396
9.61913661682047,0,0,1,0,478,286,338,387,179,348,353,136,350,331,110,352,310,89,358,-73.60994338989258,-86.92278289794922,10.0,-101.92113494873047,-122.78623962402344,12.0,-120.56830978393555,-144.9101333618164,14.0,-139.67400741577148,-164.51722717285156,20.0,114.34156703748293,160.0261803276121,189.02820973361216,216.73658293934744
9.677777439821512,0,0,1,0,476,292,339,388,180,346,356,135,348,334,107,350,313,85,353,-71.1349048614502,-90.73822784423828,7.0,-97.63528060913086,-128.03899002075195,9.0,-116.16424560546875,-151.69948959350586,11.0,-134.33386993408203,-170.99685287475586,14.0,115.51017566413995,161.26881591044793,191.3840826715165,217.90252936700338
9.736254015937448,0,0,1,0,475,295,339,388,181,345,357,135,346,336,107,347,315,84,350,-70.24606513977051,-92.18655776977539,6.0,-95.68975067138672,-129.9498634338379,7.0,-113.07693862915039,-153.1651268005371,8.0,-131.08344650268555,-173.13386154174805,11.0,116.05546562338638,161.53171635943596,190.55169933003813,217.43781630475323
9.795836873818189,0,0,1,0,475,300,337,391,184,344,360,136,345,339,107,345,319,83,349,-67.48252868652344,-93.32917404174805,7.0,-92.84584045410156,-132.60779571533203,8.0,-109.9729995727539,-156.2595977783203,8.0,-127.28683471679688,-177.31185913085938,12.0,115.38295543641772,162.07768993327772,191.24623534300324,218.59879615556642
9.855752523988485,0,0,1,0,475,305,337,392,187,343,362,139,344,340,109,344,320,85,347,-66.59132194519043,-94.74913024902344,6.0,-91.06576919555664,-133.90719604492188,7.0,-108.95650482177734,-158.30365753173828,7.0,-125.96540069580078,-178.9154052734375,10.0,115.96465772533634,162.0898253185299,192.30332272455374,219.03881942845663
9.914967221906409,0,0,1,0,476,307,338,393,189,343,362,141,343,340,112,344,319,88,347,-66.69772720336914,-94.88071060180664,5.0,-91.83411407470703,-133.80157470703125,5.0,-109.87376022338867,-157.6172866821289,6.0,-127.70296859741211,-178.207763671875,9.0,116.08589948137039,162.36183634699248,192.22760531896327,219.42437244190188
9.97396966186352,0,0,1,0,476,308,337,393,190,342,362,142,342,341,112,344,321,89,345,-66.50151443481445,-94.58993911743164,5.0,-91.56462097167969,-133.39733123779297,5.0,-108.9399642944336,-158.2540054321289,7.0,-125.4500961303711,-177.31336212158203,8.0,115.73550883096881,161.8762731071259,192.2530781438486,217.35168507738473
10.03386800782755,0,0,1,0,476,310,338,393,192,342,362,143,342,341,114,345,321,90,346,-66.62210083007812,-94.73334121704102,4.0,-91.68520736694336,-134.3492202758789,4.0,-109.25910568237305,-158.68425750732422,7.0,-125.8165168762207,-178.6112060546875,8.0,115.88317503916355,162.70184460741692,192.78808509646737,218.62241158484727
10.092619454022497,0,0,1,0,477,310,338,393,193,344,362,146,344,341,116,345,321,93,346,-67.5723819732666,-94.1439437866211,6.0,-92.78205490112305,-132.3650665283203,6.0,-110.05813598632812,-157.0531005859375,7.0,-126.61554718017578,-176.1573715209961,8.0,116.03925610430083,161.7560525875977,191.90484543242178,217.08734723359987
10.150550880935043,0,0,1,0,477,310,338,393,194,344,362,146,344,340,117,344,319,94,348,-67.5723819732666,-93.33073043823242,6.0,-92.78205490112305,-132.3650665283203,6.0,-110.67279052734375,-155.94831085205078,6.0,-128.75255584716797,-176.0265884399414,10.0,115.38046649964217,161.7560525875977,191.32261293615338,218.31761375340886
10.208881365833804,0,0,1,0,478,310,338,393,195,344,362,148,344,340,119,344,320,96,348,-68.37141227722168,-92.51751708984375,6.0,-93.58108520507812,-130.73863983154297,6.0,-111.47182083129883,-154.3218765258789,6.0,-128.7289161682129,-174.3812484741211,10.0,115.19609796017984,160.8913032241395,190.46576703941787,216.97915493714123
10.267697596922517,0,0,1,0,479,310,338,393,195,345,361,149,345,340,120,343,320,97,347,-69.24606895446777,-92.6223373413086,7.0,-95.3446044921875,-130.13897705078125,7.0,-112.06993865966797,-153.2265396118164,5.0,-129.27974700927734,-173.22208404541016,9.0,115.85730637389285,161.47986547429196,189.9027213933315,216.33340793279686
10.326580125838518,0,0,1,0,479,311,338,392,197,344,361,151,344,340,122,342,319,98,346,-69.98365783691406,-91.69011688232422,6.0,-95.19332885742188,-129.09801864624023,6.0,-111.8690185546875,-152.1264762878418,4.0,-129.84949493408203,-172.8666877746582,8.0,115.50233719768852,160.5118945042462,188.87334936444663,216.35106442265857
10.384936149930581,0,0,1,0,480,311,337,392,198,344,360,152,345,339,123,342,318,100,344,-70.65265274047852,-90.7074966430664,7.0,-96.82918167114258,-128.32187271118164,8.0,-113.34650039672852,-151.14858627319336,5.0,-130.83058547973633,-170.4025993347168,7.0,115.18961449071071,160.95463161775692,188.99292125519028,214.94810526496533
10.443874005926773,0,0,1,0,479,313,337,392,199,344,360,153,344,338,124,342,317,101,342,-69.8559799194336,-91.48762130737305,7.0,-95.87887191772461,-128.8955192565918,7.0,-113.35831451416016,-151.93344497680664,5.0,-130.33655548095703,-170.5286521911621,5.0,115.32060866551828,160.79742835207864,189.6282657517375,214.6919628509063
10.502428982872516,0,0,1,0,479,312,337,392,199,343,358,154,342,335,126,337,313,103,335,-69.77799034118652,-90.59558486938477,6.0,-97.18856811523438,-126.88214874267578,5.0,-114.7200927734375,-148.18012237548828,0.0,-131.71728515625,-165.85885620117188,-2.0,114.50994687746832,159.90527646656332,187.3981012528163,211.80793986367433
10.561867232900113,0,0,1,0,479,311,338,393,199,344,358,156,341,335,129,331,312,107,325,-69.17044258117676,-90.06368637084961,6.0,-97.15788269042969,-124.44089889526367,3.0,-113.57134246826172,-143.59779739379883,-7.0,-129.96581268310547,-158.93532180786133,-13.0,113.71902976011813,157.9056410858983,183.21511194875188,205.71958823735892
10.619535041041672,0,0,1,0,479,311,338,393,198,344,358,158,339,335,133,326,313,113,318,-69.17044258117676,-90.87689971923828,6.0,-96.84115219116211,-122.44407272338867,1.0,-112.50765991210938,-139.2109260559082,-12.0,-127.34429168701172,-152.23486709594727,-20.0,114.3641597243488,156.1145723589003,179.39246213886025,199.47938085172476
10.678396589821205,0,0,1,0,480,309,338,393,198,344,359,159,339,336,134,326,314,114,317,-69.96948051452637,-89.27883911132812,6.0,-96.83879470825195,-120.04462051391602,1.0,-112.53603744506836,-136.84220504760742,-12.0,-127.12919235229492,-149.58874893188477,-21.0,113.58890490069484,154.23833205424995,177.57857079650478,197.4325843298245
10.737511596875265,0,0,1,0,480,309,337,393,199,344,360,163,337,338,141,321,316,123,313,-69.83943748474121,-88.30094909667969,7.0,-95.60008239746094,-116.31342697143555,0.0,-109.8364372253418,-130.12051391601562,-16.0,-124.46976089477539,-141.5794677734375,-24.0,112.79895673081154,150.5595863711135,171.03038058814133,190.03543635914957
10.799062808044255,0,0,1,0,480,309,337,394,199,343,361,165,337,339,143,319,317,126,310,-68.95295906066895,-88.20558547973633,6.0,-94.80341339111328,-114.72009658813477,0.0,-108.6710319519043,-128.14733123779297,-18.0,-122.96397018432617,-138.55587768554688,-27.0,112.11929304560103,148.82334410903852,168.9826372408137,187.2080906496941
10.859057599911466,0,0,1,0,481,308,337,395,199,343,363,167,336,341,146,317,320,130,308,-68.93877410888672,-87.40891647338867,6.0,-93.86019897460938,-112.15907669067383,-1.0,-107.56235885620117,-124.64700317382812,-20.0,-121.06571960449219,-134.3108901977539,-29.0,111.48485661599044,146.25455697398874,165.85094646376461,183.13198434207672
10.918199348030612,0,0,1,0,480,306,336,396,200,342,364,171,332,342,153,313,321,138,302,-67.13268280029297,-84.7541446685791,6.0,-91.56246185302734,-106.58472442626953,-4.0,-105.10150909423828,-116.83394622802734,-23.0,-117.9359016418457,-125.29767990112305,-34.0,108.28694352721932,140.57022409319444,158.82537015571484,175.3977921317124
10.977845568908378,0,0,1,0,479,306,336,397,200,341,366,172,331,346,157,308,326,145,299,-65.46371650695801,-84.66114616394043,5.0,-89.05900573730469,-105.64068603515625,-5.0,-100.4138069152832,-112.90096664428711,-28.0,-112.86991119384766,-119.63113021850586,-37.0,107.13546494366584,138.26229076973854,153.6670455511988,168.58298897060806
11.036447067046538,0,0,1,0,480,305,335,397,200,342,368,173,330,351,160,306,334,152,297,-66.19415092468262,-83.80462455749512,7.0,-88.02357864379883,-103.75185775756836,-5.0,-97.08768844604492,-109.39199447631836,-29.0,-107.44929122924805,-113.3208236694336,-38.0,107.02280464397471,136.1528493473704,149.10944873918336,160.72012712409924
11.095640654908493,0,0,1,0,480,304,336,398,200,341,370,173,330,353,161,303,337,155,296,-65.45190238952637,-83.07254219055176,5.0,-86.59337997436523,-103.11277389526367,-6.0,-95.26040649414062,-107.47394180297852,-33.0,-105.26500701904297,-110.37603759765625,-40.0,105.87728175774579,134.78374381119025,147.35736565268436,157.68193104626286
11.154135116841644,0,0,1,0,480,304,337,398,200,342,371,175,331,355,164,306,339,158,296,-65.645751953125,-83.31839942932129,5.0,-86.07093811035156,-101.85749435424805,-6.0,-94.45424270629883,-106.01223373413086,-31.0,-103.99555969238281,-108.4296646118164,-41.0,106.19002040189625,133.48840977149155,145.33133752401923,155.73396740455485
11.213898302987218,0,0,1,0,480,303,336,398,201,343,370,176,329,355,165,306,340,160,297,-65.57951354980469,-81.65338134765625,7.0,-86.46338272094727,-99.82837295532227,-7.0,-94.32419967651367,-104.3416862487793,-30.0,-103.36669158935547,-106.27057266235352,-39.0,104.96164672362374,132.2521099962338,143.82017290301636,153.29418626977832
11.273305802838877,0,0,1,0,480,304,337,398,201,342,369,176,327,356,166,304,344,162,297,-65.645751953125,-82.50991249084473,5.0,-87.10646438598633,-100.47606658935547,-10.0,-93.40467071533203,-104.21871948242188,-33.0,-100.68830490112305,-105.81352233886719,-40.0,105.55685865323044,133.35282559846902,143.78794804153563,151.44185766695898
11.331646638922393,0,0,1,0,481,305,337,398,200,342,369,176,324,356,167,298,347,165,296,-66.44241714477539,-84.11506462097168,5.0,-87.50604248046875,-100.82352828979492,-13.0,-93.2227783203125,-103.27066040039062,-39.0,-99.19428253173828,-104.32812881469727,-41.0,107.30768328610297,134.13311048133,144.48638585448435,149.68254457004124
11.3901104319375,0,0,1,0,482,304,337,399,201,342,369,177,326,358,169,297,352,168,295,-66.43059349060059,-82.50991249084473,5.0,-88.56743240356445,-99.55567169189453,-11.0,-92.45213317871094,-100.89877319335938,-40.0,-96.31967544555664,-101.26358413696289,-42.0,106.04673220217717,133.70311084108795,142.57615284899182,145.93078273688909
11.449217482935637,0,0,1,0,482,304,338,398,201,342,368,177,300,359,170,297,355,171,296,-67.37385177612305,-82.66276741027832,4.0,-85.97000503540039,-95.87688064575195,-38.0,-91.88479614257812,-100.34952163696289,-41.0,-94.52776718139648,-99.48585510253906,-42.0,106.71630156202365,134.2654758608725,142.10503951278582,143.5163200956034
11.508630804950371,0,0,1,0,482,304,337,399,201,342,369,177,295,362,172,0,361,176,296,-66.43059349060059,-82.50991249084473,5.0,-84.46422958374023,-94.9871711730957,-42.0,-45.41762161254883,-51.51272201538086,-337.0,-90.19453430175781,-95.83428192138672,-41.0,106.04673220217717,133.86847562679483,343.9263306034805,137.8414437290135
11.567508464911953,0,0,1,0,483,305,338,396,200,341,362,172,312,360,173,310,368,183,295,-69.72132301330566,-84.17728614807129,3.0,-92.81114196777344,-102.13219833374023,-26.0,-93.97900390625,-101.08097839355469,-28.0,-86.09540939331055,-91.75477981567383,-43.0,109.34293935129044,140.43110057905494,140.8311661820963,132.96751158694568
11.626931645907462,0,1,1,0,483,305,338,395,200,341,361,172,0,361,174,308,371,186,297,-70.52744483947754,-84.17728614807129,3.0,-46.35142135620117,-52.46460723876953,-338.0,-92.9436149597168,-100.03921508789062,-30.0,-84.2585334777832,-89.91482925415039,-41.0,109.85870916245021,345.173853694712,139.80829774080414,129.86599625625536
11.686428468907252,0,1,1,0,483,305,338,394,201,341,359,171,0,361,174,0,374,187,298,-71.33356666564941,-83.37116241455078,3.0,-46.35142135620117,-52.46460723876953,-338.0,-46.35142135620117,-52.46460723876953,-338.0,-82.27275466918945,-89.33645629882812,-40.0,109.76442254025689,345.173853694712,345.173853694712,127.86637003093918
11.745865487027913,0,1,1,0,482,305,338,393,201,340,356,170,322,362,174,0,378,188,298,-71.26503562927246,-83.2805290222168,2.0,-98.06845092773438,-105.24652481079102,-16.0,-45.552391052246094,-52.46460723876953,-338.0,-78.65583801269531,-88.63198471069336,-40.0,109.62824370326183,144.74201895826207,345.0674649156236,125.06945897074931
11.804114836966619,0,1,1,0,483,304,338,391,202,297,354,172,324,364,177,312,384,192,297,-70.21638870239258,-77.88208198547363,-41.0,-100.72553634643555,-103.24346160888672,-14.0,-91.33600997924805,-97.64533233642578,-26.0,-75.13113975524902,-84.90315628051758,-41.0,112.59200654041796,144.9166865383789,136.20894847997445,120.55801137758017
11.862680595833808,0,1,1,0,483,305,338,392,202,297,355,171,322,369,180,312,390,198,299,-69.51428031921387,-78.68111228942871,-41.0,-99.62868881225586,-104.48531341552734,-16.0,-87.64817428588867,-96.23166275024414,-26.0,-71.08392906188965,-81.68499565124512,-39.0,112.71181215560298,145.2551422635023,132.7355844200275,115.09284723830449
11.9213832388632,0,1,1,0,481,304,338,392,201,299,357,171,322,372,182,311,394,202,298,-68.07220077514648,-78.76546096801758,-39.0,-96.50821304321289,-103.68628311157227,-16.0,-83.71214294433594,-93.82194519042969,-27.0,-66.58526992797852,-77.97035217285156,-40.0,111.17024044174842,142.55062430690117,128.60513316212896,110.05895687921205
11.980847619939595,0,1,1,0,482,304,338,392,201,302,357,172,324,376,185,310,399,204,300,-69.10519599914551,-79.0373649597168,-36.0,-97.62870025634766,-103.24346160888672,-14.0,-81.45454025268555,-91.48787307739258,-28.0,-63.98482322692871,-76.7284984588623,-38.0,110.98843711781775,142.78156561240476,125.65378246595469,106.88928888870461
12.040162853896618,0,1,1,0,483,305,338,392,202,303,358,173,325,377,187,311,402,207,299,-69.98221588134766,-79.21073722839355,-35.0,-97.82015991210938,-103.43338394165039,-13.0,-81.63418197631836,-90.9449577331543,-27.0,-62.601905822753906,-75.32347679138184,-39.0,111.34114887106725,142.95540772860434,125.15640216955697,105.4211779889733
12.099484578939155,0,1,1,0,484,305,338,391,202,306,359,174,325,380,189,311,405,209,302,-71.73859977722168,-79.47555160522461,-32.0,-97.85089492797852,-102.66508483886719,-13.0,-80.22760391235352,-89.47455215454102,-27.0,-61.42220115661621,-74.12497520446777,-36.0,111.7443063469057,142.4216180331416,123.17127876568125,102.77742331848366
12.15764983696863,0,1,1,0,484,304,339,392,202,307,361,175,325,383,191,313,409,213,305,-71.23270416259766,-78.91765022277832,-32.0,-96.45379257202148,-101.25061416625977,-14.0,-78.36002349853516,-87.58652114868164,-26.0,-58.819396018981934,-70.80989646911621,-34.0,111.02294203902606,140.53832562888797,120.36482862372812,98.13135475476115
12.216547074960545,0,1,1,0,483,304,338,392,202,308,361,175,325,384,191,314,409,213,305,-70.37216377258301,-78.85306358337402,-30.0,-95.51526260375977,-101.0977554321289,-13.0,-76.77846336364746,-87.54793930053711,-24.0,-57.880866050720215,-70.65703773498535,-33.0,109.8637659582033,139.6886593237967,118.89312054216377,97.11648488420778
12.275516421999782,0,1,1,0,483,304,339,393,202,311,364,176,325,388,193,316,414,215,307,-70.00806427001953,-79.2707347869873,-28.0,-93.34749984741211,-100.4823112487793,-14.0,-74.12130737304688,-86.43529891967773,-23.0,-54.46486711502075,-69.48293685913086,-32.0,109.40282654714213,137.86388432674875,116.16380290789267,93.90580527542924
12.334887814009562,0,1,1,0,483,304,339,393,201,313,365,176,325,391,194,316,417,217,308,-70.15931510925293,-80.18721008300781,-26.0,-92.57920455932617,-100.4823112487793,-14.0,-71.8802375793457,-85.68827819824219,-23.0,-52.306514263153076,-68.08425331115723,-31.0,109.67368944963908,137.3448360541237,114.18515479274234,91.28218327417054
12.393073320854455,0,1,1,0,483,304,338,394,200,314,367,176,325,392,196,315,418,219,310,-69.35550880432129,-80.86728096008301,-24.0,-90.90546798706055,-100.32945251464844,-13.0,-70.91808891296387,-83.93891906738281,-23.0,-51.47431945800781,-66.57133674621582,-28.0,109.2048704563276,136.0103053148385,112.26806077094095,88.68679969332024
12.4508719118312,0,1,1,0,482,304,338,394,200,315,367,177,324,393,197,316,419,219,310,-68.62973976135254,-80.96027946472168,-23.0,-89.9693489074707,-99.41378402709961,-14.0,-69.45002555847168,-83.29434967041016,-22.0,-49.94244956970215,-66.57133674621582,-28.0,108.59837950318047,134.80943660375192,110.65827911678785,87.80655525187346
12.509198229992762,0,1,1,0,482,303,338,394,200,315,368,177,324,395,197,316,421,220,311,-68.62973976135254,-80.16124534606934,-23.0,-89.20341491699219,-98.61474990844727,-14.0,-67.95597839355469,-82.49531555175781,-22.0,-48.48620414733887,-65.0851821899414,-27.0,108.00401119932397,133.7090802165607,109.12145566940247,85.53357781196392
12.569798599928617,0,1,1,0,482,303,338,395,200,316,369,177,324,397,198,316,424,220,312,-67.95597839355469,-80.25424385070801,-22.0,-88.4374771118164,-98.61474990844727,-14.0,-66.4619312286377,-81.748291015625,-22.0,-46.28293573856354,-65.13090133666992,-26.0,107.43723123514575,133.19931027377226,107.62885945049999,84.02466572088838
12.628769388888031,0,1,1,0,482,303,339,396,199,317,371,178,324,398,200,316,424,224,313,-67.41226387023926,-81.24712562561035,-22.0,-87.04037857055664,-97.99930953979492,-15.0,-65.84968376159668,-80.40473747253418,-23.0,-46.42005044221878,-62.36738967895508,-26.0,107.84020003011157,131.9276020095202,106.44295495489324,81.97873125649583
12.688351867953315,0,1,1,0,482,303,338,397,199,317,372,179,323,399,201,317,425,225,313,-66.52810096740723,-81.09663200378418,-21.0,-86.01440048217773,-96.94023895263672,-15.0,-65.02932739257812,-79.59785652160645,-21.0,-45.54534580744803,-61.47696399688721,-25.0,106.97500614950542,130.46412157563765,104.907731764467,80.49096612039509
12.748014590935782,0,1,1,0,482,303,339,397,199,317,374,179,322,401,202,317,427,227,314,-66.66287422180176,-81.24712562561035,-22.0,-84.50149154663086,-96.94808959960938,-17.0,-63.66532516479492,-78.99896240234375,-22.0,-44.19550585746765,-60.17676544189453,-25.0,107.3733403687129,129.72445471313114,103.81767522433736,78.73681373440412
12.807026661001146,0,1,1,0,483,302,338,398,199,318,375,179,322,402,203,318,428,228,314,-66.64155006408691,-80.39296531677246,-20.0,-84.404541015625,-95.99856567382812,-16.0,-63.634544372558594,-77.38595962524414,-20.0,-44.117467641830444,-58.48494625091553,-24.0,106.32085904171383,128.82488562188058,102.16624679718367,77.08981702598881
12.866586054908112,0,1,1,0,482,303,339,398,199,319,376,179,322,402,204,318,428,229,314,-66.04109954833984,-81.43785285949707,-20.0,-82.97907638549805,-96.94808959960938,-17.0,-62.97028732299805,-77.58373260498047,-21.0,-43.4532105922699,-58.69217538833618,-25.0,106.74057667034982,128.73794776523434,102.1053017745016,77.18777728754321
12.92729012388736,0,1,1,0,482,303,339,398,199,319,375,180,322,402,204,317,428,229,314,-66.04109954833984,-81.43785285949707,-20.0,-83.74028396606445,-96.18688201904297,-17.0,-62.915937423706055,-77.50018882751465,-22.0,-43.4532105922699,-58.69217538833618,-25.0,106.74057667034982,128.65982835081977,102.2188556490637,77.18777728754321
12.986352590844035,0,1,1,0,483,302,339,398,199,319,376,180,322,403,204,318,428,228,316,-66.84249114990234,-80.6364574432373,-20.0,-83.78046798706055,-95.3854866027832,-17.0,-63.019927978515625,-76.7823371887207,-21.0,-44.24037313461304,-58.686689376831055,-23.0,106.63093778130151,128.08808637254523,101.52851139743801,77.00868863383174
13.044668779941276,0,1,1,0,482,301,337,398,198,319,376,180,322,403,204,318,429,229,315,-65.77155685424805,-80.29764556884766,-18.0,-82.70953369140625,-94.29256057739258,-15.0,-61.94899368286133,-75.68941116333008,-19.0,-42.431893825531006,-56.82229709625244,-22.0,105.34519246236091,126.32083732975774,99.63716565905932,74.25118895287748
13.103065874893218,0,1,1,0,482,302,338,398,199,319,375,180,322,402,204,317,428,229,315,-65.90632629394531,-80.48832893371582,-19.0,-83.60551071166992,-95.23735809326172,-16.0,-62.78116416931152,-76.5506649017334,-21.0,-43.3113226890564,-57.76709461212158,-23.0,105.74977513028584,127.7342389414182,101.20513263343675,75.77537788095403
13.161227046046406,0,1,1,0,482,302,339,398,198,319,376,179,322,402,204,318,428,228,316,-66.04109954833984,-81.39057159423828,-20.0,-82.97907638549805,-96.14669418334961,-17.0,-62.97028732299805,-76.7823371887207,-21.0,-43.43898153305054,-58.686689376831055,-23.0,106.70450774916007,128.1355294997327,101.49770632730244,76.55111120448456
13.219567131018266,0,1,1,0,482,301,338,398,198,320,375,179,322,402,202,319,428,227,316,-65.97013092041016,-80.54113960266113,-18.0,-83.60551071166992,-95.19953536987305,-16.0,-62.88986396789551,-77.42695045471191,-19.0,-43.304208278656006,-58.48655414581299,-22.0,105.65478381101069,127.7060411883434,101.54342739250441,76.02586053766399
13.27819655300118,0,1,1,0,482,301,339,397,198,319,375,178,324,401,202,318,427,226,315,-66.79521369934082,-80.58917617797852,-20.0,-83.97663879394531,-96.39651870727539,-15.0,-63.7220401763916,-77.48444175720215,-21.0,-44.19075536727905,-59.347805976867676,-24.0,106.56554738838378,128.72204427374066,102.49554682359091,77.78807706968101
13.337837223894894,0,1,1,0,481,302,339,397,198,319,374,178,324,400,201,318,426,225,314,-65.99381828308105,-81.39057159423828,-20.0,-83.94117736816406,-97.19791412353516,-15.0,-63.67239570617676,-79.03759002685547,-21.0,-44.13640582561493,-60.85996150970459,-25.0,106.67525109423062,129.30025432271853,103.64417307411566,79.22725057810665
13.397675505839288,0,1,1,0,483,302,339,397,198,318,373,177,324,400,200,318,425,223,313,-67.53043556213379,-81.29284477233887,-21.0,-86.30990219116211,-97.96384811401367,-15.0,-65.27518272399902,-79.78934097290039,-21.0,-46.48151066340506,-62.305925369262695,-26.0,107.74918254163735,131.4203741949988,105.20545809292035,81.96681749142375
13.456914852838963,0,1,1,0,481,302,339,397,197,317,373,176,324,398,199,317,423,223,312,-65.86147880554199,-81.94450569152832,-22.0,-84.70711517333984,-98.72978210449219,-15.0,-65.11209297180176,-80.44573020935059,-22.0,-46.353880882263184,-62.26729869842529,-27.0,107.40873522894576,130.9498577142792,105.80690034248323,82.18819112284903
13.51607015891932,0,1,1,0,481,302,340,396,197,315,371,174,324,395,196,316,421,220,310,-66.60620880126953,-81.89245223999023,-25.0,-86.37139129638672,-100.40978240966797,-16.0,-67.4217643737793,-82.73956680297852,-24.0,-47.942556619644165,-64.53668975830078,-30.0,108.47931039952917,133.40967595354698,109.39620754860728,85.8106815040351
13.577120645903051,0,1,1,0,483,300,339,395,196,313,368,172,325,391,191,316,415,214,308,-68.67945098876953,-80.68128204345703,-26.0,-90.2743034362793,-100.34992599487305,-14.0,-71.8802375793457,-84.72376251220703,-23.0,-53.762736797332764,-67.0629997253418,-31.0,109.09782885234087,135.70393328154466,113.46314154247642,91.37219380150874
13.635785766877234,0,1,1,0,483,300,339,394,196,312,367,171,325,389,189,314,413,212,306,-69.34612083435059,-80.57882499694824,-27.0,-91.0426025390625,-101.11822128295898,-14.0,-73.20412254333496,-85.97980499267578,-25.0,-55.16226863861084,-68.38996124267578,-33.0,109.68514718347768,136.7832232129188,115.65625976970792,93.85660701374711
13.693935635965317,0,1,1,0,483,299,338,394,195,309,367,168,325,386,187,313,410,210,305,-68.98920249938965,-80.05950546264648,-29.0,-90.90546798706055,-102.4806900024414,-13.0,-75.20170021057129,-86.39823150634766,-25.0,-57.159847259521484,-68.82493782043457,-33.0,109.59030283937221,137.60485432325046,117.23885926596643,95.35785339823097
13.753017500974238,0,1,1,0,483,301,339,394,195,305,365,167,324,382,182,310,404,205,300,-68.83329010009766,-81.3840560913086,-34.0,-92.43738555908203,-104.82180404663086,-15.0,-77.99367141723633,-91.43506240844727,-29.0,-61.374990463256836,-73.76796531677246,-39.0,111.88112625406247,140.5605949496112,123.63002636405314,103.58379294726281
13.812238222919405,0,1,1,0,481,301,339,394,195,300,362,162,325,373,172,315,391,192,302,-66.86419677734375,-80.85996055603027,-39.0,-93.28131103515625,-108.83431243896484,-14.0,-83.60096740722656,-99.55941009521484,-24.0,-69.15250205993652,-83.21138000488281,-37.0,111.93817057555532,144.02190997379455,132.20135358585148,114.34685086816575
13.872338930843398,0,1,1,0,483,300,338,394,193,342,360,159,327,363,162,0,377,177,304,-71.40682792663574,-85.93453979492188,4.0,-96.59083938598633,-110.57426452636719,-11.0,-46.35142135620117,-48.469451904296875,-338.0,-80.84003829956055,-93.27023696899414,-34.0,111.80196869603495,147.23266698948447,344.589236671204,128.02518852369144
13.931966345990077,0,1,1,0,480,300,339,397,194,344,364,161,0,364,161,0,374,173,303,-66.84665870666504,-85.48381805419922,5.0,-44.084373474121094,-48.612850189208984,-339.0,-44.084373474121094,-48.612850189208984,-339.0,-80.60841369628906,-96.13143157958984,-36.0,108.63221865251944,345.2935579881621,345.2935579881621,130.51807727733905
13.991147252032533,0,1,1,0,479,300,338,399,197,345,368,165,302,360,158,309,361,163,306,-64.35259246826172,-83.0008659362793,7.0,-83.84236145019531,-101.5426254272461,-36.0,-90.62924194335938,-107.88612365722656,-29.0,-89.44494247436523,-103.69234848022461,-32.0,105.25872839607356,136.51537038811125,143.85435402868538,140.62894747379306
14.049399568000808,0,0,1,0,477,302,340,399,196,347,371,166,336,358,155,312,347,152,304,-63.12331771850586,-85.9156723022461,7.0,-84.68795394897461,-108.61776733398438,-4.0,-91.21313095092773,-112.57000732421875,-28.0,-97.8514175415039,-113.13094329833984,-36.0,106.84126537503369,137.78921918888722,147.56639795985316,153.8489851979984
14.108558431034908,0,0,1,0,477,300,339,397,196,348,369,166,341,352,152,321,336,144,308,-64.70714950561523,-84.26720809936523,9.0,-86.8154182434082,-107.73372268676758,2.0,-97.06852340698242,-114.89003372192383,-18.0,-106.47517013549805,-118.03079605102539,-31.0,106.62540765691716,138.37439014762535,151.47943122759833,161.95440923859408
14.16966712102294,0,0,1,0,476,302,339,396,195,348,367,164,342,348,148,322,331,138,310,-64.72842788696289,-86.69267272949219,9.0,-87.76335525512695,-111.12686157226562,3.0,-99.4845085144043,-119.74412155151367,-17.0,-109.75871276855469,-124.48138809204102,-29.0,108.56513658491198,141.63539772436516,156.6040295793702,168.47430370810685
14.230138792889193,0,0,1,0,477,301,340,396,194,349,366,160,343,346,142,324,326,128,313,-65.7213077545166,-86.9668960571289,9.0,-89.6356430053711,-113.89274597167969,3.0,-102.30474090576172,-124.11595916748047,-16.0,-115.04930114746094,-131.9437713623047,-27.0,109.37792877347489,144.9658790266037,161.63858243581177,177.1284858395941
14.289452333934605,0,0,1,0,477,302,339,396,193,349,366,158,344,345,137,326,324,122,316,-65.59835624694824,-88.44755935668945,10.0,-89.65214538574219,-116.36235427856445,5.0,-103.3259162902832,-129.08512496948242,-13.0,-117.12243270874023,-137.87116622924805,-23.0,110.5717644720235,146.9785857379108,165.85600521420233,182.35987146580888
14.348126412834972,0,0,1,0,476,301,340,396,192,348,366,154,345,344,131,330,323,114,320,-64.84901428222656,-88.50505447387695,8.0,-89.11079025268555,-119.16133117675781,5.0,-104.18161392211914,-134.07794189453125,-10.0,-118.15307235717773,-144.37693786621094,-20.0,110.01154176176404,148.87966881772363,170.09027950500519,187.62955176374592
14.406916264910251,0,0,1,0,476,301,340,396,193,350,366,154,346,344,130,332,322,111,323,-64.98608016967773,-87.9014778137207,10.0,-89.250244140625,-119.36307525634766,6.0,-104.56453704833984,-135.37500762939453,-8.0,-119.63995742797852,-147.55655670166016,-17.0,109.77185621850354,149.16148904396766,171.2429125505411,190.72403319723176
14.468294553924352,0,0,1,0,475,301,340,395,191,349,363,151,346,341,126,334,318,107,326,-64.9388198852539,-89.44200134277344,9.0,-90.90031433105469,-121.81690979003906,6.0,-106.5124282836914,-139.05027770996094,-6.0,-122.64926147460938,-151.5493927001953,-14.0,110.89599601559172,152.11254601866034,175.25945654972733,195.46370447749402
14.526692520827055,0,0,1,0,476,301,340,394,191,349,362,149,348,339,123,336,316,103,330,-66.5676155090332,-89.44200134277344,9.0,-92.8198356628418,-123.87992095947266,8.0,-109.30189895629883,-141.96904754638672,-4.0,-126.02495956420898,-155.92127990722656,-10.0,111.85758373377803,155.00244097885087,179.21527718551556,200.73299669229323
14.585016235010698,0,0,1,0,475,302,340,394,191,350,361,148,348,337,121,339,314,100,335,-65.83711624145508,-90.36003112792969,10.0,-92.8387451171875,-125.50635528564453,8.0,-110.71077728271484,-145.20068359375,-1.0,-128.0933380126953,-160.71239471435547,-5.0,112.24732112808435,156.31659480688714,182.59549480377436,205.57572098391728
14.644932067021728,0,0,1,0,476,301,340,394,191,350,361,147,348,337,120,341,313,98,336,-66.64087677001953,-89.5562744140625,10.0,-93.64250564575195,-125.5252685546875,8.0,-111.9305534362793,-145.7625503540039,1.0,-129.95378494262695,-161.8266372680664,-4.0,112.07735160862696,156.81043303728583,183.78294229404236,207.5857575808246
14.703430508030578,0,0,1,0,476,302,340,394,191,350,360,147,349,336,120,343,313,98,341,-66.64087677001953,-90.36003112792969,10.0,-94.61882019042969,-126.54730987548828,9.0,-113.15742111206055,-147.13054656982422,3.0,-131.27751541137695,-164.301025390625,1.0,112.720635564733,158.2654187463317,185.6367412089197,210.30837595539344
14.762511991895735,0,0,1,0,476,302,340,394,190,350,360,146,348,336,119,346,313,97,345,-66.64087677001953,-91.18743515014648,10.0,-94.46517944335938,-127.15169525146484,8.0,-113.78854751586914,-148.79485321044922,6.0,-132.33649826049805,-166.45310974121094,5.0,113.38498483458513,158.6039839745127,187.4132916516071,212.70774906986912
14.821986032882705,0,0,1,0,476,301,340,393,190,349,359,147,349,336,120,347,313,97,347,-67.39265251159668,-90.26703643798828,9.0,-95.44385147094727,-125.7435531616211,9.0,-113.99892044067383,-147.45526885986328,7.0,-132.86598587036133,-166.32233428955078,7.0,113.00843986112685,158.12011239977562,186.5149060428513,212.991758255638
14.880390482954681,0,0,1,0,477,301,340,392,191,350,359,148,350,336,120,349,314,98,351,-69.09943580627441,-89.5562744140625,10.0,-96.40361404418945,-125.13444519042969,10.0,-115.22342681884766,-148.01950073242188,9.0,-133.89895629882812,-166.83853912353516,11.0,113.55641027996748,158.27914004662045,187.79566205041527,214.20790983245894
14.939100231043994,0,0,1,0,477,301,340,392,191,350,359,148,351,336,120,350,314,98,353,-69.09943580627441,-89.5562744140625,10.0,-96.55961608886719,-125.35037231445312,11.0,-115.43379974365234,-148.30162048339844,10.0,-134.42372131347656,-167.50679779052734,13.0,113.55641027996748,158.6110818908989,188.19758967972882,215.16799055110366
14.998664405895397,0,0,1,0,476,300,339,391,191,350,358,148,352,336,120,351,314,98,355,-69.00249099731445,-88.60911178588867,11.0,-96.62339782714844,-124.61913681030273,13.0,-114.7198257446289,-147.63657760620117,12.0,-134.02413940429688,-167.22788619995117,16.0,112.84466516109026,158.224556460141,187.35313572542597,214.90378280981054
15.057767180958763,0,0,1,0,477,300,340,390,191,349,357,148,351,335,120,352,314,98,355,-70.67151832580566,-88.63824081420898,9.0,-98.2191390991211,-124.54661178588867,11.0,-116.6866683959961,-148.0620994567871,12.0,-134.948486328125,-167.37128829956055,15.0,113.7198366034369,158.99640811262802,188.8972309932273,215.5208623528283
15.117374398047104,0,0,1,0,478,300,339,390,192,349,357,148,351,335,121,352,314,99,354,-71.34996223449707,-87.66980361938477,10.0,-98.8975830078125,-124.4032096862793,12.0,-117.3651123046875,-147.08657455444336,13.0,-135.3645477294922,-166.0568962097168,15.0,113.4760396626779,159.37656824337617,188.62139327354078,214.76371565237602
15.17634916701354,0,0,1,0,477,300,339,390,192,349,357,149,351,335,121,351,313,99,355,-70.5485668182373,-87.66980361938477,10.0,-98.09618759155273,-123.57344436645508,12.0,-116.35097885131836,-146.80681991577148,12.0,-135.66475296020508,-166.3886604309082,16.0,112.97386753921803,158.23165983009366,187.70666651305086,215.28147044217613
15.236567402025685,0,0,1,0,478,300,340,390,192,348,357,148,350,334,121,352,313,99,354,-71.39255714416504,-87.7012939453125,8.0,-98.86216735839844,-124.33068466186523,10.0,-118.32255554199219,-147.22997665405273,12.0,-136.32672119140625,-166.20029830932617,14.0,113.36848845805865,159.159816798362,189.2640831630258,215.4147489586273
15.296552296029404,0,0,1,0,478,300,338,390,191,348,357,148,350,334,120,352,313,98,356,-71.14192771911621,-88.23716354370117,10.0,-98.61153793334961,-124.04388427734375,12.0,-118.07192611694336,-147.77529907226562,14.0,-136.6055793762207,-167.41861724853516,18.0,113.78475693092561,158.91859752776418,189.66949874152797,216.82729929168156
15.354767201002687,0,0,1,0,478,299,338,390,191,348,356,147,350,334,120,351,313,98,354,-71.14192771911621,-87.43812942504883,10.0,-99.4389419555664,-124.07225036621094,12.0,-117.8568229675293,-146.69414520263672,13.0,-136.07609176635742,-165.95132446289062,16.0,113.16625096265912,159.45540595470018,188.62238190822373,215.20349635030033
15.41297892993316,0,0,1,0,478,299,338,390,190,348,356,146,349,334,119,351,313,97,354,-71.14192771911621,-88.26080322265625,10.0,-99.27584838867188,-124.67899322509766,11.0,-117.8568229675293,-147.52391815185547,13.0,-136.07609176635742,-166.78817749023438,16.0,113.80308987501351,159.7546413251099,189.26842617529977,215.84948204922813
15.472948014969006,0,0,1,0,479,300,338,390,190,348,356,146,348,334,118,349,313,96,351,-71.94095802307129,-89.0598373413086,10.0,-99.91178512573242,-125.25737762451172,10.0,-118.22564697265625,-148.5790252685547,11.0,-136.0808868408203,-167.40750122070312,13.0,114.9223915019943,160.53590083336516,190.19471693992173,216.1302367285611
15.532258940860629,0,0,1,0,479,299,338,390,189,347,357,145,348,334,118,349,313,96,352,-71.85824012756348,-88.96446990966797,9.0,-99.089111328125,-125.28101348876953,10.0,-118.22564697265625,-147.77999114990234,11.0,-136.3456268310547,-166.94732666015625,14.0,114.7139206048629,160.04369504785498,189.57117235056694,216.00356440328974
15.591246934840456,0,0,1,0,479,300,338,391,189,346,357,145,347,335,117,349,313,95,353,-70.95758056640625,-89.64450073242188,8.0,-98.92837905883789,-125.85702514648438,9.0,-117.40061950683594,-149.404052734375,11.0,-136.6103744506836,-168.91970825195312,15.0,114.60852826645677,160.33656776272815,190.32991471138942,217.7642354554139
15.65144783584401,0,0,1,0,480,299,337,391,189,346,357,145,347,334,117,349,313,95,352,-71.6265754699707,-88.70442962646484,9.0,-99.59737396240234,-124.91695404052734,10.0,-118.8946418762207,-148.46398162841797,12.0,-137.01462173461914,-167.63842010498047,15.0,114.36713753920688,160.07461481124932,190.58197634571323,217.02683351229794
15.710661506047472,0,0,1,0,480,299,337,391,189,346,357,144,346,335,117,348,313,95,351,-71.6265754699707,-88.70442962646484,9.0,-99.4366455078125,-125.51187896728516,9.0,-117.85687637329102,-148.17476654052734,11.0,-136.74988174438477,-167.29720306396484,14.0,114.36713753920688,160.38041723273076,189.6496895536847,216.52917657934393
15.769311959855258,0,0,1,0,480,298,337,392,188,345,358,144,346,335,116,347,314,94,351,-70.73064231872559,-88.60433959960938,8.0,-98.61870193481445,-124.7152099609375,9.0,-117.64413833618164,-147.9092025756836,10.0,-135.92010879516602,-167.33029174804688,14.0,113.65541235991536,159.24990413469172,189.25452568284132,216.03171644778516
15.828749069944024,0,0,1,0,481,297,336,392,187,344,358,143,345,335,115,347,314,93,352,-71.31690979003906,-88.36321640014648,8.0,-99.12459564208984,-124.37244033813477,9.0,-118.30839538574219,-147.79652786254883,11.0,-136.84674835205078,-167.5730323791504,16.0,113.83391249790058,159.29591764031716,189.63567719966164,216.9418210379762
15.888178164837882,0,0,1,0,482,296,335,392,185,344,358,141,345,335,114,346,314,92,351,-71.97644424438477,-89.06139373779297,9.0,-99.78413009643555,-125.07534790039062,10.0,-118.75519180297852,-147.3922882080078,11.0,-137.24390029907227,-167.12859344482422,16.0,114.86313760551388,160.3144262738264,189.60032226595675,216.8498441690633
15.947939981007949,0,0,1,0,481,295,335,392,185,344,358,141,345,335,113,346,314,92,351,-71.18450546264648,-88.26945495605469,9.0,-98.99219131469727,-124.28340911865234,10.0,-117.96325302124023,-147.41829681396484,11.0,-136.45196151733398,-166.33665466308594,16.0,113.75293620913929,159.20370511844234,189.12557547535283,215.73831483173012
16.00617421302013,0,0,1,0,481,295,336,392,185,344,358,140,345,335,113,347,313,91,351,-71.31690979003906,-88.40103530883789,8.0,-99.12459564208984,-125.23056411743164,9.0,-118.30839538574219,-147.8485450744629,11.0,-137.4141387939453,-167.29800033569336,15.0,113.863271802961,159.9668079645836,189.67622070092125,217.0167423421597
16.064739633817226,0,0,1,0,482,293,335,393,183,344,358,138,345,335,111,346,313,89,351,-71.16322898864746,-88.31200790405273,9.0,-99.78413009643555,-125.14626693725586,10.0,-118.75519180297852,-147.4703025817871,11.0,-138.07367324829102,-167.24206161499023,16.0,113.7726500532362,160.36976257210483,189.66097575338492,217.46320704318703
16.12346201692708,0,0,1,0,481,291,335,393,181,344,358,136,346,335,109,346,313,87,350,-70.37129020690918,-88.35455703735352,9.0,-99.15055465698242,-125.43783950805664,11.0,-117.96325302124023,-147.5223045349121,11.0,-137.01698684692383,-166.95757675170898,15.0,113.31216278340109,160.2700348450584,189.20665791309906,216.50285706986153
16.184012982994318,0,0,1,0,481,290,335,392,181,344,358,136,346,335,109,346,313,87,351,-71.18450546264648,-87.56261825561523,9.0,-99.15055465698242,-124.64590072631836,11.0,-117.96325302124023,-146.73036575317383,11.0,-137.28173446655273,-166.5257682800293,16.0,113.20532643714319,159.6509726142076,188.58984409933984,216.40957954628325
16.24432140099816,0,0,1,0,481,290,335,392,180,345,358,135,346,335,108,347,314,86,351,-71.26249504089355,-88.51611709594727,10.0,-99.15055465698242,-125.46384048461914,11.0,-118.17599105834961,-147.8587989807129,12.0,-136.45196151733398,-167.35554122924805,16.0,114.07649269326625,160.29038573145058,189.66230331471246,216.5248599631519
16.30331082898192,0,0,1,0,481,292,336,393,182,345,358,137,346,335,110,347,313,88,351,-70.57932090759277,-88.59332275390625,9.0,-99.282958984375,-125.53631973266602,10.0,-118.30839538574219,-147.9265480041504,11.0,-137.4141387939453,-167.40437698364258,15.0,113.62753793141329,160.3635666749628,189.7370286032047,217.09875857259797
16.36348117189482,0,0,1,0,482,293,337,393,183,346,358,138,347,335,111,347,313,90,352,-71.58401870727539,-88.83208847045898,9.0,-100.37039947509766,-125.87910842895508,10.0,-119.23746871948242,-148.02740097045898,10.0,-138.60795211791992,-167.0190544128418,15.0,114.43955468415196,161.30643827714786,190.3409713768914,217.56040293969716
16.42193191102706,0,0,1,0,481,294,336,393,183,346,359,139,346,335,112,348,314,90,352,-70.65494537353516,-89.49953842163086,10.0,-98.46501922607422,-125.48904037475586,10.0,-118.52113342285156,-148.1755714416504,12.0,-136.84674835205078,-167.68650436401367,16.0,114.46522914589485,159.8213354510851,190.12432521878156,217.0294825141319
16.481492199003696,0,0,1,0,482,293,336,393,183,345,359,139,347,336,112,348,314,90,352,-71.37362480163574,-88.57204818725586,9.0,-99.41532516479492,-124.93194198608398,11.0,-118.49276733398438,-147.38126754760742,12.0,-137.64105224609375,-166.8922004699707,16.0,114.10609991323973,160.03873595488113,189.48818943249523,216.91949161179775
