time[s],Wrist_X,Wrist_Y,Wrist_Z,MCP_X,MCP_Y,MCP_Z,PIP_X,PIP_Y,PIP_Z,DIP_X,DIP_Y,DIP_Z,TIP_X,TIP_Y,TIP_Z
0.05063865194097161,111.66283416748047,18.83197593688965,288.0,0.67299485206604,-24.225791931152344,282.0,-43.680381774902344,-28.025495529174805,280.0,-69.30152893066406,-27.424949645996094,274.0,-92.24655151367188,-25.202743530273438,271.0
0.11371502303518355,111.66283416748047,18.83197593688965,288.0,0.006347473245114088,-24.225791931152344,282.0,-43.680381774902344,-27.363574981689453,280.0,-69.55445098876953,-26.87493896484375,275.0,-92.24655151367188,-24.562101364135742,271.0
0.17501072795130312,112.05055236816406,19.58055877685547,289.0,0.67299485206604,-22.89249610900879,282.0,-43.680381774902344,-27.363574981689453,280.0,-69.55445098876953,-26.22484016418457,275.0,-92.58694458007812,-24.65273666381836,272.0
0.23447844595648348,111.36736297607422,19.58055877685547,289.0,0.006369981914758682,-22.973676681518555,283.0,-43.83638381958008,-26.797019958496094,281.0,-69.55445098876953,-25.574739456176758,275.0,-92.58694458007812,-24.009727478027344,272.0
0.29395519010722637,111.36736297607422,20.946950912475586,289.0,0.006347473245114088,-22.89249610900879,282.0,-43.680381774902344,-26.701656341552734,280.0,-69.55445098876953,-25.574739456176758,275.0,-92.58694458007812,-24.009727478027344,272.0
0.35396592505276203,111.36736297607422,19.58055877685547,289.0,0.006347473245114088,-23.559144973754883,282.0,-43.83638381958008,-27.461301803588867,281.0,-69.55445098876953,-26.87493896484375,275.0,-92.24655151367188,-25.202743530273438,271.0
0.413391669979319,112.05055236816406,18.89736557006836,289.0,0.006347473245114088,-24.225791931152344,282.0,-43.83638381958008,-27.461301803588867,281.0,-69.55445098876953,-26.87493896484375,275.0,-92.24655151367188,-24.562101364135742,271.0
0.47445525298826396,112.73374938964844,18.89736557006836,289.0,0.67299485206604,-23.559144973754883,282.0,-43.680381774902344,-27.363574981689453,280.0,-69.30152893066406,-26.777212142944336,274.0,-92.24655151367188,-24.562101364135742,271.0
0.5354307249654084,112.34366607666016,18.83197593688965,288.0,0.6706083416938782,-24.13988494873047,281.0,-43.52437973022461,-27.26584815979004,279.0,-69.04859924316406,-26.679485321044922,273.0,-91.90615844726562,-24.471466064453125,270.0
0.5953069680836052,111.66283416748047,19.512805938720703,288.0,0.6706083416938782,-23.475603103637695,281.0,-42.86482620239258,-27.26584815979004,279.0,-68.40322875976562,-26.034114837646484,273.0,-91.26788330078125,-23.83318519592285,270.0
0.6554947970435023,112.73374938964844,20.263755798339844,289.0,0.6706083416938782,-22.811317443847656,281.0,-43.680381774902344,-26.701656341552734,280.0,-69.30152893066406,-26.129478454589844,274.0,-92.24655151367188,-24.562101364135742,271.0
0.7156623650807887,110.98200988769531,19.512805938720703,288.0,0.67299485206604,-23.559144973754883,282.0,-43.018463134765625,-27.363574981689453,280.0,-69.30152893066406,-26.777212142944336,274.0,-92.24655151367188,-24.562101364135742,271.0
0.7758194820489734,111.66283416748047,18.151145935058594,288.0,0.67299485206604,-24.225791931152344,282.0,-43.17210006713867,-27.461301803588867,281.0,-68.90435028076172,-26.87493896484375,275.0,-91.60591125488281,-25.202743530273438,271.0
0.8343730790074915,112.05055236816406,18.89736557006836,289.0,0.67299485206604,-24.225791931152344,282.0,-43.018463134765625,-27.363574981689453,280.0,-68.90435028076172,-26.87493896484375,275.0,-91.9439468383789,-24.65273666381836,272.0
0.895122409099713,112.73374938964844,19.58055877685547,289.0,1.3348917961120605,-23.475603103637695,281.0,-43.018463134765625,-27.363574981689453,280.0,-68.6537857055664,-26.129478454589844,274.0,-91.60591125488281,-24.562101364135742,271.0
0.9543671009596437,112.34366607666016,18.83197593688965,288.0,0.6706083416938782,-23.475603103637695,281.0,-43.018463134765625,-28.025495529174805,280.0,-68.6537857055664,-26.777212142944336,274.0,-91.60591125488281,-25.202743530273438,271.0
1.014248983003199,110.98200988769531,18.83197593688965,288.0,0.6706083416938782,-24.13988494873047,281.0,-43.680381774902344,-28.025495529174805,280.0,-69.30152893066406,-26.777212142944336,274.0,-92.24655151367188,-24.562101364135742,271.0
1.0732869319617748,110.59664916992188,18.08812141418457,287.0,-0.6579585075378418,-24.13988494873047,281.0,-44.18393325805664,-27.925403594970703,279.0,-69.69397735595703,-27.324857711791992,273.0,-92.54444122314453,-25.109745025634766,270.0
1.1331553980708122,110.98200988769531,18.83197593688965,288.0,-0.6579585075378418,-24.804166793823242,281.0,-44.18393325805664,-28.584959030151367,279.0,-69.69397735595703,-27.324857711791992,273.0,-92.54444122314453,-25.74802589416504,270.0
1.1942305720876902,111.27511596679688,18.08812141418457,287.0,0.6706083416938782,-25.46845245361328,281.0,-43.52437973022461,-28.584959030151367,279.0,-69.04859924316406,-27.97022819519043,273.0,-91.56576538085938,-25.65266227722168,269.0
1.2529203740414232,111.95358276367188,18.08812141418457,287.0,0.6706083416938782,-24.804166793823242,281.0,-42.711185455322266,-28.48250389099121,278.0,-68.7956771850586,-27.224767684936523,272.0,-91.56576538085938,-25.016746520996094,269.0
1.3135686579626054,111.95358276367188,18.08812141418457,287.0,1.330141305923462,-24.715896606445312,280.0,-42.711185455322266,-28.48250389099121,278.0,-67.902099609375,-27.765317916870117,271.0,-90.59182739257812,-25.55729866027832,268.0
1.3730596790555865,112.2396011352539,16.672887802124023,286.0,1.330141305923462,-25.377817153930664,280.0,-42.053993225097656,-28.48250389099121,278.0,-67.01325988769531,-27.66286277770996,270.0,-88.65812683105469,-25.366573333740234,266.0
1.4323917399160564,113.31051635742188,18.08812141418457,287.0,1.9920607805252075,-25.377817153930664,280.0,-41.247894287109375,-28.380048751831055,277.0,-66.129150390625,-27.560407638549805,269.0,-88.95127868652344,-25.897668838500977,265.0
1.4916841951198876,112.5208969116211,16.614591598510742,285.0,1.9849462509155273,-25.287181854248047,279.0,-41.247894287109375,-28.380048751831055,277.0,-66.129150390625,-27.560407638549805,269.0,-88.32482147216797,-25.271209716796875,265.0
1.55041557806544,113.31051635742188,17.409652709960938,287.0,1.9849462509155273,-25.94673728942871,279.0,-41.247894287109375,-29.6897029876709,277.0,-66.129150390625,-28.196325302124023,269.0,-87.99152374267578,-26.42403793334961,264.0
1.6114953621290624,111.56350708007812,17.34899139404297,286.0,2.6445016860961914,-26.606292724609375,279.0,-37.9737548828125,-29.03487777709961,277.0,-61.61871337890625,-27.25304412841797,266.0,-81.42681121826172,-24.699031829833984,259.0
1.671354799065739,111.56350708007812,17.34899139404297,286.0,2.635023355484009,-25.853736877441406,278.0,-37.31892776489258,-28.380048751831055,277.0,-59.90721893310547,-26.42403793334961,264.0,-79.58293914794922,-23.293210983276367,257.0
1.7311546299606562,112.63204956054688,18.08812141418457,287.0,3.3040571212768555,-25.287181854248047,279.0,-37.31892776489258,-27.725221633911133,277.0,-60.13414001464844,-25.897668838500977,265.0,-79.28268432617188,-23.993757247924805,258.0
1.790694524999708,112.63204956054688,18.76658821105957,287.0,3.9636125564575195,-24.627626419067383,279.0,-36.009273529052734,-27.07039451599121,277.0,-59.50768280029297,-25.897668838500977,265.0,-79.28268432617188,-23.383846282958984,258.0
1.8503040550276637,111.95358276367188,18.76658821105957,287.0,3.9778192043304443,-24.715896606445312,280.0,-36.009273529052734,-26.41556739807129,277.0,-58.034934997558594,-24.55175018310547,264.0,-76.8525390625,-21.99220848083496,256.0
1.9108590360265225,112.34366607666016,19.512805938720703,288.0,4.6397385597229,-24.715896606445312,280.0,-34.04479217529297,-26.41556739807129,277.0,-56.7867431640625,-24.55175018310547,264.0,-75.0369873046875,-21.99220848083496,256.0
1.971321877092123,112.34366607666016,19.512805938720703,288.0,4.6397385597229,-24.715896606445312,280.0,-32.735137939453125,-25.760738372802734,277.0,-54.084716796875,-22.593557357788086,263.0,-71.16719055175781,-19.342121124267578,253.0
2.0302712530829012,112.34366607666016,18.83197593688965,288.0,5.282723426818848,-24.627626419067383,279.0,-30.659568786621094,-25.667739868164062,276.0,-50.39458465576172,-21.72119903564453,260.0,-66.51020812988281,-17.859045028686523,249.0
2.089325813110918,111.95358276367188,18.76658821105957,287.0,5.282723426818848,-23.96807098388672,279.0,-30.659568786621094,-25.015277862548828,276.0,-50.20075607299805,-21.63765525817871,259.0,-66.51020812988281,-17.270410537719727,249.0
2.150521059986204,112.63204956054688,18.76658821105957,287.0,5.942278861999512,-23.96807098388672,279.0,-30.659568786621094,-25.015277862548828,276.0,-50.39458465576172,-21.106557846069336,260.0,-65.92156982421875,-16.68177604675293,249.0
2.2100793099962175,111.95358276367188,19.445053100585938,287.0,5.301657676696777,-24.053977966308594,280.0,-30.659568786621094,-25.015277862548828,276.0,-50.39458465576172,-21.106557846069336,260.0,-65.33293151855469,-16.68177604675293,249.0
2.269687178079039,113.02449035644531,19.512805938720703,288.0,5.9635772705078125,-23.392059326171875,280.0,-30.115827560424805,-24.45108413696289,277.0,-49.58848190307617,-20.413103103637695,259.0,-65.00431823730469,-16.15777015686035,250.0
2.328735525952652,113.70532989501953,19.512805938720703,288.0,5.9635772705078125,-23.392059326171875,280.0,-30.115827560424805,-23.79625701904297,277.0,-49.165306091308594,-19.87727928161621,260.0,-65.00431823730469,-16.15777015686035,250.0
2.3878856429364532,112.63204956054688,18.76658821105957,287.0,6.6491594314575195,-22.811317443847656,281.0,-28.806171417236328,-23.79625701904297,277.0,-48.30476760864258,-20.64954948425293,262.0,-62.640316009521484,-16.74877166748047,250.0
2.446978668915108,112.63204956054688,18.08812141418457,287.0,5.984875679016113,-23.475603103637695,281.0,-28.252975463867188,-24.53935432434082,278.0,-47.0660285949707,-21.2689151763916,262.0,-61.45832061767578,-17.930768966674805,250.0
2.505738316103816,113.02449035644531,18.151145935058594,288.0,6.6491594314575195,-24.13988494873047,281.0,-28.15134620666504,-25.105911254882812,277.0,-47.0660285949707,-21.88828468322754,262.0,-61.212486267089844,-17.270410537719727,249.0
2.5656452460680157,113.70532989501953,17.470314025878906,288.0,7.313443183898926,-24.804166793823242,281.0,-27.595783233642578,-25.853736877441406,278.0,-46.0022087097168,-22.593557357788086,263.0,-59.44658279418945,-18.447681427001953,249.0
2.6257553899195045,113.02449035644531,17.470314025878906,288.0,7.313443183898926,-24.804166793823242,281.0,-27.496517181396484,-25.760738372802734,277.0,-45.652381896972656,-22.421743392944336,261.0,-59.44658279418945,-18.447681427001953,249.0
2.6871352770831436,113.70532989501953,17.470314025878906,288.0,7.313443183898926,-24.804166793823242,281.0,-27.595783233642578,-26.51093101501465,278.0,-0.0,-0.0,0.0,-59.44658279418945,-19.03631591796875,249.0
2.7474526630248874,114.38616180419922,16.78948211669922,288.0,7.313443183898926,-24.804166793823242,281.0,-26.93859100341797,-26.51093101501465,278.0,-45.035377502441406,-23.038745880126953,261.0,-58.269309997558594,-18.447681427001953,249.0
2.8067567080724984,113.70532989501953,16.78948211669922,288.0,7.313443183898926,-24.804166793823242,281.0,-26.93859100341797,-27.168121337890625,278.0,-44.588558197021484,-23.127017974853516,262.0,-58.269309997558594,-19.03631591796875,249.0
2.8662293809466064,113.31051635742188,16.052717208862305,287.0,7.3394694328308105,-24.892438888549805,282.0,-26.37593650817871,-26.606292724609375,279.0,-44.75874328613281,-23.837020874023438,263.0,-57.912322998046875,-19.703767776489258,250.0
2.9250104969833046,113.70532989501953,16.10865020751953,288.0,7.3394694328308105,-24.892438888549805,282.0,-25.71638298034668,-26.606292724609375,279.0,-43.68074035644531,-23.927656173706055,264.0,-56.730323791503906,-19.703767776489258,250.0
2.9849272849969566,114.78334045410156,17.530973434448242,289.0,7.3394694328308105,-25.5590877532959,282.0,-25.71638298034668,-27.26584815979004,279.0,-43.80137252807617,-23.655750274658203,261.0,-57.092041015625,-19.03631591796875,249.0
3.044609406031668,114.10013580322266,17.530973434448242,289.0,8.00611686706543,-24.892438888549805,282.0,-25.056827545166016,-27.26584815979004,279.0,-0.0,-0.0,0.0,-53.775325775146484,-19.112768173217773,250.0
3.104133798973635,113.70532989501953,16.78948211669922,288.0,8.67276382446289,-25.5590877532959,282.0,-24.484716415405273,-27.363574981689453,280.0,-41.650089263916016,-23.837020874023438,263.0,-52.971588134765625,-19.03631591796875,249.0
3.1636055200360715,113.70532989501953,16.78948211669922,288.0,8.67276382446289,-24.892438888549805,282.0,-24.484716415405273,-27.363574981689453,280.0,-40.87235641479492,-24.365753173828125,262.0,-50.61704635620117,-19.62495231628418,249.0
3.2238066710997373,116.14972686767578,16.8477783203125,289.0,9.339410781860352,-24.892438888549805,282.0,-23.822797775268555,-28.025495529174805,280.0,-39.60988998413086,-24.737749099731445,266.0,-47.67387008666992,-19.03631591796875,249.0
3.282960643991828,115.4665298461914,16.164583206176758,289.0,8.67276382446289,-24.892438888549805,282.0,-24.484716415405273,-27.363574981689453,280.0,-39.31207275390625,-24.55175018310547,264.0,-46.68333435058594,-19.703767776489258,250.0
3.3430288159288466,117.2371826171875,16.90607452392578,290.0,9.339410781860352,-24.225791931152344,282.0,-24.39727020263672,-27.26584815979004,279.0,-37.77552032470703,-24.365753173828125,262.0,-44.142059326171875,-19.03631591796875,249.0
3.402550534112379,116.83291625976562,16.164583206176758,289.0,8.67276382446289,-24.225791931152344,282.0,-25.056827545166016,-27.26584815979004,279.0,-0.0,-0.0,0.0,-44.142059326171875,-19.62495231628418,249.0
3.4631955979857594,117.2371826171875,16.220516204833984,290.0,9.339410781860352,-24.892438888549805,282.0,-25.056827545166016,-26.606292724609375,279.0,-35.56060791015625,-23.714759826660156,255.0,-40.0216064453125,-20.21358871459961,249.0
3.524100488051772,116.14972686767578,16.164583206176758,289.0,8.67276382446289,-24.225791931152344,282.0,-25.056827545166016,-27.26584815979004,279.0,-34.5465202331543,-24.031490325927734,252.0,-38.844337463378906,-21.390859603881836,249.0
3.5824499051086605,117.2371826171875,16.90607452392578,290.0,9.339410781860352,-24.225791931152344,282.0,-24.967018127441406,-26.51093101501465,278.0,-0.0,-0.0,0.0,-37.07843017578125,-20.80222511291504,249.0
3.6409958640579134,116.14972686767578,16.8477783203125,289.0,10.006058692932129,-24.225791931152344,282.0,-24.39727020263672,-26.606292724609375,279.0,-0.0,-0.0,0.0,-37.51579284667969,-20.71868133544922,248.0
3.69997076690197,116.14972686767578,16.164583206176758,289.0,9.372529983520508,-24.31169891357422,283.0,-24.39727020263672,-26.606292724609375,279.0,-33.22270584106445,-23.342763900756836,251.0,-36.92951965332031,-20.132408142089844,248.0
3.7591784519609064,117.92274475097656,16.90607452392578,290.0,9.339410781860352,-24.225791931152344,282.0,-24.967018127441406,-26.51093101501465,278.0,-33.09034729003906,-23.24976348876953,250.0,-35.756980895996094,-20.71868133544922,248.0
3.8178561660461128,117.2371826171875,16.90607452392578,290.0,10.04154109954834,-24.31169891357422,283.0,-23.160877227783203,-26.701656341552734,280.0,-31.780710220336914,-23.15676498413086,249.0,-35.028892517089844,-20.05122947692871,247.0
3.87848731293343,116.14972686767578,16.8477783203125,289.0,10.710552215576172,-24.31169891357422,283.0,-22.995441436767578,-26.51093101501465,278.0,-31.780710220336914,-23.15676498413086,249.0,-35.17070770263672,-19.546138763427734,248.0
3.938842832110822,117.2371826171875,16.90607452392578,290.0,10.006058692932129,-24.225791931152344,282.0,-23.737716674804688,-26.606292724609375,279.0,-31.780710220336914,-22.568130493164062,249.0,-34.44498062133789,-19.467323303222656,247.0
3.99879921390675,117.64144897460938,17.65229606628418,291.0,10.710552215576172,-23.642688751220703,283.0,-23.07815933227539,-25.94673728942871,279.0,-31.780710220336914,-21.979494094848633,249.0,-34.584434509277344,-18.95986557006836,248.0
4.057929970091209,117.92274475097656,18.27719497680664,290.0,11.37956428527832,-23.642688751220703,283.0,-22.3382511138916,-25.19654655456543,278.0,-31.06680679321289,-21.89122200012207,248.0,-33.86107635498047,-18.88341522216797,247.0
4.117614133981988,119.01730346679688,17.65229606628418,291.0,11.37956428527832,-23.642688751220703,283.0,-24.309825897216797,-25.853736877441406,278.0,-32.239349365234375,-21.89122200012207,248.0,-31.979352951049805,-17.643877029418945,246.0
4.178063374944031,118.32937622070312,17.65229606628418,291.0,11.37956428527832,-24.31169891357422,283.0,-24.877208709716797,-25.105911254882812,277.0,-31.780710220336914,-21.390859603881836,249.0,-29.77372169494629,-18.29950714111328,247.0
4.238275795942172,118.60830688476562,16.90607452392578,290.0,11.339353561401367,-23.559144973754883,282.0,-23.445276260375977,-21.89122200012207,248.0,-32.163612365722656,-21.052852630615234,252.0,-27.07162857055664,-18.447681427001953,249.0
4.299682531971484,119.29386138916016,16.90607452392578,290.0,11.339353561401367,-23.559144973754883,282.0,-23.445276260375977,-21.30495262145996,248.0,-30.617511749267578,-21.82039451599121,254.0,-0.0,-0.0,0.0
4.361537951044738,119.97942352294922,16.220516204833984,290.0,10.006058692932129,-22.89249610900879,282.0,-26.908422470092773,-21.136396408081055,253.0,-32.06896209716797,-21.99220848083496,256.0,-20.34848403930664,-19.970050811767578,246.0
4.421288252109662,120.66497802734375,16.220516204833984,290.0,10.006058692932129,-22.89249610900879,282.0,-29.156494140625,-21.470569610595703,257.0,-31.832494735717773,-22.86220359802246,259.0,-15.696137428283691,-21.13313865661621,246.0
4.480731005081907,121.08106231689453,16.27644920349121,291.0,10.006058692932129,-22.22585105895996,282.0,-29.156494140625,-21.470569610595703,257.0,-0.0,-0.0,0.0,-15.17603588104248,-20.6351375579834,247.0
4.540312889032066,121.08106231689453,16.27644920349121,291.0,9.970576286315918,-22.811317443847656,281.0,-0.0,-0.0,0.0,-0.0,-0.0,0.0,-12.788419723510742,-19.388507843017578,246.0
4.600545329041779,119.56570434570312,15.481388092041016,289.0,8.642009735107422,-22.811317443847656,281.0,-0.0,-0.0,0.0,-27.014780044555664,-20.619483947753906,254.0,-8.682177543640137,-16.99297523498535,245.0
4.659623542102054,120.66497802734375,15.534956932067871,290.0,9.306292533874512,-22.147035598754883,281.0,-0.0,-0.0,0.0,-24.516056060791016,-21.136396408081055,253.0,-4.609032154083252,-18.65406036376953,244.0
4.719222838059068,121.35054016113281,15.534956932067871,290.0,9.306292533874512,-20.81846809387207,281.0,-29.043045043945312,-21.387025833129883,256.0,-19.057607650756836,-21.052852630615234,252.0,2.3032758235931396,-18.003158569335938,243.0
4.778534163953736,122.03610229492188,15.534956932067871,290.0,9.306292533874512,-21.482749938964844,281.0,-0.0,-0.0,0.0,-17.866151809692383,-21.052852630615234,252.0,4.026630401611328,-18.003158569335938,243.0
4.838914561085403,121.76898956298828,15.588525772094727,291.0,7.504093647003174,-18.077245712280273,244.0,-0.0,-0.0,0.0,-14.291788101196289,-21.64858055114746,252.0,9.306292533874512,-22.147035598754883,281.0
4.898191960062832,122.45691680908203,15.588525772094727,291.0,7.504093647003174,-17.500429153442383,244.0,-0.0,-0.0,0.0,-13.048347473144531,-22.156036376953125,251.0,8.693206787109375,-19.888872146606445,245.0
4.958607675973326,122.03610229492188,15.534956932067871,290.0,7.534848213195801,-17.572153091430664,245.0,-0.0,-0.0,0.0,-11.268256187438965,-22.156036376953125,251.0,12.7175874710083,-22.30466651916504,283.0
5.017685937928036,122.03610229492188,15.534956932067871,290.0,7.534848213195801,-17.572153091430664,245.0,-28.376285552978516,-21.80474090576172,261.0,-12.454983711242676,-21.562673568725586,251.0,8.693206787109375,-19.888872146606445,245.0
5.078492033062503,122.45691680908203,14.900602340698242,291.0,7.534848213195801,-17.572153091430664,245.0,-0.0,-0.0,0.0,-11.86161994934082,-22.156036376953125,251.0,10.430746078491211,-19.888872146606445,245.0
5.13837933097966,123.14483642578125,14.900602340698242,291.0,8.11402702331543,-18.15133285522461,245.0,-0.0,-0.0,0.0,-11.268256187438965,-22.749401092529297,251.0,0.0,-0.0,0.0
5.199747049016878,122.03610229492188,13.478278160095215,290.0,7.534848213195801,-18.15133285522461,245.0,-0.0,-0.0,0.0,-11.268256187438965,-22.749401092529297,251.0,11.009925842285156,-21.047231674194336,245.0
5.259050579974428,121.76898956298828,14.900602340698242,291.0,7.565602779388428,-18.225419998168945,246.0,-0.0,-0.0,0.0,-8.930240631103516,-22.244306564331055,252.0,13.326642990112305,-19.3096923828125,245.0
5.31864357390441,122.45691680908203,15.588525772094727,291.0,8.180264472961426,-18.29950714111328,247.0,-0.0,-0.0,0.0,-7.7387847900390625,-22.84003448486328,252.0,14.485002517700195,-19.888872146606445,245.0
5.379075481090695,123.14483642578125,15.588525772094727,291.0,7.627111434936523,-17.201051712036133,248.0,-27.135051727294922,-22.937185287475586,267.0,-6.52134895324707,-21.562673568725586,251.0,16.801721572875977,-18.15133285522461,245.0
5.439260537037626,123.5680160522461,14.951807022094727,292.0,7.65786600112915,-17.270410537719727,249.0,-0.0,-0.0,0.0,-5.355875015258789,-21.64858055114746,252.0,17.522785186767578,-18.29950714111328,247.0
5.499830300919712,122.45691680908203,15.588525772094727,291.0,7.069230556488037,-17.270410537719727,249.0,-0.0,-0.0,0.0,-5.355875015258789,-21.052852630615234,252.0,18.106693267822266,-17.715599060058594,247.0
5.5606047650799155,122.45691680908203,15.588525772094727,291.0,6.532648086547852,-16.815765380859375,251.0,-0.0,-0.0,0.0,-4.7790374755859375,-20.53830337524414,253.0,18.69059944152832,-17.715599060058594,247.0
5.620755082927644,123.14483642578125,14.900602340698242,291.0,6.532648086547852,-16.815765380859375,251.0,-0.0,-0.0,0.0,-4.7790374755859375,-19.940214157104492,253.0,18.76626968383789,-17.201051712036133,248.0
5.68092902796343,122.45691680908203,16.27644920349121,291.0,6.532648086547852,-16.222400665283203,251.0,-27.23668098449707,-19.855337142944336,268.0,-3.597015619277954,-20.019027709960938,254.0,19.938812255859375,-16.61478042602539,248.0
5.740947459125891,122.45691680908203,16.27644920349121,291.0,6.5586748123168945,-15.691305160522461,252.0,-26.60312843322754,-19.855337142944336,268.0,-1.7885798215866089,-19.342121124267578,253.0,22.373754501342773,-15.504504203796387,249.0
5.801131861982867,121.35054016113281,17.59163475036621,290.0,6.5586748123168945,-15.095577239990234,252.0,-26.066478729248047,-19.293506622314453,269.0,-0.5923967957496643,-18.145936965942383,253.0,24.042713165283203,-14.269694328308105,248.0
5.860580685082823,122.45691680908203,18.340219497680664,291.0,7.154401779174805,-15.095577239990234,252.0,-25.33602523803711,-18.588233947753906,268.0,0.005694718565791845,-18.145936965942383,253.0,24.139659881591797,-15.504504203796387,249.0
5.921196167124435,121.76898956298828,18.340219497680664,291.0,7.154401779174805,-15.095577239990234,252.0,-25.43056297302246,-18.6575927734375,269.0,1.2066282033920288,-17.617206573486328,254.0,25.316930770874023,-13.738597869873047,249.0
5.980759001104161,121.76898956298828,18.340219497680664,291.0,6.5847015380859375,-13.959298133850098,253.0,-24.70247459411621,-18.588233947753906,268.0,0.6061726808547974,-18.217660903930664,254.0,25.316930770874023,-14.915867805480957,249.0
6.041622847085819,122.87773132324219,18.403244018554688,292.0,6.5847015380859375,-14.557390213012695,253.0,-26.163379669189453,-18.088672637939453,270.0,0.6061726808547974,-17.617206573486328,254.0,25.41860580444336,-14.975770950317383,250.0
6.100478385109454,121.76898956298828,18.340219497680664,291.0,7.211183071136475,-14.61492919921875,254.0,-25.525100708007812,-18.088672637939453,270.0,1.2113786935806274,-17.686565399169922,255.0,25.520280838012695,-14.44231128692627,251.0
6.158979591913521,121.76898956298828,18.340219497680664,291.0,6.636754035949707,-14.069648742675781,255.0,-24.886821746826172,-18.088672637939453,270.0,1.216129183769226,-17.755924224853516,256.0,26.217681884765625,-14.49985122680664,252.0
6.219287316082045,121.91323852539062,19.158920288085938,293.0,7.267963886260986,-14.73000717163086,256.0,-24.24854278564453,-18.088672637939453,270.0,3.0435221195220947,-18.432830810546875,257.0,27.517902374267578,-14.557390213012695,253.0
6.278118787100539,121.49715423583984,17.712955474853516,292.0,7.903902053833008,-14.787546157836914,257.0,-22.971982955932617,-18.726951599121094,270.0,4.866164684295654,-18.432830810546875,257.0,30.028491973876953,-15.215383529663086,254.0
6.337867893045768,121.91323852539062,18.466270446777344,293.0,7.903902053833008,-15.395092964172363,257.0,-22.333702087402344,-18.726951599121094,270.0,6.688807487487793,-18.432830810546875,257.0,31.829856872558594,-14.61492919921875,254.0
6.398744323989376,122.18744659423828,17.712955474853516,292.0,7.903902053833008,-14.787546157836914,257.0,-22.333702087402344,-18.726951599121094,270.0,6.688807487487793,-19.04037857055664,257.0,31.829856872558594,-15.215383529663086,254.0
6.459064471069723,121.08106231689453,17.65229606628418,291.0,7.903902053833008,-14.787546157836914,257.0,-21.695425033569336,-18.726951599121094,270.0,6.688807487487793,-18.432830810546875,257.0,31.229402542114258,-14.61492919921875,254.0
6.517914979020134,122.18744659423828,19.093530654907227,292.0,7.903902053833008,-14.787546157836914,257.0,-20.979154586791992,-18.6575927734375,269.0,7.903902053833008,-18.432830810546875,257.0,33.6312255859375,-15.215383529663086,254.0
6.579831924987957,121.49715423583984,18.403244018554688,292.0,8.544567108154297,-15.454996109008789,258.0,-19.071409225463867,-19.293506622314453,269.0,10.334092140197754,-17.82528305053711,257.0,36.77772903442383,-14.069648742675781,255.0
6.642580670071766,121.49715423583984,18.403244018554688,292.0,9.76439094543457,-16.674819946289062,258.0,-16.466306686401367,-19.855337142944336,268.0,13.37182903289795,-18.432830810546875,257.0,39.342689514160156,-14.124823570251465,256.0
6.702619449002668,121.91323852539062,19.158920288085938,293.0,9.802237510681152,-17.351726531982422,259.0,-15.832754135131836,-19.855337142944336,268.0,14.643682479858398,-17.894641876220703,258.0,40.55305480957031,-13.51963996887207,256.0
6.7620787299238145,123.02434539794922,19.919322967529297,294.0,10.414512634277344,-16.739450454711914,259.0,-15.832754135131836,-19.221784591674805,268.0,14.643682479858398,-17.894641876220703,258.0,41.31901168823242,-13.572450637817383,257.0
6.822454805020243,121.22058868408203,19.158920288085938,293.0,9.802237510681152,-17.351726531982422,259.0,-14.565650939941406,-19.855337142944336,268.0,15.863505363464355,-17.894641876220703,258.0,42.53410720825195,-13.572450637817383,257.0
6.883150052046403,120.80686950683594,18.403244018554688,292.0,9.225443840026855,-17.41872215270996,260.0,-14.565650939941406,-19.221784591674805,268.0,15.253594398498535,-18.504552841186523,258.0,41.47978591918945,-14.235174179077148,258.0
6.943066684063524,121.91323852539062,17.773616790771484,293.0,9.260926246643066,-17.4857177734375,261.0,-13.984085083007812,-19.929424285888672,269.0,16.537267684936523,-17.964000701904297,259.0,0.0,-0.0,0.0
7.00212136702612,122.3293228149414,19.22430992126465,294.0,9.877930641174316,-16.86871337890625,261.0,-13.984085083007812,-18.6575927734375,269.0,15.986478805541992,-18.033361434936523,260.0,42.8651123046875,-13.678072929382324,259.0
7.061348296003416,122.74540710449219,19.987075805664062,295.0,9.877930641174316,-16.86871337890625,261.0,-13.984085083007812,-18.6575927734375,269.0,15.924992561340332,-17.964000701904297,259.0,42.252838134765625,-13.678072929382324,259.0
7.121981081087142,121.63431549072266,19.22430992126465,294.0,9.877930641174316,-16.86871337890625,261.0,-12.664996147155762,-18.588233947753906,268.0,17.83039665222168,-18.033361434936523,260.0,44.259891510009766,-14.345523834228516,260.0
7.181047307094559,122.3293228149414,19.22430992126465,294.0,10.49493408203125,-15.634705543518066,261.0,-11.397893905639648,-17.954683303833008,268.0,19.059677124023438,-17.41872215270996,260.0,46.10381317138672,-14.345523834228516,260.0
7.240131417056546,121.22058868408203,19.85157012939453,293.0,10.535143852233887,-15.694608688354492,262.0,-11.397893905639648,-17.954683303833008,268.0,18.445035934448242,-18.033361434936523,260.0,45.66413116455078,-14.4006986618042,261.0
7.300436324905604,121.22058868408203,20.54422378540039,293.0,10.535143852233887,-16.313976287841797,262.0,-10.764342308044434,-17.954683303833008,268.0,20.28895378112793,-16.804080963134766,260.0,48.13214874267578,-13.166691780090332,261.0
7.364076293073595,122.3293228149414,21.309354782104492,294.0,11.111937522888184,-16.251708984375,261.0,-9.46180248260498,-17.88768768310547,267.0,20.903594970703125,-16.189441680908203,260.0,48.13214874267578,-12.549688339233398,261.0
7.424911211011931,123.02434539794922,20.61433982849121,294.0,11.154511451721191,-15.694608688354492,262.0,-9.497239112854004,-17.954683303833008,268.0,20.28895378112793,-16.804080963134766,260.0,46.898136138916016,-12.549688339233398,261.0
7.483935815980658,121.22058868408203,21.236873626708984,293.0,11.154511451721191,-15.694608688354492,262.0,-9.497239112854004,-17.321130752563477,268.0,20.903594970703125,-16.804080963134766,260.0,48.13214874267578,-13.166691780090332,261.0
7.543686604127288,121.22058868408203,20.54422378540039,293.0,11.773879051208496,-15.075242042541504,262.0,-9.46180248260498,-16.62531089782715,267.0,20.28895378112793,-16.189441680908203,260.0,47.515140533447266,-13.166691780090332,261.0
7.603770840913057,122.3293228149414,21.309354782104492,294.0,11.154511451721191,-15.694608688354492,262.0,-8.83061408996582,-16.62531089782715,267.0,20.903594970703125,-15.57480239868164,260.0,48.13214874267578,-11.932684898376465,261.0
7.664093343075365,120.52793884277344,20.54422378540039,293.0,11.154511451721191,-15.075242042541504,262.0,-8.199426651000977,-15.994123458862305,267.0,21.518232345581055,-14.960163116455078,260.0,48.749149322509766,-11.315681457519531,261.0
7.722949327901006,122.3293228149414,21.309354782104492,294.0,11.773879051208496,-13.836506843566895,262.0,-8.83061408996582,-15.362936973571777,267.0,20.903594970703125,-14.960163116455078,260.0,48.31656265258789,-11.359036445617676,262.0
7.783067530021071,121.91323852539062,19.85157012939453,293.0,12.3932466506958,-13.836506843566895,262.0,-8.199426651000977,-15.994123458862305,267.0,21.600996017456055,-14.4006986618042,261.0,48.93592834472656,-10.120302200317383,262.0
7.8433327679522336,121.22058868408203,21.929527282714844,293.0,11.773879051208496,-13.836506843566895,262.0,-8.230135917663574,-15.420475959777832,268.0,22.13287353515625,-14.345523834228516,260.0,50.174659729003906,-10.739668846130371,262.0
7.903525886125863,122.3293228149414,21.309354782104492,294.0,11.773879051208496,-14.4558744430542,262.0,-8.199426651000977,-15.994123458862305,267.0,21.518232345581055,-13.730884552001953,260.0,49.366153717041016,-9.46467113494873,261.0
7.964031050913036,122.3293228149414,21.309354782104492,294.0,11.773879051208496,-13.836506843566895,262.0,-8.83061408996582,-15.362936973571777,267.0,21.518232345581055,-13.730884552001953,260.0,49.366153717041016,-9.46467113494873,261.0
8.022868419997394,122.74540710449219,22.07921600341797,295.0,11.773879051208496,-13.21713924407959,262.0,-8.863687515258789,-14.786924362182617,268.0,20.366989135742188,-14.4006986618042,261.0,47.515140533447266,-10.698677062988281,261.0
8.082827602978796,123.44279479980469,22.07921600341797,295.0,11.773879051208496,-13.21713924407959,262.0,-8.230135917663574,-14.786924362182617,268.0,22.13287353515625,-13.730884552001953,260.0,49.366153717041016,-9.46467113494873,261.0
8.141540260054171,123.44279479980469,22.07921600341797,295.0,11.154511451721191,-14.4558744430542,262.0,-8.199426651000977,-15.362936973571777,267.0,22.747512817382812,-13.116244316101074,260.0,50.174659729003906,-9.500934600830078,262.0
8.200596726033837,121.22058868408203,22.622177124023438,293.0,11.773879051208496,-13.21713924407959,262.0,-8.199426651000977,-14.731749534606934,267.0,21.518232345581055,-12.501605033874512,260.0,48.749149322509766,-8.847667694091797,261.0
8.25992782600224,123.02434539794922,21.309354782104492,294.0,11.773879051208496,-13.836506843566895,262.0,-8.199426651000977,-15.362936973571777,267.0,21.518232345581055,-13.730884552001953,260.0,48.13214874267578,-10.081674575805664,261.0
8.31942126294598,123.02434539794922,21.309354782104492,294.0,11.728940963745117,-13.166691780090332,261.0,-8.83061408996582,-14.731749534606934,267.0,20.210920333862305,-13.678072929382324,259.0,47.515140533447266,-10.081674575805664,261.0
8.37884533405304,123.44279479980469,22.07921600341797,295.0,11.728940963745117,-13.783695220947266,261.0,-9.46180248260498,-15.362936973571777,267.0,20.28895378112793,-13.730884552001953,260.0,47.333091735839844,-10.043047904968262,260.0
8.437466853996739,122.3293228149414,22.004371643066406,294.0,11.728940963745117,-13.166691780090332,261.0,-10.130790710449219,-15.420475959777832,268.0,19.598644256591797,-14.290349006652832,259.0,46.71845245361328,-10.657686233520508,260.0
8.497163365129381,122.3293228149414,22.004371643066406,294.0,11.111937522888184,-13.783695220947266,261.0,-10.724177360534668,-15.994123458862305,267.0,18.986370086669922,-14.290349006652832,259.0,46.53876495361328,-10.004420280456543,259.0
8.557739828946069,122.3293228149414,21.309354782104492,294.0,11.684002876281738,-14.960163116455078,260.0,-11.397893905639648,-17.321130752563477,268.0,18.374094009399414,-15.514899253845215,259.0,45.139259338378906,-11.185615539550781,258.0
8.617145634954795,121.63431549072266,21.309354782104492,294.0,9.840084075927734,-14.345523834228516,260.0,-13.298547744750977,-16.687578201293945,268.0,16.473417282104492,-16.674819946289062,258.0,43.749202728271484,-13.572450637817383,257.0
8.677758990088478,122.3293228149414,20.61433982849121,294.0,11.06936264038086,-15.57480239868164,260.0,-13.248926162719727,-17.256498336791992,267.0,17.083328247070312,-16.06490707397461,258.0,43.14165496826172,-11.749808311462402,257.0
8.7383668939583,122.3293228149414,21.309354782104492,294.0,9.802237510681152,-14.290349006652832,259.0,-14.565650939941406,-16.687578201293945,268.0,15.253594398498535,-15.454996109008789,258.0,41.15823745727539,-11.098905563354492,256.0
8.7969211100135,123.02434539794922,20.61433982849121,294.0,9.154479026794434,-13.625262260437012,258.0,-15.891831398010254,-16.113929748535156,269.0,14.58692455291748,-15.395092964172363,257.0,41.43714904785156,-11.612650871276855,254.0
8.855802013073117,122.3293228149414,21.309354782104492,294.0,10.334092140197754,-14.787546157836914,257.0,-17.099857330322266,-17.321130752563477,268.0,12.714615821838379,-14.124823570251465,256.0,38.434871673583984,-8.610373497009277,254.0
8.915130176115781,121.91323852539062,19.85157012939453,293.0,10.334092140197754,-15.395092964172363,257.0,-16.404865264892578,-17.88768768310547,267.0,13.924982070922852,-14.73000717163086,256.0,39.479732513427734,-9.174566268920898,253.0
8.97564537008293,122.3293228149414,22.004371643066406,294.0,10.334092140197754,-15.395092964172363,257.0,-17.036052703857422,-17.88768768310547,267.0,13.319798469543457,-15.335189819335938,256.0,38.88164138793945,-9.772658348083496,253.0
9.035035023000091,123.02434539794922,22.004371643066406,294.0,9.688697814941406,-15.335189819335938,256.0,-17.036052703857422,-17.88768768310547,267.0,12.664949417114258,-14.672468185424805,255.0,39.32368850708008,-9.734030723571777,252.0
9.095125338993967,121.49715423583984,21.164392471313477,292.0,9.650851249694824,-14.672468185424805,255.0,-18.366960525512695,-17.321130752563477,268.0,10.856490135192871,-15.275286674499512,255.0,36.20082473754883,-9.695404052734375,251.0
9.154999013990164,121.49715423583984,21.164392471313477,292.0,9.01254940032959,-14.61492919921875,254.0,-19.560800552368164,-17.88768768310547,267.0,9.01254940032959,-14.61492919921875,254.0,34.7350959777832,-9.02951431274414,249.0
9.215295722009614,122.60589599609375,21.236873626708984,293.0,9.01254940032959,-14.61492919921875,254.0,-20.267614364624023,-17.321130752563477,268.0,9.01254940032959,-14.61492919921875,254.0,34.7350959777832,-9.618149757385254,249.0
9.276172559009865,122.60589599609375,21.236873626708984,293.0,8.378974914550781,-13.959298133850098,253.0,-19.560800552368164,-17.256498336791992,267.0,8.977066993713379,-14.557390213012695,253.0,34.7350959777832,-9.618149757385254,249.0
9.336255070054904,122.60589599609375,21.236873626708984,293.0,8.378974914550781,-13.361207008361816,253.0,-20.82317543029785,-17.256498336791992,267.0,7.182792663574219,-14.557390213012695,253.0,32.836788177490234,-8.993250846862793,248.0
9.395840473938733,121.76898956298828,21.09191131591797,291.0,7.780884265899658,-12.763114929199219,253.0,-20.82317543029785,-16.62531089782715,267.0,7.780884265899658,-13.959298133850098,253.0,34.00932693481445,-8.40697956085205,248.0
9.455819644033909,122.60589599609375,21.929527282714844,293.0,7.780884265899658,-12.165023803710938,253.0,-21.454364776611328,-15.994123458862305,267.0,6.5847015380859375,-13.959298133850098,253.0,32.25051498413086,-8.993250846862793,248.0
9.515985667938367,122.87773132324219,21.164392471313477,292.0,7.780884265899658,-12.165023803710938,253.0,-22.16826820373535,-16.054027557373047,268.0,6.5847015380859375,-13.959298133850098,253.0,32.836788177490234,-8.993250846862793,248.0
9.576338866027072,122.87773132324219,22.544967651367188,292.0,7.750129699707031,-12.11694049835205,252.0,-22.801820755004883,-16.054027557373047,268.0,5.98660945892334,-14.557390213012695,253.0,32.25051498413086,-8.993250846862793,248.0
9.634456433122978,123.29854583740234,23.314828872680664,293.0,8.345856666564941,-10.925485610961914,252.0,-22.801820755004883,-14.786924362182617,268.0,4.790426254272461,-12.763114929199219,253.0,30.368749618530273,-7.789172649383545,247.0
9.693598011974245,123.29854583740234,24.00748062133789,293.0,8.345856666564941,-10.925485610961914,252.0,-22.801820755004883,-14.786924362182617,268.0,4.19233512878418,-12.165023803710938,253.0,30.245800018310547,-7.176093578338623,246.0
9.75332552101463,123.29854583740234,24.700130462646484,293.0,8.345856666564941,-10.329757690429688,252.0,-22.801820755004883,-14.153372764587402,268.0,4.19233512878418,-12.165023803710938,253.0,29.082712173461914,-7.176093578338623,246.0
9.813313937978819,123.29854583740234,24.00748062133789,293.0,8.312738418579102,-10.288766860961914,251.0,-23.522817611694336,-13.570268630981445,269.0,3.5942437648773193,-12.165023803710938,253.0,28.50116729736328,-7.176093578338623,246.0
9.874101229943335,123.29854583740234,24.700130462646484,293.0,8.312738418579102,-10.288766860961914,251.0,-24.158733367919922,-13.570268630981445,269.0,2.99615216255188,-11.56693172454834,253.0,27.91962432861328,-6.594550132751465,246.0
9.934133931994438,123.99119567871094,24.700130462646484,293.0,8.312738418579102,-9.695404052734375,251.0,-25.525100708007812,-13.620716094970703,270.0,1.2018777132034302,-10.968840599060059,253.0,26.17499542236328,-6.594550132751465,246.0
9.994649314088747,122.87773132324219,24.615829467773438,292.0,7.688620567321777,-9.656776428222656,250.0,-26.163379669189453,-12.982436180114746,270.0,-0.5923967957496643,-11.56693172454834,253.0,23.84882164001465,-7.176093578338623,246.0
10.055174747016281,123.99119567871094,24.700130462646484,293.0,8.279620170593262,-9.065776824951172,250.0,-26.163379669189453,-13.620716094970703,270.0,-1.190488338470459,-11.56693172454834,253.0,23.26727867126465,-6.594550132751465,246.0
10.114851677091792,122.87773132324219,23.9255428314209,292.0,8.279620170593262,-9.065776824951172,250.0,-26.163379669189453,-13.620716094970703,270.0,-1.185782790184021,-11.521212577819824,252.0,22.685733795166016,-7.176093578338623,246.0
10.17560486192815,122.87773132324219,23.9255428314209,292.0,7.069230556488037,-9.618149757385254,249.0,-27.541568756103516,-13.030519485473633,271.0,-3.5828540325164795,-11.56693172454834,253.0,21.522645950317383,-7.176093578338623,246.0
10.239669792121276,122.60589599609375,24.00748062133789,293.0,7.596357345581055,-10.124801635742188,247.0,-27.33831024169922,-14.206184387207031,269.0,-5.355875015258789,-11.521212577819824,252.0,18.46358871459961,-7.117751598358154,244.0
10.299593693111092,122.87773132324219,23.9255428314209,292.0,7.596357345581055,-9.540895462036133,247.0,-28.078218460083008,-12.982436180114746,270.0,-5.951602458953857,-11.521212577819824,252.0,17.813467025756836,-7.08858060836792,243.0
10.359013583976775,122.87773132324219,23.9255428314209,292.0,7.596357345581055,-9.540895462036133,247.0,-27.33831024169922,-12.93435287475586,269.0,-6.547330379486084,-10.925485610961914,252.0,17.239013671875,-6.514128684997559,243.0
10.419540639035404,0.0,0.0,0.0,8.693206787109375,-9.463641166687012,245.0,-0.0,-0.0,0.0,-7.708075523376465,-10.288766860961914,251.0,14.879722595214844,-5.343146800994873,242.0
10.479155618930236,122.87773132324219,23.23525619506836,292.0,9.196693420410156,-9.38638687133789,243.0,-27.23668098449707,-12.886269569396973,268.0,-8.859365463256836,-10.247775077819824,250.0,13.109065055847168,-6.460514545440674,241.0
10.538822079077363,123.5680160522461,23.23525619506836,292.0,9.158846855163574,-9.919846534729004,242.0,-27.766237258911133,-13.469374656677246,267.0,-9.45036506652832,-11.429774284362793,250.0,13.109065055847168,-7.030238151550293,241.0
10.598462729016319,124.68384552001953,23.314828872680664,293.0,9.69072437286377,-9.87885570526123,241.0,-0.0,-0.0,0.0,-11.17846965789795,-10.795419692993164,249.0,10.785233497619629,-7.001067161560059,240.0
10.658253831090406,123.5680160522461,23.23525619506836,292.0,11.339353561401367,-11.559490203857422,282.0,-0.0,-0.0,0.0,-12.355740547180176,-10.20678424835205,249.0,9.045308113098145,-6.406900405883789,239.0
10.718370316084474,124.25830841064453,23.23525619506836,292.0,11.339353561401367,-11.559490203857422,282.0,-0.0,-0.0,0.0,-14.8875150680542,-10.925485610961914,252.0,6.298409938812256,-7.059409141540527,242.0
10.778332720045,123.14483642578125,22.46776008605957,291.0,11.339353561401367,-11.559490203857422,282.0,-0.0,-0.0,0.0,-18.46187973022461,-11.521212577819824,252.0,2.6729373931884766,-10.2261962890625,282.0
10.836872016079724,123.5680160522461,23.9255428314209,292.0,10.710552215576172,-12.269493103027344,283.0,-0.0,-0.0,0.0,-22.036245346069336,-10.329757690429688,252.0,-2.282902717590332,-7.631496906280518,242.0
10.89713971503079,122.18744659423828,23.9255428314209,292.0,11.37956428527832,-12.269493103027344,283.0,-0.0,-0.0,0.0,-21.94879913330078,-10.882129669189453,251.0,-3.441239356994629,-8.237483978271484,243.0
10.955807890044525,123.5680160522461,23.9255428314209,292.0,10.710552215576172,-11.600481986999512,283.0,-0.0,-0.0,0.0,-0.0,-0.0,0.0,-4.590142726898193,-8.237483978271484,243.0
11.015246676979586,123.5680160522461,24.615829467773438,292.0,10.710552215576172,-11.600481986999512,283.0,-0.0,-0.0,0.0,-0.0,-0.0,0.0,-6.313497066497803,-7.663032054901123,243.0
11.076309432042763,124.68384552001953,25.39278221130371,293.0,11.37956428527832,-10.93147087097168,283.0,-0.0,-0.0,0.0,-0.0,-0.0,0.0,-8.069925308227539,-8.271382331848145,244.0
11.136201030109078,123.14483642578125,24.53152847290039,291.0,11.37956428527832,-12.269493103027344,283.0,-0.0,-0.0,0.0,-0.0,-0.0,0.0,-8.069925308227539,-7.117751598358154,244.0
11.19723973912187,124.25830841064453,24.615829467773438,292.0,11.37956428527832,-11.600481986999512,283.0,-0.0,-0.0,0.0,-0.0,-0.0,0.0,-10.46224594116211,-8.920724868774414,246.0
11.257089684950188,124.94860076904297,25.30611801147461,292.0,11.37956428527832,-11.600481986999512,283.0,-0.0,-0.0,0.0,-29.269943237304688,-11.185615539550781,258.0,-12.306118965148926,-8.40697956085205,248.0
11.319436900084838,125.63887786865234,26.68669319152832,292.0,12.76252555847168,-11.641472816467285,284.0,-27.94139862060547,-11.749808311462402,257.0,-30.48976707458496,-10.575704574584961,258.0,-16.142776489257812,-8.576475143432617,253.0
11.38108640909195,125.63887786865234,27.37697982788086,292.0,12.76252555847168,-11.641472816467285,284.0,-27.121137619018555,-11.055550575256348,255.0,-30.979135513305664,-9.927165985107422,257.0,-18.168832778930664,-7.23443603515625,248.0
11.441883797990158,125.20861053466797,26.595300674438477,291.0,13.4339017868042,-11.641472816467285,284.0,-27.121137619018555,-11.055550575256348,255.0,-31.586685180664062,-10.534712791442871,257.0,-20.00800323486328,-7.852242946624756,249.0
11.50419058604166,124.94860076904297,27.37697982788086,292.0,13.4339017868042,-12.312848091125488,284.0,-25.71224021911621,-11.56693172454834,253.0,-32.19423294067383,-10.534712791442871,257.0,-23.043354034423828,-7.883777618408203,250.0
11.564896787982434,124.25830841064453,27.37697982788086,292.0,12.807464599609375,-12.356203079223633,285.0,-23.72888946533203,-10.882129669189453,251.0,-0.0,-0.0,0.0,-26.695707321166992,-6.728585720062256,251.0
11.624719650950283,122.45691680908203,26.595300674438477,291.0,12.1337251663208,-12.356203079223633,285.0,-22.542163848876953,-11.475493431091309,251.0,-0.0,-0.0,0.0,-30.849252700805664,-6.728585720062256,251.0
11.687526561086997,122.18744659423828,26.68669319152832,292.0,12.176299095153809,-13.075661659240723,286.0,-24.572162628173828,-14.175633430480957,281.0,-32.163612365722656,-10.329757690429688,252.0,-33.9507942199707,-7.351120471954346,252.0
11.747617553919554,122.60589599609375,26.778085708618164,293.0,11.500195503234863,-13.075661659240723,286.0,-23.99295997619629,-14.892728805541992,282.0,-33.75215148925781,-11.055550575256348,255.0,-38.716617584228516,-6.159665584564209,252.0
11.807291397126392,121.91323852539062,26.778085708618164,293.0,10.8619384765625,-14.478316307067871,287.0,-24.163124084472656,-17.012475967407227,284.0,-35.839515686035156,-12.357356071472168,257.0,-0.0,-0.0,0.0
11.867078819079325,121.91323852539062,26.778085708618164,293.0,11.540406227111816,-13.799848556518555,287.0,-23.49174690246582,-16.341102600097656,284.0,-35.29804992675781,-13.21713924407959,262.0,-42.02616882324219,-8.009918212890625,254.0
11.926439350936562,120.80686950683594,25.99640464782715,292.0,10.8619384765625,-14.478316307067871,287.0,-22.226985931396484,-16.39864158630371,285.0,-36.87704086303711,-12.93435287475586,269.0,-46.22935485839844,-7.4094624519348145,254.0
11.9855746650137,120.52793884277344,26.085433959960938,293.0,10.8619384765625,-14.478316307067871,287.0,-22.9810791015625,-16.456180572509766,286.0,-38.83452224731445,-12.742020606994629,265.0,-49.42545700073242,-7.438633918762207,255.0
12.044481002958491,121.91323852539062,25.39278221130371,293.0,10.183470726013184,-15.156784057617188,287.0,-24.248205184936523,-17.07238006591797,285.0,-41.18436050415039,-13.318033218383789,264.0,-53.25038528442383,-8.072988510131836,256.0
12.10582286096178,120.52793884277344,25.39278221130371,293.0,10.183470726013184,-15.835251808166504,287.0,-24.33328628540039,-17.808385848999023,286.0,-42.12518310546875,-13.418927192687988,266.0,-55.88858413696289,-8.104523658752441,257.0
12.165527462027967,121.22058868408203,24.00748062133789,293.0,10.183470726013184,-15.835251808166504,287.0,-25.009387969970703,-17.808385848999023,286.0,-43.54592514038086,-14.10056209564209,267.0,-58.92632293701172,-9.927165985107422,257.0
12.224832406034693,120.80686950683594,23.23525619506836,292.0,9.505003929138184,-16.51371955871582,287.0,-25.68549346923828,-17.808385848999023,286.0,-45.143943786621094,-14.842100143432617,269.0,-60.9853401184082,-10.575704574584961,258.0
12.28438007296063,120.52793884277344,24.00748062133789,293.0,9.505003929138184,-16.51371955871582,287.0,-26.361595153808594,-18.48448944091797,286.0,-45.950042724609375,-14.8972749710083,270.0,-61.8339958190918,-10.616695404052734,259.0
12.344174057943746,120.52793884277344,24.00748062133789,293.0,9.505003929138184,-16.51371955871582,287.0,-26.361595153808594,-18.48448944091797,286.0,-46.1202278137207,-15.593093872070312,271.0,-62.07273483276367,-11.27232551574707,260.0
12.403588885907084,120.1165771484375,23.23525619506836,292.0,9.505003929138184,-16.51371955871582,287.0,-26.45376968383789,-18.54911994934082,287.0,-46.76087188720703,-15.593093872070312,271.0,-63.91665267944336,-12.501605033874512,260.0
12.463356520049274,119.01730346679688,22.46776008605957,291.0,8.826536178588867,-17.87065315246582,287.0,-28.48917007446289,-19.227588653564453,287.0,-49.50545120239258,-16.936647415161133,272.0,-67.50515747070312,-13.21713924407959,262.0
12.523338882019743,120.1165771484375,22.544967651367188,292.0,8.826536178588867,-18.54911994934082,287.0,-29.066009521484375,-19.83669662475586,286.0,-50.97819900512695,-17.644285202026367,273.0,-69.00627136230469,-13.889317512512207,263.0
12.582742128055543,120.1165771484375,22.544967651367188,292.0,8.826536178588867,-19.227588653564453,287.0,-30.311859130859375,-20.441076278686523,285.0,-52.914310455322266,-17.644285202026367,273.0,-71.14093780517578,-14.566224098205566,264.0
12.645151962991804,119.7052230834961,22.46776008605957,291.0,8.826536178588867,-19.227588653564453,287.0,-30.985597610473633,-21.114816665649414,285.0,-53.559688568115234,-18.289657592773438,273.0,-72.663330078125,-14.62139892578125,265.0
12.70583035890013,120.80686950683594,22.544967651367188,292.0,8.795782089233398,-19.160594940185547,286.0,-31.65933609008789,-21.114816665649414,285.0,-55.05134582519531,-18.356653213500977,274.0,-74.19518280029297,-15.934220314025879,266.0
12.765007191104814,119.42630004882812,21.85468101501465,292.0,7.469601631164551,-19.906055450439453,287.0,-34.47483825683594,-21.865005493164062,286.0,-58.06303405761719,-20.44803237915039,276.0,-78.5022964477539,-18.088672637939453,270.0
12.825577687006444,118.73600769042969,21.85468101501465,292.0,6.8147969245910645,-20.656246185302734,288.0,-36.88604736328125,-23.460750579833984,289.0,-62.658512115478516,-22.22585105895996,282.0,-85.42862701416016,-19.939014434814453,278.0
12.884833703981712,117.64144897460938,21.09191131591797,291.0,5.4720683097839355,-20.727968215942383,289.0,-39.20508575439453,-24.99895668029785,291.0,-66.25170135498047,-24.569419860839844,286.0,-89.64115905761719,-22.973676681518555,283.0
12.944638248998672,118.73600769042969,21.164392471313477,292.0,5.4720683097839355,-20.04477310180664,289.0,-39.20508575439453,-24.311033248901367,291.0,-66.25170135498047,-23.89331817626953,286.0,-89.9579086303711,-22.383480072021484,284.0
13.00467834295705,117.64144897460938,21.09191131591797,291.0,5.4720683097839355,-20.727968215942383,289.0,-39.47453689575195,-25.1707706451416,293.0,-66.48334503173828,-24.65532684326172,287.0,-90.27466583251953,-23.13603401184082,285.0
13.064170509111136,118.04571533203125,21.85468101501465,292.0,6.176562309265137,-20.799692153930664,290.0,-38.6495246887207,-25.084863662719727,292.0,-65.80487823486328,-24.65532684326172,287.0,-89.6009292602539,-22.462295532226562,285.0
13.12399788806215,118.73600769042969,21.85468101501465,292.0,5.491002559661865,-20.114133834838867,290.0,-39.47453689575195,-24.478118896484375,293.0,-66.71499633789062,-24.06040382385254,288.0,-91.26752471923828,-22.54111099243164,286.0
13.184156001079828,118.73600769042969,21.164392471313477,292.0,5.491002559661865,-20.799692153930664,290.0,-39.47453689575195,-25.1707706451416,293.0,-66.71499633789062,-24.741233825683594,288.0,-90.90817260742188,-23.29839324951172,287.0
13.245007764082402,118.04571533203125,22.544967651367188,292.0,5.491002559661865,-20.799692153930664,290.0,-39.47453689575195,-25.1707706451416,293.0,-66.94664764404297,-25.51033592224121,289.0,-92.2248764038086,-24.14394760131836,289.0
13.305443377001211,119.83528900146484,21.929527282714844,293.0,6.176562309265137,-20.799692153930664,290.0,-39.47453689575195,-25.1707706451416,293.0,-67.17829895019531,-24.913047790527344,290.0,-92.54399108886719,-23.541929244995117,290.0
13.365548626054078,118.73600769042969,21.164392471313477,292.0,6.885784149169922,-21.55933952331543,291.0,-38.781883239746094,-25.1707706451416,293.0,-66.7220230102539,-24.99895668029785,291.0,-92.17518615722656,-23.62310791015625,291.0
13.42763690603897,119.14263916015625,21.929527282714844,293.0,6.885784149169922,-21.55933952331543,291.0,-39.60926055908203,-25.951690673828125,294.0,-67.64159393310547,-25.775148391723633,292.0,-92.49193572998047,-23.704288482666016,292.0
13.487260909052566,119.83528900146484,21.236873626708984,293.0,6.1978607177734375,-20.871414184570312,291.0,-39.743988037109375,-26.039962768554688,295.0,-67.87324523925781,-26.556072235107422,293.0,-93.12544250488281,-25.256677627563477,294.0
13.546922035049647,119.14263916015625,21.236873626708984,293.0,5.528871536254883,-20.943138122558594,292.0,-40.44136428833008,-26.039962768554688,295.0,-68.7999038696289,-25.951690673828125,294.0,-94.13957977294922,-25.34258460998535,295.0
13.608276926912367,119.14263916015625,21.236873626708984,293.0,5.528871536254883,-20.943138122558594,292.0,-40.01343536376953,-26.91861343383789,297.0,-68.79984283447266,-27.62071990966797,297.0,-94.7092056274414,-27.099884033203125,299.0
13.66809185105376,120.2442855834961,21.309354782104492,294.0,5.528871536254883,-20.943138122558594,292.0,-40.01343536376953,-27.62071990966797,297.0,-69.03148651123047,-28.41819190979004,298.0,-94.7092056274414,-27.099884033203125,299.0
13.727444354910403,120.93929290771484,21.309354782104492,294.0,6.240457534790039,-21.014860153198242,293.0,-40.01343536376953,-26.91861343383789,297.0,-69.03148651123047,-27.71371841430664,298.0,-94.3167724609375,-26.4813175201416,300.0
13.787116901017725,120.93929290771484,21.309354782104492,294.0,6.219159126281738,-20.943138122558594,292.0,-40.01343536376953,-26.91861343383789,297.0,-69.03148651123047,-27.71371841430664,298.0,-95.34271240234375,-26.569589614868164,301.0
13.845692222937942,120.93929290771484,22.004371643066406,294.0,6.240457534790039,-20.32221031188965,293.0,-39.31132888793945,-26.91861343383789,297.0,-68.55630493164062,-27.806716918945312,299.0,-94.63115692138672,-27.281152725219727,301.0
13.905340651981533,121.63431549072266,22.004371643066406,294.0,6.219159126281738,-19.562564849853516,292.0,-39.31132888793945,-26.21650505065918,297.0,-67.62254333496094,-27.009248733520508,298.0,-94.23161315917969,-25.943933486938477,302.0
13.965772005030885,121.22058868408203,22.622177124023438,293.0,6.240457534790039,-19.629560470581055,293.0,-39.31132888793945,-26.21650505065918,297.0,-67.62254333496094,-27.009248733520508,298.0,-93.91959381103516,-25.8580265045166,301.0
14.02425350411795,120.52793884277344,22.622177124023438,293.0,6.240457534790039,-20.32221031188965,293.0,-39.44369125366211,-26.30477523803711,298.0,-68.55630493164062,-27.099884033203125,299.0,-94.23161315917969,-25.943933486938477,302.0
14.08588236803189,120.93929290771484,22.004371643066406,294.0,6.240457534790039,-19.629560470581055,293.0,-39.44369125366211,-26.30477523803711,298.0,-67.8494644165039,-27.099884033203125,299.0,-94.23161315917969,-25.943933486938477,302.0
14.14964026492089,119.83528900146484,21.929527282714844,293.0,6.240457534790039,-19.629560470581055,293.0,-39.44369125366211,-25.600305557250977,298.0,-68.55630493164062,-26.393047332763672,299.0,-94.94554901123047,-25.943933486938477,302.0
14.20934813003987,120.2442855834961,22.004371643066406,294.0,6.240457534790039,-18.936906814575195,293.0,-40.01343536376953,-25.5143985748291,297.0,-69.03148651123047,-26.30477523803711,298.0,-94.3167724609375,-25.06292152404785,300.0
14.269111263100058,120.93929290771484,22.699384689331055,294.0,6.240457534790039,-19.629560470581055,293.0,-39.31132888793945,-25.5143985748291,297.0,-68.32701873779297,-26.30477523803711,298.0,-94.63115692138672,-25.14646339416504,301.0
14.327385598095134,122.04803466796875,23.473974227905273,295.0,6.933109283447266,-19.629560470581055,293.0,-38.60921859741211,-25.5143985748291,297.0,-67.62254333496094,-25.600305557250977,298.0,-93.29553985595703,-24.272541046142578,299.0
14.387172227026895,119.83528900146484,21.929527282714844,293.0,6.933109283447266,-19.629560470581055,293.0,-39.31132888793945,-25.5143985748291,297.0,-67.62254333496094,-25.600305557250977,298.0,-93.6075668334961,-24.35371971130371,300.0
14.445524353068322,120.93929290771484,22.004371643066406,294.0,6.240457534790039,-19.629560470581055,293.0,-39.31132888793945,-25.5143985748291,297.0,-68.32701873779297,-26.30477523803711,298.0,-94.3167724609375,-25.06292152404785,300.0
14.505140600027516,120.93929290771484,22.004371643066406,294.0,6.240457534790039,-19.629560470581055,293.0,-39.31132888793945,-25.5143985748291,297.0,-67.62254333496094,-25.600305557250977,298.0,-93.29553985595703,-24.272541046142578,299.0
14.565211120992899,121.63431549072266,22.004371643066406,294.0,7.625761032104492,-19.629560470581055,293.0,-38.60921859741211,-24.812292098999023,297.0,-66.91807556152344,-25.600305557250977,298.0,-92.58870697021484,-24.272541046142578,299.0
14.62467356910929,121.35065460205078,22.776594161987305,295.0,7.651787281036377,-20.391569137573242,294.0,-37.90711212158203,-24.812292098999023,297.0,-66.91807556152344,-25.600305557250977,298.0,-91.88187408447266,-24.272541046142578,299.0
14.683699547080323,120.65328216552734,22.776594161987305,295.0,6.9567718505859375,-19.69655418395996,294.0,-38.73921585083008,-24.89583396911621,298.0,-67.62254333496094,-24.89583396911621,298.0,-92.58870697021484,-23.565706253051758,299.0
14.743468699976802,119.95589447021484,22.776594161987305,295.0,6.980434417724609,-20.460927963256836,295.0,-38.73921585083008,-25.600305557250977,298.0,-66.91807556152344,-25.600305557250977,298.0,-92.89836883544922,-24.35371971130371,300.0
14.80273344204761,119.95589447021484,22.07921600341797,295.0,6.261756420135498,-19.001537322998047,294.0,-39.44369125366211,-24.191362380981445,298.0,-68.32701873779297,-24.89583396911621,298.0,-93.6075668334961,-22.935321807861328,300.0
14.86132400110364,121.76200866699219,22.853803634643555,296.0,6.9567718505859375,-19.69655418395996,294.0,-38.60921859741211,-24.812292098999023,297.0,-66.91807556152344,-24.89583396911621,298.0,-92.58870697021484,-24.272541046142578,299.0
14.921417575096712,121.76200866699219,22.15406036376953,296.0,6.933109283447266,-20.32221031188965,293.0,-38.60921859741211,-25.5143985748291,297.0,-67.39562225341797,-25.5143985748291,297.0,-92.98351287841797,-24.89583396911621,298.0
14.98121905210428,120.65328216552734,20.684457778930664,295.0,6.261756420135498,-20.391569137573242,294.0,-40.01343536376953,-25.5143985748291,297.0,-68.79984283447266,-26.21650505065918,297.0,-94.7092056274414,-24.97937774658203,299.0
15.041305742925033,119.54926300048828,21.309354782104492,294.0,5.547806262969971,-21.014860153198242,293.0,-40.01343536376953,-26.21650505065918,297.0,-68.09773254394531,-26.91861343383789,297.0,-94.00238037109375,-25.68621253967285,299.0
15.100138172972947,119.54926300048828,21.309354782104492,294.0,5.528871536254883,-20.252851486206055,292.0,-39.87871170043945,-26.128232955932617,296.0,-68.56819152832031,-26.827978134155273,296.0,-93.68798828125,-25.600305557250977,298.0
15.159880123101175,119.14263916015625,21.929527282714844,293.0,5.528871536254883,-19.562564849853516,292.0,-39.743988037109375,-25.34258460998535,295.0,-68.56819152832031,-25.428491592407227,296.0,-94.0757064819336,-24.110183715820312,297.0
15.219591764034703,119.42630004882812,21.85468101501465,292.0,6.1978607177734375,-19.495569229125977,291.0,-39.046607971191406,-24.645206451416016,295.0,-68.10488891601562,-25.256677627563477,294.0,-94.0757064819336,-24.110183715820312,297.0
15.278962653130293,118.32937622070312,21.09191131591797,291.0,5.509937286376953,-19.495569229125977,291.0,-40.30427551269531,-24.561662673950195,294.0,-68.7999038696289,-25.256677627563477,294.0,-94.45869445800781,-24.029003143310547,296.0
15.338297601090744,118.73600769042969,21.164392471313477,292.0,5.509937286376953,-20.18349266052246,291.0,-40.30427551269531,-25.951690673828125,294.0,-68.7999038696289,-26.64670753479004,294.0,-94.45869445800781,-25.428491592407227,296.0
15.397852977970615,118.73600769042969,21.164392471313477,292.0,5.509937286376953,-20.871414184570312,291.0,-40.30427551269531,-25.951690673828125,294.0,-68.7999038696289,-26.64670753479004,294.0,-94.45869445800781,-25.428491592407227,296.0
15.459025742020458,118.73600769042969,21.164392471313477,292.0,4.822014331817627,-20.18349266052246,291.0,-40.999290466308594,-25.951690673828125,294.0,-69.49491882324219,-26.64670753479004,294.0,-95.158447265625,-26.128232955932617,296.0
15.51842020591721,119.14263916015625,21.236873626708984,293.0,5.491002559661865,-20.114133834838867,290.0,-40.999290466308594,-25.951690673828125,294.0,-69.95120239257812,-26.556072235107422,293.0,-95.53433990478516,-25.34258460998535,295.0
15.578809876926243,118.04571533203125,21.164392471313477,292.0,5.491002559661865,-20.114133834838867,290.0,-40.30427551269531,-25.951690673828125,294.0,-69.258544921875,-26.556072235107422,293.0,-95.53433990478516,-26.039962768554688,295.0
15.638889964902773,118.73600769042969,21.164392471313477,292.0,4.80544376373291,-20.114133834838867,290.0,-40.85983657836914,-25.863420486450195,293.0,-69.258544921875,-26.556072235107422,293.0,-95.53433990478516,-26.039962768554688,295.0
15.699017926119268,118.04571533203125,21.164392471313477,292.0,4.822014331817627,-20.18349266052246,291.0,-40.85983657836914,-25.863420486450195,293.0,-69.95120239257812,-26.556072235107422,293.0,-95.53433990478516,-26.039962768554688,295.0
15.761381817050278,117.64144897460938,21.09191131591797,291.0,5.491002559661865,-20.114133834838867,290.0,-40.16718673706055,-25.863420486450195,293.0,-68.5658950805664,-26.556072235107422,293.0,-93.82046508789062,-25.256677627563477,294.0
15.82037506904453,118.04571533203125,21.85468101501465,292.0,5.509937286376953,-19.495569229125977,291.0,-40.30427551269531,-24.561662673950195,294.0,-68.5658950805664,-25.1707706451416,293.0,-94.83695983886719,-23.947824478149414,295.0
15.88015116401948,118.73600769042969,22.544967651367188,292.0,5.509937286376953,-20.18349266052246,291.0,-40.30427551269531,-24.561662673950195,294.0,-67.87324523925781,-24.478118896484375,293.0,-93.12544250488281,-23.171630859375,294.0
15.940102731110528,118.73600769042969,21.85468101501465,292.0,5.509937286376953,-19.495569229125977,291.0,-40.30427551269531,-24.561662673950195,294.0,-68.5658950805664,-24.478118896484375,293.0,-94.83695983886719,-23.947824478149414,295.0
16.000901666935533,117.64144897460938,22.46776008605957,291.0,4.822014331817627,-19.495569229125977,291.0,-40.30427551269531,-24.561662673950195,294.0,-68.5658950805664,-24.478118896484375,293.0,-94.13957977294922,-23.250446319580078,295.0
16.061595547944307,117.64144897460938,21.09191131591797,291.0,5.509937286376953,-19.495569229125977,291.0,-40.30427551269531,-24.561662673950195,294.0,-69.49491882324219,-25.256677627563477,294.0,-94.83695983886719,-23.947824478149414,295.0
16.121638712938875,118.73600769042969,21.164392471313477,292.0,6.1978607177734375,-20.18349266052246,291.0,-39.60926055908203,-25.256677627563477,294.0,-67.87324523925781,-25.863420486450195,293.0,-93.82046508789062,-24.561662673950195,294.0
16.180181228090078,119.83528900146484,21.929527282714844,293.0,6.1978607177734375,-20.871414184570312,291.0,-39.60926055908203,-25.951690673828125,294.0,-68.10488891601562,-25.951690673828125,294.0,-93.44219970703125,-23.947824478149414,295.0
16.240060744108632,120.1165771484375,21.164392471313477,292.0,5.509937286376953,-20.18349266052246,291.0,-40.44136428833008,-24.645206451416016,295.0,-68.7999038696289,-25.256677627563477,294.0,-94.13957977294922,-23.947824478149414,295.0
16.299830897944048,120.93929290771484,22.004371643066406,294.0,5.528871536254883,-20.252851486206055,292.0,-40.44136428833008,-24.645206451416016,295.0,-68.33654022216797,-24.645206451416016,295.0,-93.75894927978516,-23.329261779785156,296.0
16.35954116494395,119.14263916015625,21.929527282714844,293.0,5.528871536254883,-19.562564849853516,292.0,-40.01343536376953,-24.812292098999023,297.0,-68.56819152832031,-24.728748321533203,296.0,-94.0757064819336,-23.408077239990234,297.0
16.41877922299318,119.14263916015625,21.929527282714844,293.0,5.547806262969971,-18.936906814575195,293.0,-40.578453063964844,-24.029003143310547,296.0,-69.26793670654297,-24.029003143310547,296.0,-94.0757064819336,-22.705968856811523,297.0
