time[s],Joint0_x,Joint1_x,Joint2_x,Joint3_x,Joint4_x,Joint0_y,Joint1_y,Joint2_y,Joint3_y,Joint4_y,Joint0_z,Joint1_z,Joint2_z,Joint3_z,Joint4_z
0.052537628915160894,0.5624133348464966,0.710521399974823,6.792535600652627e-07,-61.777278900146484,-17.454164505004883,363.0,-59.240936279296875,-60.366878509521484,353.0,-59.995277404785156,-87.03656768798828,343.0,-62.555667877197266,-110.34862518310547,335.0
0.11207770789042115,0.5612092018127441,0.7101744413375854,6.812906576669775e-07,-61.086971282958984,-16.641752243041992,364.0,-59.240936279296875,-60.366878509521484,353.0,-59.995277404785156,-87.03656768798828,343.0,-63.53670120239258,-110.67802429199219,336.0
0.17186941485852003,0.5615695714950562,0.7106797695159912,6.796267939535028e-07,-62.11764907836914,-16.687471389770508,365.0,-60.24561309814453,-60.53788757324219,354.0,-60.806129455566406,-86.2257080078125,343.0,-64.33100891113281,-110.67802429199219,336.0
0.2295723119750619,0.560023844242096,0.7100427150726318,6.67820415856113e-07,-61.94746398925781,-16.641752243041992,364.0,-60.07542419433594,-60.366878509521484,353.0,-61.61697769165039,-86.2257080078125,343.0,-64.52246856689453,-110.21074676513672,337.0
0.29041332588531077,0.5602667927742004,0.7099802494049072,6.7280836901773e-07,-62.807960510253906,-16.641752243041992,364.0,-61.08246612548828,-60.53788757324219,354.0,-61.61697769165039,-86.2257080078125,343.0,-65.31912994384766,-110.21074676513672,337.0
0.3506329490337521,0.5613254904747009,0.7101430892944336,6.746785743416694e-07,-62.807960510253906,-16.641752243041992,364.0,-60.24561309814453,-59.70103454589844,354.0,-61.7966194152832,-85.66388702392578,344.0,-65.12530517578125,-109.08940887451172,336.0
0.41608257591724396,0.5608190298080444,0.7092573642730713,6.724179115735751e-07,-61.94746398925781,-17.502246856689453,364.0,-60.07542419433594,-60.366878509521484,353.0,-60.806129455566406,-86.2257080078125,343.0,-64.33100891113281,-109.88371276855469,336.0
0.4782584218773991,0.5637702345848083,0.7112471461296082,6.7582669771582e-07,-60.91914749145508,-17.454164505004883,363.0,-59.07311248779297,-61.02799987792969,352.0,-60.628849029541016,-87.59130859375,342.0,-64.13954162597656,-111.14055633544922,335.0
0.5367336629424244,0.5633084774017334,0.711053192615509,6.906096814418561e-07,-60.75132751464844,-16.55031394958496,362.0,-59.07311248779297,-60.195865631103516,352.0,-59.82036590576172,-86.7828140258789,342.0,-63.34760665893555,-111.14055633544922,335.0
0.596450133016333,0.5648943185806274,0.7126150727272034,6.883372520860576e-07,-60.5835075378418,-16.504594802856445,361.0,-58.73747253417969,-59.853843688964844,350.0,-59.645450592041016,-86.52906036376953,341.0,-62.96940994262695,-110.4770278930664,333.0
0.6541836699470878,0.5643081068992615,0.7119515538215637,6.94817686053284e-07,-60.5835075378418,-16.504594802856445,361.0,-58.90529251098633,-60.85462188720703,351.0,-59.47053909301758,-87.0790786743164,340.0,-62.96940994262695,-110.4770278930664,333.0
0.713454277953133,0.5666965246200562,0.7090485095977783,7.104548558345414e-07,-59.56464767456055,-19.011993408203125,360.0,-56.91958236694336,-62.15793991088867,349.0,-57.52264404296875,-88.16490936279297,338.0,-61.21062088012695,-111.71495819091797,332.0
0.7713094400241971,0.5660772323608398,0.7094130516052246,7.176386134233326e-07,-58.550514221191406,-18.959182739257812,359.0,-56.91958236694336,-62.15793991088867,349.0,-56.72361373901367,-88.96392822265625,338.0,-60.4257698059082,-112.49980926513672,332.0
0.8297102658543736,0.5686647891998291,0.7113021612167358,7.2228624503623e-07,-58.387420654296875,-18.9063720703125,358.0,-55.933815002441406,-62.80250930786133,348.0,-56.55579376220703,-88.70072174072266,337.0,-60.2437629699707,-112.94344329833984,331.0
0.8907621488906443,0.5683068633079529,0.7117509245872498,7.238832608891244e-07,-57.541107177734375,-18.9063720703125,358.0,-55.11114501953125,-62.80250930786133,348.0,-55.75912857055664,-88.70072174072266,337.0,-59.281639099121094,-112.60222625732422,330.0
0.9547534959856421,0.5696183443069458,0.7132788896560669,7.486397066713835e-07,-57.38037872314453,-18.853559494018555,357.0,-55.11114501953125,-62.80250930786133,348.0,-54.96246337890625,-88.70072174072266,337.0,-58.501522064208984,-112.60222625732422,330.0
1.0172268969472498,0.5674643516540527,0.7120446562767029,7.291651513696706e-07,-56.53643035888672,-18.853559494018555,357.0,-54.13247299194336,-62.62204360961914,347.0,-54.79936981201172,-88.43751525878906,336.0,-58.32424545288086,-112.26100158691406,329.0
1.0782104670070112,0.5683972835540771,0.7124044299125671,7.225853551062755e-07,-56.53643035888672,-19.697507858276367,357.0,-53.976470947265625,-62.44157409667969,346.0,-54.63627624511719,-88.96625518798828,335.0,-58.146968841552734,-112.6951675415039,328.0
1.1414501608815044,0.569073498249054,0.7103555202484131,7.427144055327517e-07,-56.21969985961914,-19.587158203125,355.0,-53.82046890258789,-63.07668685913086,345.0,-53.68360137939453,-89.49026489257812,334.0,-57.19666290283203,-112.3515853881836,327.0
1.2003534589894116,0.5690026879310608,0.7074185609817505,7.210585408756742e-07,-55.3804817199707,-21.265594482421875,355.0,-53.00489044189453,-63.07668685913086,345.0,-53.362144470214844,-88.16954040527344,332.0,-56.32209777832031,-109.87247467041016,322.0
1.2599174538627267,0.5699867010116577,0.7066036462783813,7.21093329048017e-07,-54.38762664794922,-22.04254722595215,354.0,-53.00489044189453,-63.892269134521484,345.0,-52.57729721069336,-88.16954040527344,332.0,-55.388336181640625,-108.77240753173828,321.0
1.320269132964313,0.570000410079956,0.7033978700637817,7.289079917427443e-07,-53.39949417114258,-23.64926528930664,353.0,-52.189308166503906,-64.70784759521484,345.0,-52.26056671142578,-89.19863891601562,330.0,-54.45930862426758,-110.70298767089844,320.0
1.3778544829692692,0.5704907178878784,0.700268566608429,7.224330715871474e-07,-53.24822235107422,-24.414396286010742,352.0,-51.07590866088867,-65.95442962646484,343.0,-51.48044967651367,-89.978759765625,330.0,-53.535011291503906,-111.86527252197266,319.0
1.4379633129574358,0.5713000297546387,0.6974890232086182,7.132023256417597e-07,-52.41609573364258,-26.078651428222656,352.0,-50.26506042480469,-66.7652816772461,343.0,-50.239418029785156,-89.93379211425781,327.0,-52.284523010253906,-110.81324768066406,316.0
1.4985673290211707,0.5729796290397644,0.6945070624351501,7.011344678176101e-07,-51.43742370605469,-26.834325790405273,351.0,-49.310028076171875,-65.76214599609375,342.0,-49.46638870239258,-88.38774108886719,327.0,-51.953609466552734,-107.885009765625,314.0
1.5630525909364223,0.5723633766174316,0.6954712867736816,6.780727517252672e-07,-50.607662200927734,-26.834325790405273,351.0,-49.310028076171875,-65.76214599609375,342.0,-49.46638870239258,-88.38774108886719,327.0,-51.788150787353516,-106.80150604248047,313.0
1.626165669877082,0.5727946162223816,0.6979014873504639,6.645040571129357e-07,-49.63608169555664,-26.757875442504883,350.0,-48.50154113769531,-64.14517211914062,342.0,-49.163841247558594,-84.7739486694336,325.0,-52.192440032958984,-101.70783996582031,311.0
1.6885188689921051,0.5725888013839722,0.6966787576675415,6.576499345101183e-07,-49.63608169555664,-25.930477142333984,350.0,-48.35972595214844,-62.34536361694336,341.0,-49.01256561279297,-82.98123931884766,324.0,-51.291778564453125,-99.91513061523438,310.0
1.7476845148485154,0.5751903057098389,0.6968896985054016,6.64309936837526e-07,-49.63608169555664,-25.930477142333984,350.0,-48.50154113769531,-61.71970748901367,342.0,-48.09772491455078,-81.9615478515625,323.0,-50.39584732055664,-98.86234283447266,309.0
1.8056335479486734,0.5744783878326416,0.6964812874794006,6.520648980767874e-07,-49.63608169555664,-25.10307502746582,350.0,-48.35972595214844,-61.539241790771484,341.0,-48.24663162231445,-81.44935607910156,324.0,-50.39584732055664,-98.13186645507812,309.0
1.8625804230105132,0.5747953653335571,0.6971437931060791,6.488115786851267e-07,-49.63608169555664,-25.10307502746582,350.0,-47.693050384521484,-60.91122055053711,342.0,-48.24663162231445,-79.91748809814453,324.0,-50.39584732055664,-96.67091369628906,309.0
1.9208050589077175,0.5757732391357422,0.6955853700637817,6.209276648405648e-07,-48.808677673339844,-25.10307502746582,350.0,-47.83250427246094,-59.46762466430664,343.0,-48.24663162231445,-78.3856201171875,324.0,-51.12632369995117,-93.74901580810547,309.0
1.9810252939350903,0.5775112509727478,0.6972348690032959,6.110810204518202e-07,-47.98128128051758,-25.10307502746582,350.0,-46.076080322265625,-57.67727279663086,342.0,-47.62724304199219,-74.78605651855469,325.0,-50.96086502075195,-87.62073516845703,308.0
2.042031958932057,0.5793958306312561,0.6999556422233582,5.889355634280946e-07,-47.84419250488281,-24.206317901611328,349.0,-44.329105377197266,-55.09025192260742,341.0,-45.461795806884766,-71.16284942626953,326.0,-50.06966018676758,-82.25601959228516,307.0
2.103408409981057,0.5782158970832825,0.6984272003173828,5.617932288259908e-07,-47.01915740966797,-24.206317901611328,349.0,-43.395347595214844,-55.732460021972656,340.0,-45.461795806884766,-69.62152099609375,326.0,-49.18318176269531,-76.92439270019531,306.0
2.163625248009339,0.5808688402175903,0.7004370093345642,5.65699338039849e-07,-47.01915740966797,-24.206317901611328,349.0,-43.395347595214844,-54.92869567871094,340.0,-44.554046630859375,-68.63966369628906,325.0,-47.580413818359375,-75.95199584960938,305.0
2.223719809902832,0.577056884765625,0.6975802779197693,5.388595809563412e-07,-46.884429931640625,-24.136959075927734,348.0,-43.26771545410156,-55.56854248046875,339.0,-44.27986526489258,-67.45368957519531,323.0,-48.30143356323242,-73.78893280029297,305.0
2.284690466010943,0.5788441896438599,0.6981500387191772,5.310131996338896e-07,-47.84419250488281,-24.206317901611328,349.0,-44.1991081237793,-56.53622055053711,340.0,-44.48562240600586,-66.61835479736328,319.0,-48.93489456176758,-72.56523132324219,309.0
2.344019748037681,0.5793952345848083,0.6990867853164673,5.030883585277479e-07,-46.884429931640625,-24.136959075927734,348.0,-44.06911087036133,-57.171329498291016,339.0,-42.951637268066406,-63.593055725097656,308.0,-48.20441818237305,-68.91285705566406,309.0
2.401439839042723,0.5804299116134644,0.7006697654724121,4.634629533484258e-07,-46.74970626831055,-24.887907028198242,347.0,-43.54911804199219,-61.248374938964844,335.0,-42.36061477661133,-65.2604751586914,309.0,-47.16667175292969,-64.11233520507812,307.0
2.4618293510284275,0.580711841583252,0.701905369758606,4.661031880459632e-07,-46.06175994873047,-24.95962905883789,348.0,-43.28912353515625,-61.66992950439453,333.0,-42.497703552246094,-65.4716796875,310.0,-46.440921783447266,-63.3865852355957,307.0
2.521189291961491,0.5794386267662048,0.7016116380691528,4.6456270297312585e-07,-46.884429931640625,-24.95962905883789,348.0,-43.54911804199219,-62.040321350097656,335.0,-42.0864372253418,-65.56382751464844,307.0,-46.13837432861328,-63.694664001464844,305.0
2.5848673139698803,0.5804615020751953,0.7019398212432861,4.7279419845835946e-07,-46.884429931640625,-24.95962905883789,348.0,-44.208702087402344,-62.64469909667969,334.0,-42.951637268066406,-65.77738952636719,308.0,-45.417354583740234,-62.9736442565918,305.0
2.644085941836238,0.5802479386329651,0.7022558450698853,4.75027405855144e-07,-46.74970626831055,-24.06760025024414,347.0,-43.28912353515625,-62.45713806152344,333.0,-42.0864372253418,-65.56382751464844,307.0,-45.2684440612793,-62.04851531982422,304.0
2.7040193418506533,0.5804343223571777,0.7022143602371216,4.6957575250416994e-07,-45.92940139770508,-24.06760025024414,347.0,-42.501914978027344,-61.66992950439453,333.0,-41.812259674072266,-64.41567993164062,305.0,-45.119537353515625,-61.84440612792969,303.0
2.764177297009155,0.5813013315200806,0.7004588842391968,4.6126669417390076e-07,-45.79703903198242,-23.998241424560547,346.0,-43.15912628173828,-61.48473358154297,332.0,-41.812259674072266,-64.41567993164062,305.0,-44.40324401855469,-61.84440612792969,303.0
2.823360034963116,0.5817720293998718,0.6998964548110962,4.653814471566875e-07,-45.79703903198242,-24.81618309020996,346.0,-39.38920211791992,-56.83037185668945,303.0,-41.09123992919922,-65.13670349121094,305.0,-43.686954498291016,-61.84440612792969,303.0
2.881779728922993,0.5810016989707947,0.7007541656494141,4.6146067234076327e-07,-45.79703903198242,-24.81618309020996,346.0,-39.519203186035156,-57.7365837097168,304.0,-41.2259635925293,-65.35026550292969,306.0,-42.970664978027344,-61.128116607666016,303.0
2.9410578720271587,0.5807326436042786,0.700468897819519,4.7137066871982825e-07,-45.79703903198242,-24.81618309020996,346.0,-39.25920486450195,-57.35673904418945,302.0,-40.8217887878418,-64.7095718383789,303.0,-42.68703079223633,-60.724632263183594,301.0
3.0018404750153422,0.5819723606109619,0.6994824409484863,4.631569936464075e-07,-44.84909439086914,-25.560041427612305,345.0,-38.92818069458008,-58.647525787353516,305.0,-40.634944915771484,-65.56382751464844,307.0,-42.970664978027344,-61.128116607666016,303.0
3.0604435128625482,0.5812896490097046,0.7008407115936279,4.678851439621212e-07,-44.97909164428711,-25.63412857055664,346.0,-38.92818069458008,-59.36854934692383,305.0,-40.634944915771484,-66.2895736694336,307.0,-42.970664978027344,-61.128116607666016,303.0
3.1195416578557342,0.5830937623977661,0.7004109621047974,4.5251573510540766e-07,-44.84909439086914,-25.560041427612305,345.0,-39.05581283569336,-60.286582946777344,306.0,-40.76730728149414,-66.50550079345703,308.0,-41.53807830810547,-58.979248046875,303.0
3.178873224882409,0.5828549265861511,0.7005947828292847,4.2585884330037516e-07,-45.664676666259766,-26.375619888305664,345.0,-39.90919494628906,-61.20934295654297,307.0,-40.169189453125,-65.2604751586914,309.0,-40.37022018432617,-57.20549011230469,305.0
3.237061990890652,0.5836524963378906,0.698452353477478,4.2718727399915224e-07,-45.664676666259766,-25.560041427612305,345.0,-39.90919494628906,-59.032100677490234,307.0,-40.169189453125,-63.799530029296875,309.0,-40.50258255004883,-56.6696662902832,306.0
3.297488935990259,0.5841004252433777,0.6985230445861816,4.216724676098238e-07,-45.53231430053711,-25.48595428466797,344.0,-40.03919219970703,-59.224388122558594,308.0,-40.29918670654297,-63.273155212402344,310.0,-39.779197692871094,-55.222896575927734,306.0
3.3576307389885187,0.5847374200820923,0.7000670433044434,4.333285232860362e-07,-44.84909439086914,-25.560041427612305,345.0,-40.03919219970703,-60.68061065673828,308.0,-40.29918670654297,-64.73883819580078,310.0,-40.37022018432617,-55.76344680786133,305.0
3.4186010549310595,0.585031270980835,0.6989697217941284,4.2520062493167643e-07,-44.71909713745117,-25.48595428466797,344.0,-40.03919219970703,-60.68061065673828,308.0,-40.169189453125,-64.5300064086914,309.0,-39.649200439453125,-55.76344680786133,305.0
3.4801730029284954,0.5861316323280334,0.6981124877929688,4.149338508341316e-07,-43.9058837890625,-26.29916763305664,344.0,-39.183448791503906,-59.757850646972656,307.0,-39.43871307373047,-63.799530029296875,309.0,-38.92818069458008,-55.04242706298828,305.0
3.5402490198612213,0.5863705277442932,0.6988124251365662,4.115773606372386e-07,-43.9058837890625,-26.29916763305664,344.0,-40.634944915771484,-61.20934295654297,307.0,-40.169189453125,-64.5300064086914,309.0,-38.67291259765625,-53.965206146240234,303.0
3.598944997880608,0.586554765701294,0.6981735825538635,4.064603444930981e-07,-43.77824783325195,-26.22271728515625,343.0,-39.31108093261719,-60.68061065673828,308.0,-39.43871307373047,-63.799530029296875,309.0,-38.08189392089844,-54.143306732177734,304.0
3.657144304830581,0.5864296555519104,0.6987471580505371,4.1267850292570074e-07,-43.77824783325195,-27.0335693359375,343.0,-40.03919219970703,-61.408721923828125,308.0,-39.43871307373047,-63.06904983520508,309.0,-38.08189392089844,-51.98733901977539,304.0
3.7167840970214456,0.5858805775642395,0.6985828876495361,4.0733368678047555e-07,-43.65061569213867,-26.954755783081055,342.0,-40.169189453125,-62.33857345581055,309.0,-38.7082405090332,-63.06904983520508,309.0,-37.95662307739258,-51.10003662109375,303.0
3.7777332819532603,0.5872111916542053,0.7001373767852783,3.910398902462475e-07,-43.77824783325195,-26.22271728515625,343.0,-39.43871307373047,-62.33857345581055,309.0,-38.7082405090332,-61.60810089111328,309.0,-37.117427825927734,-46.6478271484375,302.0
3.836059785913676,0.5870511531829834,0.6989940404891968,3.974063247369486e-07,-44.459102630615234,-26.954755783081055,342.0,-41.2967529296875,-63.68136978149414,312.0,-39.566349029541016,-61.074642181396484,310.0,-37.240333557128906,-46.086002349853516,303.0
3.8979908688925207,0.5869625806808472,0.6984508037567139,3.890229436365189e-07,-44.459102630615234,-26.954755783081055,342.0,-41.164390563964844,-63.477264404296875,311.0,-39.566349029541016,-61.074642181396484,310.0,-37.240333557128906,-46.086002349853516,303.0
3.9588011149317026,0.5864685773849487,0.6982312202453613,3.81134611870948e-07,-44.459102630615234,-26.954755783081055,342.0,-41.42911148071289,-64.62541198730469,313.0,-39.566349029541016,-60.34180450439453,310.0,-37.95662307739258,-44.65341567993164,303.0
4.018157909857109,0.5879414677619934,0.6982274055480957,3.7081753134771134e-07,-44.459102630615234,-27.763240814208984,342.0,-41.2967529296875,-64.4189453125,312.0,-39.31108093261719,-58.49627685546875,308.0,-37.83135223388672,-42.36426544189453,302.0
4.0803227359429,0.5900496244430542,0.6992954015731812,3.6809734638154623e-07,-44.459102630615234,-27.763240814208984,342.0,-40.559181213378906,-63.68136978149414,312.0,-39.05581283569336,-55.9462776184082,306.0,-37.580814361572266,-37.82850646972656,300.0
4.139190995832905,0.5896790027618408,0.6984714865684509,3.534425445650413e-07,-44.329105377197266,-27.68206214904785,341.0,-40.559181213378906,-62.94380569458008,312.0,-38.33243179321289,-54.49951171875,306.0,-37.580814361572266,-37.11930847167969,300.0
4.196794711984694,0.5889647603034973,0.6993199586868286,3.5811780207950505e-07,-44.329105377197266,-26.875940322875977,341.0,-40.689178466796875,-63.145545959472656,313.0,-38.33243179321289,-54.49951171875,306.0,-36.87161636352539,-37.11930847167969,300.0
4.255290932953358,0.5886074304580688,0.6998335719108582,3.6581374729394156e-07,-45.135231018066406,-26.875940322875977,341.0,-40.559181213378906,-62.94380569458008,312.0,-37.60905075073242,-55.222896575927734,306.0,-36.99452209472656,-37.9546012878418,301.0
4.315978762926534,0.5883316993713379,0.6993690133094788,3.604956759772904e-07,-45.135231018066406,-26.875940322875977,341.0,-40.076881408691406,-63.3472900390625,314.0,-37.60905075073242,-54.49951171875,306.0,-37.706085205078125,-35.81991195678711,301.0
4.384029278997332,0.5884530544281006,0.6988378167152405,3.612622379023378e-07,-44.1991081237793,-26.7971248626709,340.0,-39.20931625366211,-63.145545959472656,313.0,-36.88566589355469,-54.49951171875,306.0,-36.16241455078125,-34.9917106628418,300.0
4.44366701785475,0.5875381231307983,0.6997295022010803,3.28707017160923e-07,-38.73921585083008,-22.782419204711914,298.0,-39.58512496948242,-63.75077438354492,316.0,-36.76512145996094,-51.43733215332031,305.0,-37.580814361572266,-32.15491485595703,300.0
4.5047633168287575,0.589766800403595,0.6991158723831177,3.2646477166053955e-07,-38.73921585083008,-23.48689079284668,298.0,-40.33214569091797,-63.003753662109375,316.0,-38.20716094970703,-50.716312408447266,305.0,-38.29001235961914,-30.736515045166016,300.0
4.563917580991983,0.5894560217857361,0.6967734694480896,3.1009162171358184e-07,-38.73921585083008,-24.191362380981445,298.0,-40.20451354980469,-62.80437469482422,315.0,-38.08189392089844,-49.11271667480469,304.0,-38.16238021850586,-29.220388412475586,299.0
4.621923353988677,0.5900126695632935,0.6989673376083374,2.8382453365338733e-07,-38.86921310424805,-24.97937774658203,299.0,-41.599159240722656,-64.55774688720703,320.0,-38.08189392089844,-47.67540740966797,304.0,-38.16238021850586,-25.68621253967285,299.0
4.68132483586669,0.5902094841003418,0.6977272033691406,2.8919103556290793e-07,-38.999210357666016,-25.772119522094727,300.0,-41.729156494140625,-64.00064849853516,321.0,-38.08189392089844,-46.23809814453125,304.0,-37.580814361572266,-25.06292152404785,300.0
4.73890895396471,0.5908346176147461,0.6984665989875793,2.809899797284743e-07,-38.999210357666016,-25.772119522094727,300.0,-41.729156494140625,-64.00064849853516,321.0,-38.08189392089844,-45.519439697265625,304.0,-38.16238021850586,-23.565706253051758,299.0
4.796901301015168,0.5893930792808533,0.699063777923584,2.8220779313414823e-07,-39.70841598510742,-25.06292152404785,300.0,-41.599159240722656,-62.28831481933594,320.0,-38.67291259765625,-43.2208366394043,303.0,-38.16238021850586,-21.445199966430664,299.0
4.858624062035233,0.590470552444458,0.699284553527832,2.816746587086527e-07,-38.999210357666016,-25.06292152404785,300.0,-40.842681884765625,-62.28831481933594,320.0,-38.08189392089844,-44.082130432128906,304.0,-38.29001235961914,-22.22612190246582,300.0
4.920529254944995,0.5900487899780273,0.6997091174125671,2.8343905000838276e-07,-38.999210357666016,-24.35371971130371,300.0,-40.842681884765625,-61.531829833984375,320.0,-38.08189392089844,-43.36347961425781,304.0,-38.29001235961914,-21.516921997070312,300.0
4.981674087932333,0.5899195671081543,0.6994667053222656,2.706477459923917e-07,-38.999210357666016,-25.06292152404785,300.0,-41.599159240722656,-61.531829833984375,320.0,-38.67291259765625,-41.78824996948242,303.0,-38.29001235961914,-19.389324188232422,300.0
5.044497887836769,0.5901119112968445,0.6986487507820129,2.5815734261414036e-07,-39.129207611083984,-25.14646339416504,301.0,-41.599159240722656,-60.775352478027344,320.0,-37.95662307739258,-38.9230842590332,303.0,-37.580814361572266,-16.552528381347656,300.0
5.104017317993566,0.5893787741661072,0.7003487348556519,2.503645077922556e-07,-39.129207611083984,-25.14646339416504,301.0,-41.46916198730469,-60.58543014526367,319.0,-38.08189392089844,-39.051544189453125,304.0,-38.41764831542969,-15.896139144897461,301.0
5.1638302858918905,0.5911294221878052,0.7002649307250977,2.441736057789967e-07,-39.129207611083984,-25.14646339416504,301.0,-41.729156494140625,-60.965274810791016,321.0,-37.95662307739258,-38.9230842590332,303.0,-37.580814361572266,-15.843328475952148,300.0
5.225105331046507,0.5903711318969727,0.699521541595459,2.4082237359834835e-07,-39.129207611083984,-25.14646339416504,301.0,-41.599159240722656,-60.01887512207031,320.0,-37.240333557128906,-37.490501403808594,303.0,-37.580814361572266,-14.424928665161133,300.0
5.282460876973346,0.5900224447250366,0.7003114223480225,2.397317757640849e-07,-39.25920486450195,-25.23000717163086,302.0,-42.22328186035156,-59.07719802856445,319.0,-37.95662307739258,-36.77421188354492,303.0,-37.580814361572266,-13.715729713439941,300.0
5.339277129853144,0.5908717513084412,0.6995278596878052,2.394731382082682e-07,-39.25920486450195,-24.51607894897461,302.0,-41.599159240722656,-59.262393951416016,320.0,-37.240333557128906,-35.34162902832031,303.0,-37.706085205078125,-11.62675952911377,301.0
5.399556590011343,0.5909994840621948,0.700585663318634,2.212239422760831e-07,-39.25920486450195,-24.51607894897461,302.0,-41.599159240722656,-57.74943542480469,320.0,-37.240333557128906,-33.9090461730957,303.0,-37.706085205078125,-9.49206829071045,301.0
5.462967904983088,0.5910484790802002,0.7006601691246033,2.2775797958729527e-07,-39.25920486450195,-24.51607894897461,302.0,-41.599159240722656,-57.74943542480469,320.0,-37.36323928833008,-34.020957946777344,304.0,-36.99452209472656,-9.49206829071045,301.0
5.527032915037125,0.5907758474349976,0.7021971940994263,2.1651192128047114e-07,-39.25920486450195,-24.51607894897461,302.0,-41.46916198730469,-56.81485366821289,319.0,-37.240333557128906,-31.76017189025879,303.0,-37.117427825927734,-7.381821632385254,302.0
5.590434181969613,0.590181291103363,0.703503429889679,1.87532108952837e-07,-38.54528045654297,-24.51607894897461,302.0,-40.086204528808594,-56.23647689819336,320.0,-36.52404022216797,-31.043880462646484,303.0,-37.117427825927734,-5.9539666175842285,302.0
5.651573123876005,0.5902700424194336,0.7043640613555908,1.7691367304450978e-07,-38.54528045654297,-25.23000717163086,302.0,-40.086204528808594,-55.47999954223633,320.0,-36.52404022216797,-28.89500617980957,303.0,-37.95662307739258,-3.108516216278076,303.0
5.710430713836104,0.5931904911994934,0.7034972906112671,1.7446214428673557e-07,-37.83135223388672,-25.23000717163086,302.0,-40.21147155761719,-54.894527435302734,321.0,-36.52404022216797,-28.178714752197266,303.0,-37.83135223388672,-2.3843297958374023,302.0
5.768908830825239,0.5910750031471252,0.7043988704681396,1.7948518404864444e-07,-38.54528045654297,-24.51607894897461,302.0,-40.086204528808594,-54.723514556884766,320.0,-36.52404022216797,-27.46242332458496,303.0,-37.95662307739258,-2.3922247886657715,303.0
5.827907183906063,0.5913135409355164,0.7043967247009277,1.7588841672022681e-07,-38.54528045654297,-24.51607894897461,302.0,-39.960933685302734,-54.55250549316406,319.0,-36.52404022216797,-27.46242332458496,303.0,-37.117427825927734,-1.6704021692276,302.0
5.885986609850079,0.5932896733283997,0.7040570974349976,1.6704024119462701e-07,-37.117427825927734,-25.23000717163086,302.0,-39.206817626953125,-53.79838943481445,319.0,-36.52404022216797,-27.46242332458496,303.0,-37.117427825927734,-1.6704021692276,302.0
5.948286305880174,0.5939651727676392,0.7043400406837463,1.8410361235510209e-07,-37.83135223388672,-24.51607894897461,302.0,-39.3297233581543,-53.967037200927734,320.0,-35.8077507019043,-27.46242332458496,303.0,-36.403499603271484,-1.6704021692276,302.0
6.013104181969538,0.5936647057533264,0.704148530960083,1.8015751379607536e-07,-37.117427825927734,-25.23000717163086,302.0,-39.206817626953125,-53.04427719116211,319.0,-35.689571380615234,-25.943933486938477,302.0,-37.83135223388672,-0.24254749715328217,302.0
6.0725515629164875,0.5948201417922974,0.7040714025497437,1.7536943630602764e-07,-37.117427825927734,-25.943933486938477,302.0,-38.21162033081055,-51.96232223510742,317.0,-35.689571380615234,-25.23000717163086,302.0,-36.99452209472656,0.469819039106369,301.0
6.131410545902327,0.5945260524749756,0.7053160071372986,1.6252012358108914e-07,-37.240333557128906,-25.31355094909668,303.0,-38.838104248046875,-49.55733108520508,316.0,-36.403499603271484,-21.660367965698242,302.0,-37.83135223388672,4.041017055511475,302.0
6.191959716845304,0.594576358795166,0.7038309574127197,1.7777458083401143e-07,-37.240333557128906,-25.31355094909668,303.0,-38.838104248046875,-48.81031036376953,316.0,-36.403499603271484,-21.660367965698242,302.0,-38.54528045654297,4.041017055511475,302.0
6.255756748840213,0.5961155891418457,0.7031285762786865,1.6122517365602107e-07,-37.240333557128906,-26.02984046936035,303.0,-38.7151985168457,-48.655845642089844,315.0,-35.689571380615234,-20.946441650390625,302.0,-37.117427825927734,4.754944324493408,302.0
6.316688469843939,0.5950862169265747,0.7029443979263306,1.612576312481906e-07,-37.240333557128906,-25.31355094909668,303.0,-38.7151985168457,-47.911190032958984,315.0,-35.57139587402344,-19.453956604003906,301.0,-37.83135223388672,6.182799339294434,302.0
6.375925694825128,0.5954357981681824,0.7038102149963379,1.5540076958586724e-07,-37.240333557128906,-25.31355094909668,303.0,-38.7151985168457,-47.166526794433594,315.0,-35.57139587402344,-19.453956604003906,301.0,-36.99452209472656,6.873889446258545,301.0
6.433256322983652,0.5964732766151428,0.7019743323326111,1.5919579254841665e-07,-38.08189392089844,-25.397092819213867,304.0,-38.59229278564453,-46.274497985839844,314.0,-36.282958984375,-18.03082847595215,301.0,-37.83135223388672,8.324581146240234,302.0
6.490406381897628,0.5963592529296875,0.7015947699546814,1.563662976877822e-07,-37.240333557128906,-25.31355094909668,303.0,-38.7151985168457,-47.166526794433594,315.0,-36.282958984375,-18.03082847595215,301.0,-37.83135223388672,8.324581146240234,302.0
6.550038781017065,0.596710205078125,0.7000305652618408,1.6023456339553377e-07,-37.95662307739258,-25.31355094909668,303.0,-38.7151985168457,-47.166526794433594,315.0,-36.282958984375,-18.74239158630371,301.0,-37.706085205078125,7.585453033447266,301.0
6.615223465953022,0.596628725528717,0.6996120810508728,1.557740034741073e-07,-37.95662307739258,-26.02984046936035,303.0,-39.33458709716797,-46.274497985839844,314.0,-36.282958984375,-18.03082847595215,301.0,-37.83135223388672,8.324581146240234,302.0
6.676187459845096,0.5964038968086243,0.7003204226493835,1.521053718533949e-07,-37.95662307739258,-26.02984046936035,303.0,-39.20931625366211,-46.12712478637695,313.0,-36.282958984375,-16.607702255249023,301.0,-36.99452209472656,9.72014331817627,301.0
6.734780357917771,0.5980156064033508,0.6999258995056152,1.499225135148663e-07,-37.240333557128906,-26.02984046936035,303.0,-38.59229278564453,-45.532203674316406,314.0,-35.57139587402344,-17.319265365600586,301.0,-37.117427825927734,9.038508415222168,302.0
6.797294009011239,0.5967361927032471,0.7012885212898254,1.47376681525202e-07,-37.95662307739258,-25.31355094909668,303.0,-38.59229278564453,-45.532203674316406,314.0,-36.282958984375,-16.607702255249023,301.0,-36.99452209472656,9.72014331817627,301.0
6.85878904000856,0.5965200662612915,0.7014033794403076,1.3973927082133741e-07,-37.36323928833008,-26.115747451782227,304.0,-38.59229278564453,-45.532203674316406,314.0,-35.57139587402344,-16.607702255249023,301.0,-37.117427825927734,9.752436637878418,302.0
6.916561692021787,0.5976588726043701,0.7000823020935059,1.5069655034949392e-07,-37.36323928833008,-25.397092819213867,304.0,-38.59229278564453,-45.532203674316406,314.0,-35.57139587402344,-16.607702255249023,301.0,-37.117427825927734,9.752436637878418,302.0
6.975465460913256,0.5971150398254395,0.7012263536453247,1.489271426180494e-07,-37.36323928833008,-25.397092819213867,304.0,-38.46938705444336,-44.64726638793945,313.0,-35.57139587402344,-15.184576034545898,301.0,-37.117427825927734,11.180290222167969,302.0
7.034853557823226,0.5970938205718994,0.6999304294586182,1.4729715758221573e-07,-37.36323928833008,-25.397092819213867,304.0,-38.59229278564453,-44.04761505126953,314.0,-35.57139587402344,-14.47301197052002,301.0,-36.99452209472656,11.854832649230957,301.0
7.095348494825885,0.5987712144851685,0.7003128528594971,1.4451380536684155e-07,-37.36323928833008,-24.678436279296875,304.0,-38.59229278564453,-43.30531311035156,314.0,-35.57139587402344,-14.47301197052002,301.0,-36.282958984375,11.854832649230957,301.0
7.156300825998187,0.5982711315155029,0.700416088104248,1.4544399107307981e-07,-37.48614501953125,-25.480636596679688,305.0,-39.20931625366211,-43.16740036010742,313.0,-35.57139587402344,-14.47301197052002,301.0,-36.403499603271484,11.894217491149902,302.0
7.2194129028357565,0.5981312394142151,0.6989818811416626,1.417566437567075e-07,-37.48614501953125,-25.480636596679688,305.0,-38.46938705444336,-42.42747116088867,313.0,-35.57139587402344,-13.049884796142578,301.0,-37.117427825927734,13.322072982788086,302.0
7.281465942971408,0.598491370677948,0.6996105909347534,1.3943316901077196e-07,-37.48614501953125,-25.480636596679688,305.0,-39.20931625366211,-42.42747116088867,313.0,-35.57139587402344,-13.049884796142578,301.0,-37.117427825927734,13.322072982788086,302.0
7.347123101819307,0.5989258885383606,0.7002164721488953,1.409390790740872e-07,-37.48614501953125,-25.480636596679688,305.0,-39.20931625366211,-42.42747116088867,313.0,-35.57139587402344,-13.049884796142578,301.0,-37.117427825927734,13.322072982788086,302.0
7.410000063944608,0.5980545878410339,0.701238214969635,1.3231100126631645e-07,-38.08189392089844,-23.959781646728516,304.0,-39.20931625366211,-41.687538146972656,313.0,-35.689571380615234,-12.379312515258789,302.0,-36.52404022216797,14.082477569580078,303.0
7.468298543943092,0.5976270437240601,0.7005437612533569,1.3748083915743337e-07,-37.48614501953125,-24.759614944458008,305.0,-38.46938705444336,-42.42747116088867,313.0,-35.57139587402344,-13.049884796142578,301.0,-36.403499603271484,13.322072982788086,302.0
7.529350106837228,0.6005252003669739,0.7010072469711304,1.31464204855547e-07,-37.48614501953125,-24.759614944458008,305.0,-38.59229278564453,-42.563018798828125,314.0,-34.85982894897461,-13.049884796142578,301.0,-36.403499603271484,13.322072982788086,302.0
7.590202715015039,0.5987583994865417,0.7011850476264954,1.345978546396509e-07,-37.48614501953125,-24.759614944458008,305.0,-38.46938705444336,-41.687538146972656,313.0,-35.57139587402344,-12.338321685791016,301.0,-36.403499603271484,14.03600025177002,302.0
7.651615357026458,0.598486602306366,0.7014578580856323,1.389294368436822e-07,-37.36323928833008,-24.678436279296875,304.0,-38.46938705444336,-42.42747116088867,313.0,-34.85982894897461,-13.761448860168457,301.0,-35.689571380615234,11.894217491149902,302.0
7.7130524050444365,0.5968806147575378,0.7008168697357178,1.3752915606346505e-07,-36.76512145996094,-24.759614944458008,305.0,-37.84999465942383,-42.563018798828125,314.0,-34.975643157958984,-14.521095275878906,302.0,-35.689571380615234,11.894217491149902,302.0
7.77568198996596,0.598418116569519,0.7004374265670776,1.4725070229815174e-07,-36.64458084106445,-24.678436279296875,304.0,-37.84999465942383,-43.30531311035156,314.0,-34.14826965332031,-14.47301197052002,301.0,-35.57139587402344,11.143269538879395,301.0
7.836783839855343,0.5994412899017334,0.7004386186599731,1.4760792055312777e-07,-37.36323928833008,-25.397092819213867,304.0,-38.59229278564453,-44.04761505126953,314.0,-34.85982894897461,-15.184576034545898,301.0,-35.57139587402344,10.431707382202148,301.0
7.898970598820597,0.5976227521896362,0.7015974521636963,1.3248568109247572e-07,-37.36323928833008,-24.678436279296875,304.0,-38.59229278564453,-43.30531311035156,314.0,-35.57139587402344,-14.47301197052002,301.0,-35.57139587402344,11.143269538879395,301.0
7.958026592852548,0.5981401205062866,0.7018234729766846,1.47352182011673e-07,-37.36323928833008,-25.397092819213867,304.0,-38.59229278564453,-44.78990936279297,314.0,-35.57139587402344,-15.896139144897461,301.0,-36.282958984375,9.72014331817627,301.0
8.017645386047661,0.5976594686508179,0.7018324136734009,1.411694228181659e-07,-36.64458084106445,-24.678436279296875,304.0,-37.729454040527344,-43.90733337402344,313.0,-34.85982894897461,-15.896139144897461,301.0,-35.57139587402344,10.431707382202148,301.0
8.078027403913438,0.5988286733627319,0.7017822265625,1.4523232039209688e-07,-36.52404022216797,-24.597257614135742,303.0,-38.59229278564453,-44.04761505126953,314.0,-34.7440185546875,-15.13412857055664,300.0,-36.16241455078125,10.397049903869629,300.0
8.138159528840333,0.5989384055137634,0.7027404308319092,1.387656709539442e-07,-36.52404022216797,-24.597257614135742,303.0,-38.59229278564453,-44.78990936279297,314.0,-34.85982894897461,-15.896139144897461,301.0,-35.453216552734375,9.687850952148438,300.0
8.198737305821851,0.5986245274543762,0.7011597156524658,1.503637321320639e-07,-37.36323928833008,-25.397092819213867,304.0,-38.59229278564453,-44.78990936279297,314.0,-34.85982894897461,-15.896139144897461,301.0,-35.453216552734375,9.687850952148438,300.0
8.260119418846443,0.5990793108940125,0.7003494501113892,1.446961448436923e-07,-37.240333557128906,-25.31355094909668,303.0,-38.46938705444336,-44.64726638793945,313.0,-34.7440185546875,-16.552528381347656,300.0,-34.7440185546875,9.687850952148438,300.0
8.318814104888588,0.6002025604248047,0.7010763883590698,1.1292209478597215e-07,-36.52404022216797,-25.31355094909668,303.0,-38.46938705444336,-44.64726638793945,313.0,-34.7440185546875,-16.552528381347656,300.0,-34.628204345703125,8.948721885681152,299.0
8.380660875001922,0.599407970905304,0.7024095058441162,1.0608081169038996e-07,-37.240333557128906,-25.31355094909668,303.0,-38.46938705444336,-44.64726638793945,313.0,-34.7440185546875,-16.552528381347656,300.0,-35.33504104614258,9.655557632446289,299.0
8.441047242842615,0.6002699136734009,0.7008316516876221,1.210457440947721e-07,-36.403499603271484,-25.943933486938477,302.0,-38.59229278564453,-45.532203674316406,314.0,-34.628204345703125,-17.204187393188477,299.0,-34.628204345703125,8.948721885681152,299.0
8.500791106838733,0.5997588038444519,0.7005476951599121,1.3042082969150215e-07,-36.403499603271484,-26.657859802246094,302.0,-38.59229278564453,-47.01679229736328,314.0,-34.7440185546875,-19.389324188232422,300.0,-35.453216552734375,6.141853332519531,300.0
8.563613203819841,0.5982321500778198,0.7002191543579102,1.278580157304532e-07,-37.117427825927734,-26.657859802246094,302.0,-39.33458709716797,-47.759090423583984,314.0,-35.453216552734375,-19.389324188232422,300.0,-35.33504104614258,5.414545059204102,299.0
8.625890937866643,0.5989009141921997,0.6997181177139282,1.3422909717064613e-07,-36.99452209472656,-26.569589614868164,301.0,-39.33458709716797,-48.50138473510742,314.0,-35.33504104614258,-21.445199966430664,299.0,-35.33504104614258,4.0008745193481445,299.0
8.689456432824954,0.5982049703598022,0.6998299360275269,1.3619819583254866e-07,-36.99452209472656,-27.281152725219727,301.0,-39.45985412597656,-50.145164489746094,315.0,-35.453216552734375,-22.935321807861328,300.0,-35.33504104614258,2.5872035026550293,299.0
8.753540629986674,0.5991922616958618,0.6974811553955078,1.4279673621331312e-07,-36.99452209472656,-27.281152725219727,301.0,-39.45985412597656,-51.63448715209961,315.0,-35.453216552734375,-24.35371971130371,300.0,-34.51239013671875,1.1696077585220337,298.0
8.813574485015124,0.5976239442825317,0.6980243921279907,1.3207468896325736e-07,-36.16241455078125,-27.899717330932617,300.0,-40.20451354980469,-52.37914276123047,315.0,-36.16241455078125,-25.06292152404785,300.0,-35.92133331298828,0.46513643860816956,298.0
8.874378789914772,0.5991683602333069,0.6974184513092041,1.5022544630483026e-07,-36.87161636352539,-27.899717330932617,300.0,-41.07917022705078,-54.03947067260742,316.0,-36.041873931884766,-26.393047332763672,299.0,-35.09868621826172,-1.6427465677261353,297.0
8.934908453840762,0.5990146994590759,0.6979608535766602,1.4290138494743587e-07,-36.74871063232422,-28.513553619384766,299.0,-40.20451354980469,-54.61312484741211,315.0,-36.041873931884766,-27.806716918945312,299.0,-35.09868621826172,-2.3448541164398193,297.0
8.99554013600573,0.5990654826164246,0.6961902379989624,1.5558163113382761e-07,-35.92133331298828,-28.41819190979004,298.0,-40.076881408691406,-55.18204116821289,314.0,-35.33504104614258,-28.513553619384766,299.0,-34.28076171875,-3.736445665359497,296.0
9.055554823949933,0.5989875793457031,0.6972017884254456,1.5454948254500778e-07,-35.92133331298828,-29.122661590576172,298.0,-40.819175720214844,-57.4089241027832,314.0,-35.92133331298828,-31.2360782623291,298.0,-34.28076171875,-5.8356757164001465,296.0
9.113760674837977,0.5995388031005859,0.6958283185958862,1.673861049766856e-07,-36.502899169921875,-29.024934768676758,297.0,-42.43849563598633,-59.081077575683594,315.0,-36.74871063232422,-34.168235778808594,299.0,-34.980506896972656,-9.334392547607422,296.0
9.171811495907605,0.6000356674194336,0.6944007873535156,1.763474841709467e-07,-36.62580490112305,-29.82713508605957,298.0,-43.18315124511719,-60.570396423339844,315.0,-37.45554733276367,-35.5819091796875,299.0,-34.980506896972656,-10.733880043029785,296.0
9.236108914949,0.5999724864959717,0.6947755813598633,1.8593641470943112e-07,-36.62580490112305,-29.82713508605957,298.0,-42.707942962646484,-60.9549674987793,317.0,-37.45554733276367,-35.5819091796875,299.0,-35.55970764160156,-11.394996643066406,295.0
9.298221630975604,0.599628210067749,0.6949063539505005,2.0950419354903715e-07,-36.502899169921875,-28.32282829284668,297.0,-42.707942962646484,-60.20558166503906,317.0,-36.74871063232422,-36.28874588012695,299.0,-34.16495132446289,-12.789754867553711,295.0
9.360913075041026,0.6012355089187622,0.6948811411857605,2.165687220667678e-07,-36.502899169921875,-28.32282829284668,297.0,-42.707942962646484,-60.9549674987793,317.0,-36.74871063232422,-36.99557876586914,299.0,-34.16495132446289,-13.487133979797363,295.0
9.423355487873778,0.5996469259262085,0.6935676336288452,2.2623359541285026e-07,-37.07973861694336,-28.22746467590332,296.0,-43.457332611083984,-61.70436096191406,317.0,-37.45554733276367,-38.40924835205078,299.0,-34.980506896972656,-15.632083892822266,296.0
9.480828752042726,0.5992462635040283,0.6941770911216736,2.4133240117407695e-07,-37.07973861694336,-28.22746467590332,296.0,-43.32024002075195,-61.509708404541016,316.0,-37.45554733276367,-39.82292175292969,299.0,-34.86233139038086,-17.671409606933594,295.0
9.540497662033886,0.599719762802124,0.6951742768287659,2.407191459496971e-07,-37.20500564575195,-28.32282829284668,297.0,-43.32024002075195,-63.003753662109375,316.0,-36.87161636352539,-42.08370590209961,300.0,-34.16495132446289,-19.7635498046875,295.0
9.598971931030974,0.5991988778114319,0.6935005784034729,2.57489176647141e-07,-37.07973861694336,-28.22746467590332,296.0,-43.457332611083984,-63.952518463134766,317.0,-36.99452209472656,-45.07023620605469,301.0,-33.58102035522461,-23.329261779785156,296.0
9.656723042950034,0.5994542241096497,0.6953674554824829,2.8611489710783644e-07,-36.3799934387207,-27.527721405029297,296.0,-43.457332611083984,-64.701904296875,317.0,-37.83135223388672,-48.789608001708984,302.0,-34.980506896972656,-28.22746467590332,296.0
9.719390069833025,0.5985574126243591,0.6958391070365906,3.2214157386079023e-07,-36.25708770751953,-26.039962768554688,295.0,-43.18315124511719,-65.0383529663086,315.0,-37.83135223388672,-52.359249114990234,302.0,-34.396575927734375,-34.64179611206055,297.0
9.77994632604532,0.5999265909194946,0.6984856128692627,3.5012962484870513e-07,-40.50190734863281,-30.453380584716797,336.0,-43.18315124511719,-66.52767181396484,315.0,-39.38920211791992,-56.114078521728516,303.0,-36.62580490112305,-39.689735412597656,298.0
9.839501505950466,0.601508617401123,0.6986461877822876,3.574043887510925e-07,-40.74298858642578,-29.835617065429688,338.0,-42.951637268066406,-65.77738952636719,308.0,-40.634944915771484,-62.66083526611328,307.0,-36.74871063232422,-46.18444061279297,299.0
9.90305252186954,0.5989829301834106,0.6994123458862305,3.7217682802292984e-07,-39.825782775878906,-29.747346878051758,337.0,-42.0864372253418,-66.2895736694336,307.0,-41.2259635925293,-63.18011474609375,306.0,-38.16238021850586,-48.3049430847168,299.0
9.964599804021418,0.6000487804412842,0.6995124816894531,3.8070305663495674e-07,-39.825782775878906,-29.747346878051758,337.0,-42.0864372253418,-66.2895736694336,307.0,-40.50258255004883,-63.18011474609375,306.0,-37.45554733276367,-48.3049430847168,299.0
10.024588401895016,0.5993537902832031,0.7013871669769287,3.8454902551166015e-07,-39.9439582824707,-29.036588668823242,338.0,-41.94934844970703,-64.62687683105469,306.0,-40.50258255004883,-64.62687683105469,306.0,-37.45554733276367,-51.132286071777344,299.0
10.08515837485902,0.5975079536437988,0.7001940011978149,3.8599702634201094e-07,-39.825782775878906,-29.747346878051758,337.0,-41.94934844970703,-65.35026550292969,306.0,-40.50258255004883,-65.35026550292969,306.0,-37.45554733276367,-51.132286071777344,299.0
10.14563219086267,0.5990996360778809,0.7020697593688965,4.018624508717039e-07,-39.14492416381836,-29.036588668823242,338.0,-41.94934844970703,-64.62687683105469,306.0,-40.50258255004883,-66.07364654541016,306.0,-36.87161636352539,-54.14009475708008,300.0
10.203773807967082,0.5993449687957764,0.7027652859687805,4.1093781533163565e-07,-39.14492416381836,-29.036588668823242,338.0,-41.812259674072266,-64.41567993164062,305.0,-40.50258255004883,-66.79703521728516,306.0,-36.87161636352539,-54.84929275512695,300.0
10.264006688026711,0.5997185111045837,0.7024492025375366,3.9273200513889606e-07,-39.14492416381836,-27.43852424621582,338.0,-40.95651626586914,-62.767173767089844,304.0,-39.649200439453125,-65.85771942138672,305.0,-36.16241455078125,-55.558494567871094,300.0
10.323747667018324,0.5988848209381104,0.7014070749282837,4.1152691210299963e-07,-39.14492416381836,-28.237558364868164,338.0,-41.09123992919922,-63.694664001464844,305.0,-40.50258255004883,-66.07364654541016,306.0,-37.580814361572266,-55.558494567871094,300.0
10.384880697820336,0.599328875541687,0.7004607915878296,4.084120348579745e-07,-39.14492416381836,-28.237558364868164,338.0,-42.393821716308594,-64.20448303222656,304.0,-40.37022018432617,-66.57874298095703,305.0,-36.282958984375,-56.45525360107422,301.0
10.447685512015596,0.597758948802948,0.7000167369842529,4.286686134946649e-07,-38.34589385986328,-29.036588668823242,338.0,-39.97313690185547,-62.35423278808594,302.0,-41.09123992919922,-67.29975891113281,305.0,-39.129207611083984,-59.30150604248047,301.0
10.507680541835725,0.5975452661514282,0.7008442878723145,4.3093425006190955e-07,-38.34589385986328,-28.237558364868164,338.0,-39.97313690185547,-61.64030075073242,302.0,-41.09123992919922,-67.29975891113281,305.0,-39.84077453613281,-60.724632263183594,301.0
10.567370913922787,0.5979503393173218,0.7013444900512695,4.221706433327199e-07,-38.34589385986328,-28.237558364868164,338.0,-39.97313690185547,-61.64030075073242,302.0,-41.2259635925293,-68.2437973022461,306.0,-40.68706512451172,-61.64030075073242,302.0
10.62671812204644,0.5974829196929932,0.7013824582099915,4.3986187847622205e-07,-39.260738372802734,-29.122495651245117,339.0,-41.4009895324707,-62.35423278808594,302.0,-42.6727294921875,-69.69056701660156,306.0,-40.68706512451172,-62.35423278808594,302.0
10.687651075888425,0.5941931009292603,0.7004393339157104,4.562671449548361e-07,-40.062137603759766,-29.92388916015625,339.0,-42.254371643066406,-64.7095718383789,303.0,-43.82156753540039,-71.83475494384766,309.0,-39.97313690185547,-62.35423278808594,302.0
10.745210406836122,0.594958484172821,0.7009884715080261,4.785206328961067e-07,-40.062137603759766,-29.92388916015625,339.0,-43.686954498291016,-65.42586517333984,303.0,-43.82156753540039,-74.02618408203125,309.0,-39.519203186035156,-66.3604507446289,304.0
10.803455563960597,0.5934557914733887,0.7015995979309082,4.963705464433588e-07,-40.18031311035156,-29.208402633666992,340.0,-41.9754638671875,-63.570884704589844,301.0,-43.679752349853516,-74.51472473144531,308.0,-41.6751708984375,-69.95372772216797,304.0
10.863986480049789,0.5939120054244995,0.7002079486846924,4.9044359684558e-07,-40.062137603759766,-29.122495651245117,339.0,-41.26390075683594,-64.2824478149414,301.0,-43.537933349609375,-74.27279663085938,307.0,-42.11491775512695,-68.0656509399414,302.0
10.92591298604384,0.5938081741333008,0.7013422250747681,4.90456272927986e-07,-39.37655258178711,-29.208402633666992,340.0,-40.552337646484375,-62.85932159423828,301.0,-43.25429916381836,-73.06791687011719,305.0,-42.8288459777832,-69.4935073852539,302.0
10.985169898951426,0.5946788191795349,0.699676513671875,5.203636987971549e-07,-40.062137603759766,-29.122495651245117,339.0,-41.9754638671875,-62.85932159423828,301.0,-43.975318908691406,-73.06791687011719,305.0,-42.11491775512695,-69.4935073852539,302.0
11.04500734503381,0.5957892537117004,0.7009554505348206,4.987718966731336e-07,-39.37655258178711,-29.208402633666992,340.0,-43.81161880493164,-66.77692413330078,331.0,-42.970664978027344,-71.87248992919922,303.0,-44.40324401855469,-72.58878326416016,303.0
11.104087566956878,0.5945018529891968,0.7000397443771362,4.990249067304831e-07,-40.18031311035156,-28.404644012451172,340.0,-44.07633972167969,-64.03156280517578,333.0,-42.970664978027344,-70.43990325927734,303.0,-45.417354583740234,-75.23097229003906,305.0
11.165076779900119,0.5938288569450378,0.7002416849136353,5.072330395705649e-07,-40.18031311035156,-29.208402633666992,340.0,-43.28912353515625,-64.03156280517578,333.0,-43.3961181640625,-71.86071014404297,306.0,-45.987098693847656,-76.42162322998047,304.0
11.224060815991834,0.5930158495903015,0.7009433507919312,5.227378210292954e-07,-40.18031311035156,-29.208402633666992,340.0,-43.41912078857422,-63.43427276611328,334.0,-44.53065490722656,-73.73942565917969,314.0,-46.9564094543457,-77.80215454101562,301.0
11.284254068974406,0.5937339663505554,0.6992884874343872,5.345274303181213e-07,-40.18031311035156,-29.208402633666992,340.0,-43.41912078857422,-62.64469909667969,334.0,-45.239742279052734,-74.91361999511719,319.0,-47.667972564697266,-79.22527313232422,301.0
11.344029475934803,0.5934295654296875,0.6993546485900879,5.567711127696384e-07,-40.298492431640625,-29.294309616088867,341.0,-43.41912078857422,-62.64469909667969,334.0,-45.12876892089844,-74.98445129394531,313.0,-48.928009033203125,-82.50806427001953,300.0
11.40568940504454,0.5920722484588623,0.6981552839279175,5.70113911635417e-07,-40.18031311035156,-28.404644012451172,340.0,-43.41912078857422,-61.06554412841797,334.0,-46.01524353027344,-75.96631622314453,314.0,-49.47174835205078,-86.47405242919922,299.0
11.467236697906628,0.5929814577102661,0.6984268426895142,5.813187726744218e-07,-40.98406982421875,-29.208402633666992,340.0,-44.208702087402344,-61.855125427246094,334.0,-46.16178894042969,-76.9529037475586,315.0,-48.764915466308594,-87.18089294433594,299.0
11.529471389018,0.5931638479232788,0.6976821422576904,5.996691356813244e-07,-40.98406982421875,-29.208402633666992,340.0,-43.41912078857422,-63.43427276611328,334.0,-45.70549392700195,-78.94026947021484,317.0,-48.764915466308594,-90.00823211669922,299.0
11.590787403983995,0.5933998227119446,0.6985116600990295,6.182573883961595e-07,-40.98406982421875,-29.208402633666992,340.0,-44.208702087402344,-64.22384643554688,334.0,-46.60142517089844,-81.44454956054688,318.0,-49.47174835205078,-92.83557891845703,299.0
11.648548475001007,0.5944256782531738,0.6967288255691528,6.7412418047752e-07,-40.98406982421875,-30.01215934753418,340.0,-44.07633972167969,-66.39319610595703,333.0,-46.30833435058594,-84.66743469238281,316.0,-49.96812057495117,-99.47846221923828,302.0
11.705447007901967,0.5926495790481567,0.6996290683746338,6.793101192670292e-07,-40.863529205322266,-29.92388916015625,339.0,-44.86355209350586,-67.96761322021484,333.0,-46.01524353027344,-86.35844421386719,314.0,-50.514225006103516,-101.99530792236328,301.0
11.76508100097999,0.593980073928833,0.698204517364502,6.886224923619011e-07,-40.863529205322266,-29.92388916015625,339.0,-44.86355209350586,-67.18040466308594,333.0,-46.16178894042969,-86.63346862792969,315.0,-50.68204879760742,-102.33416748046875,302.0
11.827973503852263,0.593267560005188,0.6987982988357544,6.875802682770882e-07,-41.6649284362793,-30.72528648376465,339.0,-44.728824615478516,-68.5483627319336,332.0,-46.90644836425781,-88.12279510498047,315.0,-50.84986877441406,-104.82189178466797,303.0
11.88844503602013,0.5940713286399841,0.6979767084121704,6.911789114383282e-07,-40.74298858642578,-31.43368148803711,338.0,-44.728824615478516,-69.33320617675781,332.0,-47.05535888671875,-89.14956665039062,316.0,-51.566158294677734,-105.53817749023438,303.0
11.95092999190092,0.5949251651763916,0.697968602180481,6.936948011571076e-07,-40.863529205322266,-31.52667999267578,339.0,-44.728824615478516,-70.11804962158203,332.0,-47.05535888671875,-90.64362335205078,316.0,-51.73634338378906,-108.0424575805664,304.0
12.015132948989049,0.5944028496742249,0.6974114179611206,7.096061835909495e-07,-40.863529205322266,-31.52667999267578,339.0,-44.728824615478516,-70.11804962158203,332.0,-47.95365524291992,-91.67984771728516,317.0,-52.80009841918945,-110.20002746582031,306.0
12.077909458894283,0.5964009761810303,0.6990509033203125,7.20386026387132e-07,-40.74298858642578,-31.43368148803711,338.0,-44.59410095214844,-71.4718246459961,331.0,-47.95365524291992,-93.17862701416016,317.0,-52.62754821777344,-111.28194427490234,305.0
12.142243799986318,0.5952502489089966,0.6984293460845947,7.197878062470409e-07,-40.74298858642578,-32.23271179199219,338.0,-45.376583099365234,-72.25430297851562,331.0,-47.95365524291992,-93.92801666259766,317.0,-52.80009841918945,-112.37017822265625,306.0
12.204162450972944,0.5950934290885925,0.6981151103973389,7.212829586933367e-07,-40.74298858642578,-32.23271179199219,338.0,-44.59410095214844,-71.4718246459961,331.0,-47.95365524291992,-93.17862701416016,317.0,-52.80009841918945,-112.37017822265625,306.0
12.265863168984652,0.5951011776924133,0.6972388029098511,7.346002917074657e-07,-40.74298858642578,-32.23271179199219,338.0,-45.376583099365234,-71.4718246459961,331.0,-48.70304489135742,-93.17862701416016,317.0,-52.62754821777344,-112.00296020507812,305.0
12.327800575876608,0.5947315692901611,0.6974485516548157,7.461985660484061e-07,-40.6224479675293,-31.340681076049805,337.0,-45.23949432373047,-72.03601837158203,330.0,-48.549407958984375,-93.6317138671875,316.0,-52.62754821777344,-113.44499206542969,305.0
12.387979171937332,0.5963444113731384,0.6977512836456299,7.437606655003037e-07,-41.542022705078125,-31.43368148803711,338.0,-46.15906524658203,-71.4718246459961,331.0,-48.70304489135742,-93.92801666259766,317.0,-53.69839859008789,-114.18889617919922,307.0
12.448042464908212,0.5949692726135254,0.6986745595932007,7.452169370480988e-07,-41.6649284362793,-31.52667999267578,339.0,-46.15906524658203,-72.25430297851562,331.0,-48.70304489135742,-94.67740631103516,317.0,-53.69839859008789,-114.18889617919922,307.0
12.50576502084732,0.5941441655158997,0.6986775398254395,7.328867468459066e-07,-41.6649284362793,-31.52667999267578,339.0,-46.298519134521484,-72.47259521484375,332.0,-49.60843276977539,-94.22431945800781,318.0,-53.87331008911133,-114.56084442138672,308.0
12.565686529967934,0.5952937006950378,0.6993185877799988,7.306012435037701e-07,-41.6649284362793,-30.72528648376465,339.0,-46.298519134521484,-71.68775177001953,332.0,-48.85668182373047,-94.22431945800781,318.0,-54.04822540283203,-114.20233154296875,309.0
12.622820297954604,0.5934841632843018,0.7008546590805054,7.407509770018805e-07,-41.6649284362793,-30.72528648376465,339.0,-47.083370208740234,-71.68775177001953,332.0,-49.764434814453125,-93.7665023803711,319.0,-54.7786979675293,-114.20233154296875,309.0
12.684812620980665,0.5943292379379272,0.7011392116546631,7.469312777175219e-07,-42.4663200378418,-29.92388916015625,339.0,-47.22518539428711,-71.11646270751953,333.0,-50.36018371582031,-94.22431945800781,318.0,-55.50917434692383,-114.93280029296875,309.0
12.744610460940748,0.595797598361969,0.7011107206344604,7.391862482108991e-07,-41.6649284362793,-30.72528648376465,339.0,-47.083370208740234,-71.68775177001953,332.0,-49.60843276977539,-94.22431945800781,318.0,-54.7786979675293,-114.93280029296875,309.0
12.803856323007494,0.5946609377861023,0.7005926370620728,7.543010838162445e-07,-41.6649284362793,-30.72528648376465,339.0,-47.083370208740234,-71.68775177001953,332.0,-50.51854705810547,-94.52062225341797,319.0,-55.50917434692383,-114.93280029296875,309.0
12.862592859892175,0.5940108299255371,0.7018393874168396,7.469348588529101e-07,-41.6649284362793,-29.92388916015625,339.0,-46.941551208496094,-71.4718246459961,331.0,-50.51854705810547,-94.52062225341797,319.0,-55.50917434692383,-114.93280029296875,309.0
12.91957464395091,0.5954152345657349,0.7013965845108032,7.615055892529199e-07,-41.6649284362793,-29.92388916015625,339.0,-47.083370208740234,-70.90290069580078,332.0,-50.36018371582031,-93.47256469726562,318.0,-56.239646911621094,-114.20233154296875,309.0
12.978126413887367,0.5943233370780945,0.7034140825271606,7.451241117450991e-07,-42.4663200378418,-29.122495651245117,339.0,-47.083370208740234,-70.90290069580078,332.0,-51.111934661865234,-93.47256469726562,318.0,-56.239646911621094,-114.20233154296875,309.0
13.038180880015716,0.5946515798568726,0.7022256851196289,7.44761507576186e-07,-42.4663200378418,-29.122495651245117,339.0,-47.083370208740234,-70.90290069580078,332.0,-51.111934661865234,-93.47256469726562,318.0,-56.057640075683594,-113.8327407836914,308.0
13.100706093013287,0.5930334329605103,0.702799916267395,7.520891927015327e-07,-42.4663200378418,-29.122495651245117,339.0,-48.01239776611328,-70.32925415039062,333.0,-51.27266311645508,-93.7665023803711,319.0,-56.97012710571289,-113.47184753417969,309.0
13.160830904962495,0.5932192802429199,0.7050350904464722,7.465806675099884e-07,-42.4663200378418,-28.32110023498535,339.0,-47.86821365356445,-70.11804962158203,332.0,-52.02678298950195,-93.7665023803711,319.0,-57.700599670410156,-114.20233154296875,309.0
13.22817914490588,0.593475878238678,0.7028234004974365,7.470920877494791e-07,-42.4663200378418,-29.122495651245117,339.0,-47.86821365356445,-70.90290069580078,332.0,-52.02678298950195,-93.7665023803711,319.0,-57.700599670410156,-114.20233154296875,309.0
13.290259868837893,0.5933718681335449,0.6990487575531006,7.583080900985806e-07,-42.591590881347656,-30.01215934753418,340.0,-48.01239776611328,-71.11646270751953,333.0,-52.02678298950195,-94.52062225341797,319.0,-57.887332916259766,-115.30474853515625,310.0
13.350825292989612,0.5949694514274597,0.6999417543411255,7.496507237192418e-07,-42.71685791015625,-30.100431442260742,341.0,-48.01239776611328,-71.11646270751953,333.0,-52.18987274169922,-94.06044006347656,320.0,-58.074066162109375,-114.9415054321289,311.0
13.40952453785576,0.593635082244873,0.6985228061676025,7.500165111196111e-07,-43.52298355102539,-30.100431442260742,341.0,-48.94615173339844,-72.1196060180664,334.0,-53.11180877685547,-95.11322784423828,321.0,-58.809268951416016,-115.67669677734375,311.0
13.468663723906502,0.5941662788391113,0.6992747783660889,7.532309496127709e-07,-43.65061569213867,-30.188701629638672,342.0,-48.94615173339844,-72.1196060180664,334.0,-52.946353912353516,-94.81692504882812,320.0,-58.809268951416016,-115.67669677734375,311.0
13.526427089935169,0.5922203660011292,0.6996856927871704,7.470089258276857e-07,-43.52298355102539,-30.100431442260742,341.0,-49.58681869506836,-71.90367889404297,333.0,-53.11180877685547,-95.11322784423828,321.0,-58.809268951416016,-115.67669677734375,311.0
13.584217136958614,0.5934732556343079,0.6980113387107849,7.625740181538276e-07,-43.52298355102539,-30.100431442260742,341.0,-48.79960632324219,-72.69088745117188,333.0,-52.946353912353516,-95.57341003417969,320.0,-58.99836730957031,-117.52379608154297,312.0
13.645225205924362,0.5934601426124573,0.6981145143508911,7.665022394576226e-07,-43.52298355102539,-30.100431442260742,341.0,-47.86821365356445,-71.68775177001953,332.0,-52.18987274169922,-95.57341003417969,320.0,-58.260799407958984,-116.78622436523438,312.0
13.705143448896706,0.5945372581481934,0.6968564987182617,7.65373727062979e-07,-43.52298355102539,-30.90655517578125,341.0,-48.01239776611328,-71.90367889404297,333.0,-52.35296630859375,-95.8720703125,321.0,-58.447532653808594,-117.90047454833984,313.0
13.763743572868407,0.5937132835388184,0.6964648365974426,7.704271069997048e-07,-43.65061569213867,-30.188701629638672,342.0,-47.86821365356445,-72.47259521484375,332.0,-52.35296630859375,-96.63091278076172,321.0,-58.447532653808594,-118.64039611816406,313.0
13.821903494885191,0.5954715013504028,0.6996573209762573,7.672264814573282e-07,-43.77824783325195,-29.466123580932617,343.0,-48.79960632324219,-71.11646270751953,333.0,-52.35296630859375,-95.11322784423828,321.0,-59.18746566772461,-117.16053771972656,313.0
13.882050850894302,0.5988977551460266,0.7018455266952515,7.561963570879016e-07,-43.77824783325195,-27.844419479370117,343.0,-48.156578063964844,-69.7508773803711,334.0,-52.51605987548828,-94.6483154296875,322.0,-58.6342658996582,-116.05026245117188,314.0
13.940494000911713,0.5993110537528992,0.7069011926651001,7.630948744008492e-07,-42.96739959716797,-25.411867141723633,343.0,-47.22518539428711,-67.96761322021484,333.0,-51.75484848022461,-92.36470031738281,322.0,-58.82099914550781,-114.18586730957031,315.0
14.001280182041228,0.5997607707977295,0.706017017364502,7.703480378040695e-07,-42.96739959716797,-25.411867141723633,343.0,-47.22518539428711,-67.18040466308594,333.0,-50.99364471435547,-91.6034927368164,322.0,-58.07634353637695,-114.18586730957031,315.0
14.06316610891372,0.6003307700157166,0.7053031921386719,7.746314167889068e-07,-43.09266662597656,-24.67273712158203,344.0,-46.43796920776367,-66.39319610595703,333.0,-50.99364471435547,-91.6034927368164,322.0,-57.33168029785156,-113.44120788574219,315.0
14.127895795041695,0.6005425453186035,0.7038625478744507,7.802593131600588e-07,-42.96739959716797,-25.411867141723633,343.0,-46.43796920776367,-67.18040466308594,333.0,-50.99364471435547,-92.36470031738281,322.0,-56.94630432128906,-115.66024780273438,317.0
14.191109379986301,0.5992343425750732,0.7018537521362305,7.797130479048064e-07,-43.9058837890625,-25.48595428466797,344.0,-47.22518539428711,-67.96761322021484,333.0,-50.23243713378906,-93.12590789794922,322.0,-56.19691848754883,-116.40962982177734,317.0
14.25468386290595,0.5983056426048279,0.7004349231719971,7.810762667759263e-07,-44.03351593017578,-26.375619888305664,345.0,-47.22518539428711,-68.75482940673828,333.0,-50.99364471435547,-93.88711547851562,322.0,-56.94630432128906,-117.15902709960938,317.0
14.318987444974482,0.598231315612793,0.6997736692428589,7.739417924312875e-07,-44.84909439086914,-26.375619888305664,345.0,-47.22518539428711,-68.75482940673828,333.0,-51.75484848022461,-93.12590789794922,322.0,-57.6956901550293,-116.40962982177734,317.0
