time_count,THUMB_3,THUMB_2,THUMB_1,INDEX_3,INDEX_2,INDEX_1,MIDDLE_3,MIDDLE_2,MIDDLE_1,RING_3,RING_2,RING_1,PINKY_3,PINKY_2,PINKY_1
0.2225076149989036,nan,nan,nan,nan,nan,nan,nan,nan,nan,nan,nan,nan,nan,nan,nan
0.4025839949990768,nan,nan,nan,nan,nan,nan,nan,nan,nan,nan,nan,nan,nan,nan,nan
0.43223749099888664,nan,nan,nan,nan,nan,nan,nan,nan,nan,nan,nan,nan,nan,nan,nan
0.4578099229984218,nan,nan,nan,nan,nan,nan,nan,nan,nan,nan,nan,nan,nan,nan,nan
0.48856874000011885,nan,nan,nan,nan,nan,nan,nan,nan,nan,nan,nan,nan,nan,nan,nan
0.5153541239997139,nan,nan,nan,nan,nan,nan,nan,nan,nan,nan,nan,nan,nan,nan,nan
0.5432567119987652,nan,nan,nan,nan,nan,nan,nan,nan,nan,nan,nan,nan,nan,nan,nan
0.5705746909989102,nan,nan,nan,nan,nan,nan,nan,nan,nan,nan,nan,nan,nan,nan,nan
0.5986940959992353,nan,nan,nan,nan,nan,nan,nan,nan,nan,nan,nan,nan,nan,nan,nan
0.6233790339992993,nan,nan,nan,nan,nan,nan,nan,nan,nan,nan,nan,nan,nan,nan,nan
0.6496788339991326,nan,nan,nan,nan,nan,nan,nan,nan,nan,nan,nan,nan,nan,nan,nan
0.6777041829991504,nan,nan,nan,nan,nan,nan,nan,nan,nan,nan,nan,nan,nan,nan,nan
0.7284513659997174,2.8599892752556286,9.474048347619856,94.9933015049772,98.50373760609807,nan,nan,21.973747550805882,15.664095684875605,86.57331494534361,4.386091947821313,19.192803866326585,1.0933310658402036,18.81228011587214,31.14342065066637,4.633723924307418
0.7692068749984173,11.692113815601033,5.187884854460123,16.240422026054745,101.17206100595837,nan,nan,22.298311073353943,18.735305615416138,83.65487004629394,5.72518118667702,20.49347019511768,1.1360159317381715,19.48010493990307,28.011556394072045,7.4375345024740795
0.8111507089997758,8.702163425924965,0.007874033167183825,8.690469546548485,19.26635960677129,24.330152854043547,89.21188186165327,19.318781727330077,22.111757325819525,44.06774113405888,9.89692145063401,20.214184996949342,5.30992273723848,13.295900294093826,30.373421915680638,10.73065215260553
0.8541682009999931,6.716946015038673,4.925881965393415,1.7614220210851954,21.78662322491678,94.83136006860337,nan,18.73091118137262,18.502901080339683,42.26683592261264,9.208930055734015,20.61436951884062,3.8751952948253177,11.561886024851816,33.512058494171015,6.537081381435655
0.893911532999482,8.228409528296652,0.07499262743885993,10.46310851858891,23.987278003016172,94.24627222120692,nan,18.6998622702601,21.410425883294607,39.04189686922203,9.03106661541085,22.906936050044436,7.247514926377164,13.338552966879831,34.99823767568725,10.630180319409476
0.9501008329989418,4.84629947332499,4.354241926822567,1.6079048894845016,21.925036574550518,95.29138104508213,nan,19.204337303928753,22.759444180400834,40.692658646976355,9.491121838259374,21.971933680078507,6.304026713980079,10.101981223009005,34.06673888598212,8.251348664580775
0.9729534629987029,6.73821738885141,2.2865926741059184,2.743632712650111,22.340230434879942,56.49076581050976,69.09283268922967,19.189725257624758,23.454662257898974,42.288876060768445,9.98718825043008,23.93174034606548,5.914159206875809,9.680518234330066,34.50224379644263,10.45589027346719
1.0294629119998717,6.9031373878762,4.66100916126004,4.925086860079318,23.42898921983172,95.2290375066106,nan,19.82638253198897,21.908083451664652,44.58909825406914,10.580762278049832,23.186515589960948,9.13090284777897,10.580835358867716,31.02421008878008,6.459115128177729
1.0526609709995682,5.106077455492596,3.6310204428664576,2.6274783299236333,26.364265841345883,91.9899013412695,nan,19.51861904845083,20.776839958339366,41.0621154336298,11.392652475270495,21.4014541943302,8.70570881947279,11.908329534989406,34.37605075637151,13.984227122730829
1.1098446839987446,8.45601159879115,2.6083518091773215,0.5080291964347055,24.636940677367534,93.1907676158486,nan,19.43086133353347,23.68748607082381,43.72201256466235,9.467394294173403,23.088337381381535,6.82294913416942,12.951595095198257,32.422606633421566,10.713148634606938
1.1338568219998706,7.137494640242096,7.334453331060445,8.255028928872036,22.60978529762312,93.58462337024653,nan,17.91643989671013,24.163546550333393,42.689509991745524,8.733009524145615,25.421412315139122,11.021594046273577,12.803064174010217,29.44807552335621,6.683387582943311
1.1889954779999243,6.711839068127347,6.589584484699628,0.045525870077199215,24.153830895709262,94.10530988915261,nan,20.886304753963515,22.123405970614584,38.82957743421096,11.11025374160414,19.430849950148684,1.407006293333211,12.642447790708246,33.04829901961128,10.625288421131131
1.213099816999602,6.756156735761522,2.1569482464095415,3.1056172418832944,22.49911373640552,94.71850202988028,nan,19.06454973455382,21.82866260408997,37.60439340535672,8.63615089712792,23.296481215993197,7.236049785530781,13.57106224001356,28.962785539428523,8.017888759952683
1.2685949339993385,6.827822412468095,0.05733872849245358,2.0524519813203597,21.49084603593235,44.270861473304194,82.00871754808499,18.546833368270057,22.551652298306493,39.629161352529934,8.749538970450118,23.834850199837632,7.371908493720525,11.111758696000635,35.63592286478149,9.606588442589782
1.290725945998929,6.335751764440403,1.3064873244422586,6.467093786772864,22.443113726480078,55.80967044908576,75.10571791462564,17.79126641314906,25.825575682883738,41.88965765761563,11.946602227845204,19.022415025756032,6.792188203903066,13.492232204955712,32.40770442590002,12.002061662908972
1.3468555899999046,1.4076217182743846,1.8910042425301867,1.4625473321841014,20.292975553972695,52.66541213676061,72.01933132287459,16.649077235780766,21.582689496551353,35.940618203622364,8.099104971773386,21.086479789129584,9.617221502788396,17.1516322812939,26.55474862302836,10.809188160662103
1.3704301869984192,4.512845640877657,4.995671802565482,109.0113898599272,18.557400129254063,49.47159412926172,75.02741192224153,14.26892065179598,17.147728335460755,44.64964066966695,8.138891994602432,25.144984206240707,11.633086987392716,17.757166996991288,33.82864575281647,10.163137040279537
1.410197444000005,10.726587808495793,10.327315485091106,110.11879278318537,13.97433001649523,36.33174358181708,28.327657930303502,10.706341398998717,21.818334713762624,33.048848379190815,7.459435863013766,23.330461795263744,6.46743870492017,17.42198836585237,32.23411815727519,16.430908798212982
1.4521403629987617,14.526708639977329,6.278317524907891,23.32168103179967,14.540343546830456,23.478097874964647,43.64169568540623,10.938978197597862,18.773592114311697,22.164102412386313,7.5731139687169104,21.419352033685755,4.770647848660843,14.253377980208228,36.14810751411699,12.429517786945013
1.494123831998877,20.05836320090316,20.8806978630719,118.78409676320544,11.886027611896225,19.621928781642453,48.83598759758962,7.848629731123083,20.298527373356393,11.599027523503423,8.228237251561495,21.97022241482651,11.247773747732566,14.645488103803899,32.7470964666752,5.582198355025781
1.5344376619996183,14.700792040985903,87.71627930836877,nan,8.798416232685042,20.184076918748616,50.25845326259204,6.711018398183626,21.40926334083622,2.030455895824929,6.738284385613241,24.141136564525283,8.018152286287403,11.515418890772764,34.045325640082666,5.272474657340837
1.5749627169989253,17.868648292189874,9.285098273907408,11.703719417968102,11.407139464226674,14.432796113736117,53.364961280793025,7.416588974887333,16.814050545803326,3.106417415987579,7.291524321499395,24.96704288140046,12.726963685796846,12.072689275143915,29.771489306535017,72.91824937692586
1.6167312939996918,24.012277524087125,1.543777246663467,15.190419840486243,9.130149988824172,15.851537697280577,33.50797208400027,7.908578407302855,23.8346060864925,8.316582919876566,8.161177672521347,23.5777106694008,6.026288163643102,13.696205767805594,26.270618342734622,6.530461251557256
1.6571897979993082,23.69573327306142,15.904299657954226,13.80536767440256,10.87781285912331,18.978789837461278,13.307384561386101,11.750205031205581,21.9904579534126,6.722185539160051,5.352168584798136,29.378434200111172,11.337356377082216,12.97434642394063,26.253778891400827,1.9891481717174884
1.6969971629987413,25.45305240769946,16.2730059305363,18.097789251826157,12.217802697360867,16.160597909946745,9.700870790963108,10.986039378711922,18.566718465757248,2.3616198268114488,5.44900915948736,28.053020439959255,12.983123551463962,12.96766416299829,29.571062301983034,1.9579763173940137
1.7376850479995483,25.659944662871567,16.188333320283732,14.663939302198031,9.412352750926857,18.327045884038228,4.662956928633264,10.659298925127331,22.366086407697168,6.976732232350173,6.74109727754265,24.63555856597017,9.633569992172028,11.372535423085168,33.1437197235922,9.830635449711906
1.780834696999591,25.331417428718538,14.288950046981114,12.35199957456092,10.325194159847001,16.023529096482036,6.394422704047827,9.524525745961029,23.911526768652294,5.129151351161795,7.731827287760893,19.368114248518594,5.457908544699734,11.742150449529191,28.560930362592558,10.629334211424009
1.82173251399945,24.216605473615857,16.10342590878409,13.303474597423701,10.530540081633319,16.471601652941388,4.185100832256893,8.2621249742013,23.919806275477498,6.6134074569023085,7.245302024134389,24.194985446167692,10.373208061430574,14.324680154839257,27.2805466857927,74.5883556790371
1.862141931998849,25.119114311962875,17.048768437952646,16.565423213871554,11.930219530530877,15.653660197316896,8.81369356455835,9.28605301639297,23.007835075254775,9.176035407024528,8.622245809355036,19.38127588332631,2.5408981655432115,12.21952529546354,24.461213945459207,77.06906876480848
1.9040306739989319,24.948199765928024,20.360936887426277,21.950427948633887,13.679373534399275,11.346778534197881,87.1838085665641,15.038379522270759,14.342763358922241,3.0824150830967483,12.431502114840328,19.577027826271745,10.413277927416914,10.871409428531166,30.831174245909438,69.95697844919135
1.94473386899881,24.754590805387863,16.00197937709217,18.605319541540922,11.801932587144904,14.167084045774118,88.876589365148,10.858271450683077,18.204195709514522,4.21350001098557,10.939466643477374,95.39281661047626,171.03569750940835,15.205706467634997,21.92442074707853,74.95750529774938
1.9855621999995492,24.65560821297285,16.164825399536994,18.384269327808454,13.58723872764557,11.200048111144781,5.226571558923865,12.438838151500704,16.195629402226757,5.4606656067823565,12.42557731497672,19.005808143865977,11.95351745433831,14.312575567964217,32.38608879946611,17.270962978990724
2.025400455999261,23.518973330506952,17.095208921678648,22.838258837487302,12.444540715316862,13.622588016180629,90.13536957851221,9.558019442280226,15.793539213200546,89.06592363989107,11.785609867794165,20.67575753834012,11.710703305469508,13.663909217205628,28.92375851254002,70.2394240183495
2.0673062919995573,23.866189289286524,19.05024746392479,19.246672893052192,13.110527301997791,14.429026018027457,9.948068913079624,11.006762240790266,16.51445076320195,8.992277522797252,9.990792990432482,17.182038926767717,4.948342641375973,10.36115662256293,27.386430612579687,75.04201734496422
2.1082668819999526,22.751727119651434,19.314503641879554,26.002128861654654,10.462531366331064,11.99587104122233,8.815819398520091,7.150301764861581,18.97376674492682,4.053470022972789,12.284313472889437,17.42436349825479,6.078141462390704,12.916368882655064,26.11105361086703,75.7381375637136
2.148876442999608,23.436273570461566,18.1260138784572,21.431997813218743,10.850252168423225,13.452620973274236,90.43486936438026,7.7194932973598895,18.41545498350186,8.279117871487557,11.803216231618904,16.662728059177113,5.274824463100089,15.438310736074243,28.59245236052095,7.398221200260224
2.191355634999127,22.902940471287224,14.017153315497495,23.91081679417445,13.490877907153788,11.277125613765463,10.898898157007324,9.58480721622135,15.651696088724009,5.548915680066585,14.348765042892012,15.426637924288514,3.8175983729824168,15.367153288237517,25.10109329474912,3.739689613546801
2.236454171999867,23.45824719550731,12.909665659070555,21.54046723400228,12.266027394255644,12.028249473276048,7.6204391273675185,10.348837610563436,14.597366699238876,3.5702765286788747,14.869304750984725,12.625538459489462,5.011693259298369,17.510275265951833,21.140551065705836,11.206040424054436
2.2923073689999,24.87718222756334,9.998299608660489,17.905887986024254,9.91177033551989,13.75415449775221,7.269703888638446,5.920379757202653,17.92186220260075,7.104955277343265,12.227658845318132,16.062860177614567,6.17049507879446,13.43511741644042,25.665564511810004,9.135895780060679
2.315326013998856,25.286841850930443,10.435811887081684,16.3345027973466,11.668263014018578,11.054018213218967,7.366019473616149,8.67799158667762,14.554902509168329,7.161843234440568,13.533168777296595,14.6699682684538,1.7086380013875555,11.71189920298383,27.780589685072528,6.5672476293567
2.3762401089989,24.994421403764363,12.78313006798831,16.619722553301898,8.968379589643888,14.762838958626958,11.976899645108318,8.33313255802085,17.841049728446222,10.258507436686841,11.947472939639539,16.455287201656404,7.115790002938525,15.959461226936355,22.754362467505757,3.508515715910221
2.398431718000211,24.542257554499344,11.418815922270824,9.479661487794715,9.718705379466371,11.658111146541899,101.97801454262846,7.347604738309258,18.33737440510515,8.59767535446366,8.548649852623214,15.267975443131576,2.3691686026395473,9.461194553015616,26.77925755488218,10.651551900784
2.4540766430000076,24.79533353587783,15.415604802387236,14.543122388378976,11.016109869425378,11.503094013660075,10.600089227243302,7.02282503166191,15.902796845728005,6.870603303410064,8.684959719331914,11.969410748796975,5.112327823219715,12.306772032007359,22.12367378936139,7.32907256991362
2.4770210409988067,25.11792194651892,14.98795484292205,13.210413891902732,9.948629781511528,12.378777020849526,6.400651014731125,9.385761894785531,12.17315345461796,6.62340322333435,8.216948309949032,13.808592832751543,1.8109814849427153,11.18952815496857,21.300009410919785,5.492051980389704
2.5213329599991994,25.432049556087122,16.103736553159735,15.184760558654204,10.655840278483566,14.281385565835365,104.65531339560069,10.187953501027238,15.920137656731214,11.527001112953002,8.003126132422608,8.735640504654981,2.4728125923724065,7.122039047387631,29.99975037336091,7.661971021460374
2.5630827879995195,26.063601102788738,16.06614063864589,73.8715805232714,10.620892154691603,18.311340464219626,100.79321592753944,10.198374713825018,18.63204316488654,7.777218050612959,9.206027152806229,7.562484546751421,4.432774566700317,6.609930591752942,26.192758357911487,3.1257860102411996
2.6070499399993423,28.216655133359126,16.718046433930084,19.486086955112285,9.577353763034495,13.623686434316113,7.364149270460416,9.82041358615919,16.09611278420323,3.8709256818355016,6.146530778319317,20.231910083684966,10.385444633529175,6.161187070770438,20.30438587667294,11.850147991271427
2.650309782999102,27.697313603876808,19.07466930656824,19.924350554073044,10.622049450859237,11.52459318536495,6.600425339810158,9.176691006203669,14.980666860682732,6.634199898775194,6.998807954872319,17.30512738583272,10.853929122424404,9.797206074110704,21.0506905847636,2.1420844869882103
2.6902924299993174,27.367028659988705,18.881112373897423,18.97348444174486,12.560715684439117,8.344652052932616,109.2478076227648,11.168263886501592,12.112415694087076,5.564091853376993,6.692038235623897,13.399745229782923,2.2770024486951854,8.601971148794576,21.30412780488581,4.021894055116519
2.733747495998614,28.895426807832422,19.706838383772947,16.477395252561706,12.581447135944217,10.609351731039766,109.1367594562282,11.02746684297503,18.89229739435143,14.397940813146022,6.725256207158452,15.243043876825027,8.701655786959066,11.012597587770472,21.99583093931267,5.563650967740841
2.777283721999993,25.54642332587028,19.962103536880704,14.455541393662457,11.54003686927993,10.597320222209078,105.9874195570109,10.47664193992074,20.477807957740254,99.85268768857343,7.873573941435637,20.694169979148057,0.9282215749847467,10.850097383067236,26.91888338893233,6.487871565450149
2.8172031859994604,25.757218489215006,20.384916399608073,14.721462785270433,10.375017117659041,15.019652019360393,7.392800283850619,12.376456302209618,20.39377350227346,97.97394807911718,8.538359660077191,17.910390279774248,1.4738437718370108,11.263230924194659,27.20729819607476,1.7722661117937264
2.858423152998512,24.625253633972733,19.004824205288088,8.992641785920028,10.153228263438365,19.296156865211742,7.127619402194341,12.654217889818028,20.06650540248603,7.22527978796856,8.145319606932276,24.356945960869382,12.548298419296259,10.719095510787213,27.157641203377466,3.1544774745883046
2.8995661989993096,27.469055920785223,19.377687265392012,10.162979895414026,9.36574060398064,17.43972928073731,6.718873181025799,11.374935054979375,19.77962928564648,5.13466584969359,10.253416079558491,13.447282875800425,4.480427977061794,12.971279655198288,28.772319149807714,10.712899560310518
2.940352814999642,26.097550898118783,20.090905880468284,14.687605410404132,10.995581454175863,11.30335435609038,6.995788589292346,10.510954612262879,18.62697154656979,1.2084992609414371,6.314400073640002,17.72488105390437,1.717765946081414,9.172518011759166,29.994234782007595,18.89386875782793
2.981023643998924,27.253435614873354,21.203138029220213,16.859744529313218,8.400745601344852,15.68114970185249,7.050396862711864,9.457571447080682,16.992927177859997,3.0444321664563176,6.86931073329589,20.14022056746424,3.122367632405087,10.60833735913468,24.73183256228654,3.172722608036935
3.0220818929992674,29.023555513761238,19.6479038419086,16.740028638327942,8.061795643896687,15.0265069831363,5.694690355195064,9.359167598240134,20.904552802949553,2.7663818352922362,8.83638237148952,21.12040870560753,7.795824938692817,11.473795929808205,21.501789364422706,88.52140455748396
3.0632222240001283,26.468049497890576,21.420707986236266,16.136961307095305,8.7004980644287,13.957957548970143,2.739472930943066,12.019072215402531,17.263448123500666,2.848793648547769,7.911767683481571,16.478821612893285,2.1434899693855414,8.573631565863877,26.660072459090287,83.93684237424972
3.1030010809990927,24.63660652879574,20.908896772049417,15.879609098876728,8.960773874888957,17.4045246456308,5.4113447725384844,11.41735731948802,20.83365043535224,4.428219566014093,7.324838623527484,19.223077835835852,0.8064610842886566,8.27098979687284,23.96657997596401,86.4227900694276
3.14268232699942,24.637724167319504,20.737429237315894,18.418104396823082,8.57068165279324,14.95574050468062,5.0859362555731025,11.844516690802521,20.86502200624537,3.1701043241865534,7.738524375563685,19.215384008486325,2.8357512718958446,10.360870746880835,20.03833055189952,89.33135267987537
3.184303201000148,26.513260663859512,18.676973042865427,16.323496257549806,9.719103773268017,13.369466544113862,3.3986143909327495,11.32197405961594,17.10484379171166,6.99627302480576,6.895775702986185,17.719910493611224,3.2264747506150115,9.078215513141032,24.288140582141438,6.2659970995168806
3.2246560160001536,23.81625537546597,21.057033254119233,17.301944613239897,10.06138497311133,12.846307043523723,6.177968995595563,10.983528284821688,18.844225678601305,3.3580036360370684,7.270725244116562,17.509800832880188,0.9316208162022122,8.132542925584318,28.463520396406295,7.472686534900134
3.2661367149994476,25.0117238856767,20.567123921944187,15.929766257255096,9.497714190939945,16.613085950871778,1.92001261847156,12.253647966248622,17.578883172865517,2.7562812752269963,7.102067710470635,17.702286554476927,0.9303696060084121,8.421985453669777,26.426785471023067,1.1849404918032178
3.307184804998542,25.672331982339585,20.771351724510225,16.734635598841436,7.950248792376243,20.189771448604688,2.938433931356343,13.014219317856288,18.010006653951592,3.669006561548372,7.515436995047281,20.03435184709437,3.6328005445249687,8.225533193359553,28.466852851810074,5.549731507652581
3.356319654998515,24.347621771952305,20.190848642850597,13.72179048858439,11.235597045845083,16.759992320434407,6.668034950235921,11.512694642758277,23.90090743735351,1.965030265431011,7.66953230404323,21.812962417786537,3.4516295359711364,9.476713219838672,21.753565925419082,8.167996869378896
3.3971247849985957,24.64716041429861,21.537064856292034,15.747555551672122,10.157956007537365,21.820654512101868,2.2160502086460667,11.551333090080306,28.712429851357257,0.9112488598794926,8.213419887259477,22.45797605752668,1.6521514516524576,8.817155968584501,31.873239595357234,5.416667243136004
3.4382466269998986,21.4301950008213,19.786220474334016,73.43658933775406,15.990646952173762,47.894534519857785,63.244667247151895,15.96071772858582,65.757022743682,45.93368978358015,10.829844076705257,55.276986977205326,55.350218735024185,18.005080054747566,41.43931382379847,61.13600646491793
3.479283722999753,27.554931864897213,19.084877004434162,72.11711259603938,46.17907594523345,76.34147185314465,179.3214557856515,44.342892732966845,140.5212535427053,11.14991958414447,110.60839265436526,173.64859253489442,110.17155904040156,36.313513349033286,78.9110174133605,67.83485996871842
3.520572742998411,28.02125816325122,19.292573496214004,67.05417900418067,33.32811148207546,161.05026418406393,49.29018564920864,102.59683967662224,178.51834566405893,79.36055802942126,15.09177770626249,169.47626637295593,26.094101103926675,11.633003473174199,176.52258020442127,27.07536975386091
3.562997232998896,30.677457069465447,25.602345612199542,7.554618393262388,103.00721838339851,176.92026338272566,95.04103746772986,103.96371541089674,175.9594702110882,73.24117608097083,25.14643021321416,160.2916791428347,33.91983505822728,7.835846070907223,168.49800845804515,31.13172119495991
3.6071746359993995,32.451633031041325,22.235958374464758,10.433021856223178,101.80391498209224,177.91259798611472,88.60811249784723,28.278592985164806,167.16956298529934,35.617521825852606,23.124459766881074,165.515685584586,37.61934572899028,7.33784230629098,172.5786270676325,24.439641815310466
3.647790322998844,31.58335932613886,27.05953396831066,10.849632445581562,34.620593566226944,161.77747345360874,13.180377166462506,26.08553048618279,169.707246856421,46.97349744858735,18.653241154476405,169.05384888203702,45.72493953368027,10.619585256128545,169.322531226508,29.45061595240395
3.6878017649996764,32.329952229020364,26.985529890965267,14.256190705773719,101.90330432314866,178.15680869962608,88.72121232145513,27.464186205695057,169.48382879465913,40.548296970529805,18.367194809398796,167.53191188721433,42.911193835950286,7.313302189549887,169.14356730200552,31.99653712315566
3.72936502399898,33.301308130606344,25.0963003321406,15.873110614357529,101.71713456594841,178.28340300067427,89.44926135714803,26.627761945329354,169.7324631904953,44.72110610019479,18.802904709461046,167.64692932230287,45.959757327441906,7.2914918497334895,170.20503039071644,28.669472329447956
3.7694592789994203,32.796183742866106,25.261442209683253,106.04296626287167,111.26218619670114,177.51609404509955,113.32574649555997,54.94106280154074,167.0514207463401,52.20594182729867,44.85623360379009,163.7638320226143,20.716054917347407,17.99645193627535,166.47765977604212,31.7750380123517
3.808477249000134,29.36838852328563,13.270159831949229,8.752307415543783,10.363705689753772,30.99934866131389,30.55281068745549,11.632625667104463,34.98979752658363,29.982012448145497,2.354841436987158,32.47156925223109,27.09433635202157,14.566977761624315,65.07672509447914,39.01129382268124
3.8498611559989513,29.00738621479192,12.431470924311071,23.021762479826236,12.90398455446126,19.111243452713495,6.474549189160285,16.384514408111187,19.92112332410383,8.487162551136038,8.730045636175305,18.213291358981422,1.2936759348832823,7.635600310622266,21.699293796479765,6.7048050117426214
3.8955003789997136,27.917379226002822,8.058761742144185,23.383744908002228,14.966495613870308,12.727032432117653,5.671922939592605,15.596200223994373,14.512842124612206,116.00957829806168,8.750627772854529,9.091150806896593,4.261339603011493,10.132918542524493,16.751944336735818,11.22408725047498
3.935846839000078,26.5490054488437,5.402998480776233,24.68105777395664,13.671439065744124,8.843948303156992,6.043600708413493,15.530973498384924,9.26805103829389,122.56905822744359,12.128951439352932,9.661012992882434,3.1792795408423444,11.991035797239533,9.85378981131069,11.218672720754853
3.9754764399986016,26.896110485434633,4.670479032514322,24.268951715289717,11.952444752860032,6.44501509227743,122.10101443373911,15.849506020505686,9.37130780912591,3.5326221874884993,13.167078964616564,12.252696156031362,4.824108627063566,9.893156384892734,11.118871601758258,9.521277149235402
4.018504445999497,26.25529282388635,6.021927843186859,22.93847576229777,12.028575312928751,5.951256198554603,123.25191653416147,14.647214151284146,11.993296198650853,9.234786796658057,12.744842604755632,11.384196676504132,3.1793879555996227,9.798292127680753,13.328815201798193,105.34142461819448
4.058858499998678,25.061521312166576,6.96277118725601,21.931107185564855,13.403159521867366,9.322245413593947,7.590773737439861,14.61474607770836,11.2915439191664,7.671130447177944,9.810761417602123,7.721255273406996,1.142649710813913,9.259486847688095,10.673675248737254,10.57583409198918
4.098337736999383,25.597803443782027,5.869490203749393,21.103700647359403,10.325703594195488,9.049869816507766,3.7068408479561015,14.39475219825701,12.406328240505161,11.256775576298622,9.939004733940351,9.856065146108989,6.810630664760453,7.846244521046259,9.905640700205396,10.93050062199788
4.137691906998953,23.96193599481117,9.158889716674963,18.186206136101447,8.70015724841096,119.0315581620821,171.61346773922205,10.390197000328556,26.26712122067167,5.180911857463855,4.297947443561867,15.855149767096634,4.203116914219834,4.7999137606949205,14.851419847466587,6.892405606906237
4.17969731499943,21.09151419077122,12.88431025023678,13.924745506790202,11.333755836975342,112.74082400037774,nan,14.276459741627065,57.97219010137012,57.63689790850364,9.648652956491333,47.757274173686426,64.25729530086947,8.899555185519091,40.96837548714072,12.785798210888487
4.2228456559987535,27.118786762389846,15.468069926961846,70.25830363806546,38.460453672331795,85.14755693893304,nan,109.55337753400241,172.53248481459,116.32981363789408,110.130624847099,172.90733277333004,112.05084481573299,46.28258210543015,nan,nan
4.263265249999677,29.72434418509161,18.456741672641215,69.07113260595962,40.86713596335312,146.65172925990515,40.22708870552228,27.75338326329006,165.52956310854643,42.955971522478876,19.355974306909246,169.87942441676765,34.51034508668181,9.072939922834195,178.33334010478018,29.11169005502228
4.303951475998474,31.31121316277975,29.314812850494263,7.566562991189812,39.19804436675307,157.49599556732542,34.2212047643911,26.94109837178948,167.47082140845262,47.600772396180645,19.419584111388588,165.1363010460386,37.019302161099006,7.906422529318377,171.3396743360465,32.934086736976695
4.3475806819988065,36.70176207451712,31.0443298547965,10.1012690487143,38.86847830899191,158.05922890326056,22.144349942353927,29.652393118694448,164.8565152008547,37.92020693463667,18.894491437444543,165.1508389297299,34.41961745282583,7.113305841855464,169.12047877474214,29.38933602131098
4.387074294998456,35.83920399950395,99.13925911815673,nan,49.64474894050937,157.09629217903668,39.26146730159749,48.421252952224904,163.61301794457805,42.121924447415495,47.361295526026,170.37523532010405,25.887280384263505,11.712392427981143,172.45607665831955,36.762660722260335
4.429778331999842,30.11390016011177,12.395943145953566,102.97848290176077,16.099788436965696,116.93301235633125,nan,15.819598169335023,36.8598685401636,14.37941527981252,7.397948816805439,32.41421282992087,4.958732195247421,11.510404535672222,39.29108465496287,69.30464383520305
4.4712810599994555,27.396578689037682,5.604488155500746,21.59575250582361,15.569891955287204,9.172358382155437,6.518561006214782,17.34078512171368,14.252395176422226,6.8167798811349485,10.553047679876187,9.70962978180529,4.323322977667402,14.077824699084857,7.020775491529292,5.238490766428356
4.51212280999971,25.579226884092748,3.963861987974468,21.18984416955513,16.590969023952653,9.498083736204904,8.59230009326609,19.94312732913781,18.54563426657552,116.27661561122379,12.20281327777758,10.933105500101334,6.254079307299264,11.902933207800885,4.167694282538321,5.096088659107579
4.554540082999665,23.505679294171983,3.1313615206955774,18.845119590563,15.64392331839582,9.984233247534718,6.6801001499694905,16.774429772974713,10.597086269141585,3.9818174001987643,12.712439399187843,6.719864852761361,10.27377220476481,11.761681854265532,8.028682297507203,8.343725090731112
4.598269062998952,24.00689561328568,3.3218980049109064,18.891603243614043,14.415626670196332,8.323636398524059,4.704558906010703,15.60333857920699,12.085987446045266,7.215381871322222,12.617976291742508,8.899510075193234,4.34113606442321,10.721865466828916,8.537230478894088,8.292412376825013
4.638467288999891,23.272358749755767,1.1226544473381352,18.67209385403487,14.762564314768696,8.734409793396225,121.94153377949078,16.952142691243154,13.536682338064963,8.376071238110882,12.52659586854648,7.674259597551384,2.6123372515675385,10.176640938371833,9.785200715203786,11.30644124074135
4.6784691989996645,23.821339220026402,2.359100520256362,16.260819899749492,12.067809369362323,7.681913540399819,121.69409246175987,14.391310150452341,10.124167276596154,8.040326777753876,12.197356940728326,7.513599062826728,2.6575353080216644,10.960584521454592,7.5324598782633245,9.457136865810867
4.721879853999781,24.178804904541266,3.803719709526746,20.909074117451496,13.052592351580557,7.953344736841501,121.38318940238835,15.238823200936793,12.30085515530942,117.80892892429522,12.8080105630591,11.671896595329457,117.35735142405655,9.001430250894686,5.855484521632661,11.157524308715494
4.762460229998396,26.66030705453457,2.3848901415398416,17.99669774627833,12.153965890299503,8.49271274897501,120.20238191131469,13.108778811294712,8.604288932555534,120.57243511110599,12.571003311204919,13.535433351566127,115.46304698239209,8.530389785218233,7.841500586935183,14.151768732012329
4.802090289998887,24.225092667222555,4.571018789076277,22.07168042489019,10.726472311663201,12.687693755293253,5.271420189661768,12.583761312822446,16.755426116358393,111.22557757329275,8.332958447149508,17.185984611082006,4.640306743871605,9.24348572540552,14.806505073750174,16.893000062542967
4.844105754998964,24.692422865504483,9.251307328387924,19.653093149919812,8.86691393293978,117.8734206734037,171.58763784837473,12.33330768165689,23.530485579052993,2.083338641817562,4.2633877454263995,20.010725855374005,0.722171482433879,6.830216589220441,16.331398873276328,5.318215697206085
4.886418693999076,23.971191125114473,9.931736663312506,17.68369466072923,10.101730824148206,24.291168250327956,98.91419608178684,11.528645860446659,30.71666651713636,1.3291462589317007,4.626825595882252,23.04702968809923,4.154199554486638,7.453117270723453,25.596379369824433,84.08321382049911
4.9262632459995075,20.831571805516887,13.156576471317095,17.950839051396116,13.832191271385568,32.27362078950634,7.036726476373559,13.379569444830679,45.494175902353504,70.26465562390071,8.095200859873302,39.035775915822626,2.6286950327686327,11.873625497344648,35.7416796842453,7.8849909842084855
4.9672272549996705,22.338839546415585,15.302684188145008,16.284931695696997,14.85548696034013,40.69578419650364,8.40261093376094,14.526262049892637,51.35658898715897,61.04839668764548,8.897169629941885,49.25163699479211,0.06699557127197409,12.983931543965355,50.58917741716121,8.449429992514268
5.009510586000033,23.331022947465385,16.64414188543853,15.997003439385935,15.877057033347228,38.134179479601585,10.157280544149472,14.025112172202029,43.06660862915001,27.711634397100568,8.958952311366005,48.25498615004935,60.71521757694278,15.894350929739659,44.61345242468062,11.68345314980536
5.0505969259993435,23.107066820995215,17.549698035005918,13.95671300030179,15.257727758056348,38.63411338894582,7.881721096538882,13.867901284959828,41.389938136113216,27.9821674029927,9.843489473514467,45.45737905115885,10.698223294061052,14.26756833677905,99.18496529536438,175.53713540783005
5.090154163999614,23.914836113985274,16.542647256796613,14.747907551315052,14.875511375559341,36.6173876207952,9.402129733031757,13.39301911660661,48.977034204296814,11.2249977996822,8.622857411715586,44.111746502145564,12.101346320411665,13.668345073080104,47.34320229325465,8.617520221705377
5.13364415399883,23.82746356690683,16.525935145103603,15.592987430554075,15.173630476122042,39.07985474689008,6.047250136604532,12.77457880138195,50.957525051052556,9.569685104949457,10.748219233046115,49.178413071295154,6.194930261924782,20.31777930960064,51.285226841313886,24.533892521071323
5.1757622599998285,24.57409248916494,19.489562926568652,15.465968784990935,19.100781734838876,39.90181939291614,12.095400342092915,15.570291059106296,58.5194528855599,18.708031164652084,11.115274047386094,53.66391519342376,9.451712877191568,22.199584171267446,54.9645412360334,48.9851005225386
5.216459885999939,24.91203616394722,18.506464498958138,16.627929770165707,14.515263827171509,41.161009377927115,9.616824900422273,14.022420508689208,58.95931978199113,27.40978505241165,10.40962172863064,50.64414965450416,1.8699371998416439,16.273160380384468,55.454999508358014,35.535364652103794
5.263318411,25.726407060156077,17.33079750339948,14.470152446800142,16.38486078867092,35.38919418297388,10.509307401872718,13.579091782272656,54.52753784867011,10.773994680168585,11.34153728664836,45.62641629428424,7.154104816146116,16.7076890645192,58.15861054284055,45.13223809575078
5.3035190219998185,24.657857927716208,16.006928200634178,13.18748317400221,17.334925924217004,33.54074464325495,9.593829305368644,13.767342097137941,54.32430918174721,10.20657391350693,9.077631347821267,48.1182931130499,6.962361699321605,20.629703003941444,56.00947661901769,50.59227210151923
5.342513523999514,24.59421722596184,16.60713356655475,13.635294964500446,17.386900347493224,33.18334085705641,11.174904619683645,14.580965651408349,47.99375285388669,8.148058857243,9.936846327692109,49.81077915006412,6.0739261955092445,20.87117195324899,56.281578614151144,33.64335276162464
5.38411374199859,25.56209776078461,17.329522646193197,17.77487508466814,17.26162057507355,36.098678607353804,11.683695714392655,13.471391016275419,50.332936698936294,7.232918395519107,11.35092153168489,43.897891322604465,1.9935291538830313,19.03981686076932,58.34733372267438,45.37350684634839
5.426868866999939,26.968823970972977,18.216917298140913,14.611686584481106,14.588542933404739,26.726106655828403,6.894193512713997,13.467550741750813,42.017809032188495,12.886117470201498,8.70590189164733,39.36352201159656,6.990833277165308,15.77130697799268,55.11427658016376,31.875895721055855
5.46892447800019,24.86143837598931,16.38802075437505,12.397899347046149,13.05487102122396,25.409322264831047,13.94737551017758,12.992409268178505,27.10752105423174,9.359998911328091,9.353159730575584,24.290924735279418,1.4242889551157987,14.135006684823878,42.39227189645726,16.75155730791718
5.508579665998695,24.498164547484492,16.871154543389054,15.897427572345322,7.182211327412318,13.769825504263594,11.15905347425388,6.5995119393975585,17.44385290809288,3.6578174526504768,3.470830864800689,17.595240073878955,5.312887526771874,9.401641215970784,19.557650280648573,5.263341015837597
5.552398619000087,24.09458560877323,15.427948732056848,18.88325416730055,4.852638521519907,9.624077474954788,7.226184831676136,5.5981099034393935,13.02295946485458,4.596030397512891,2.9181191683124723,9.322110376419516,2.0825677535574982,6.328659213353404,15.404405788314023,4.489388810951482
5.594063291999191,22.008782965876634,17.78510710657926,18.19359791293357,2.2159227774909027,10.692378941710473,9.12343995822178,4.801056387299326,13.037940819859045,9.319938885801605,2.6630179156807685,9.96481675589618,2.474246093990331,4.107337442823308,16.534766530688557,1.8938662525794996
5.63461560199903,22.58527460736792,13.078389981523856,18.355583361438306,4.8442640217260475,7.296636348093983,5.207656428777852,4.369771712353014,8.173923017955474,5.674793049164322,1.700385624566735,10.206433694189712,6.331271642629588,4.7509420129913735,13.614689512331609,4.796605572727856
5.676729367000007,23.18588401920769,12.86200245896677,18.73740421833162,3.8257842164910016,6.949316707114178,9.297430554381265,4.613626526879699,8.34048448928155,6.912426067992698,1.5556429045340394,9.068996739338985,4.397685617760629,3.663659611702741,13.839151898089,10.023793906968677
5.717275362998407,23.331348724592857,12.986931053165733,18.90992880940155,4.237517139465297,8.40371254291398,8.924381563689877,5.674049917959707,7.466864307466977,6.924359502716982,2.6370204810054645,6.223369212175754,4.476469033675016,2.0584196242842836,17.588804954215334,7.437351584014976
5.756483041999672,23.200808763177207,11.128871620913685,17.352296501377083,4.037559311659663,10.092588391539863,6.839368663869237,7.1211925375816065,6.720234984542685,6.595733389193526,4.937905187249328,6.933700371048985,6.844227031498178,3.9602073216699694,13.788570777483613,95.95523848698637
5.797352994999528,23.40578671849852,12.156593573977148,17.468319842128125,4.921195058170042,6.739026121890959,9.920591975249863,7.374916334355362,6.476738311842212,8.20693615635696,3.74682771920385,9.784431791424424,8.444337636440537,3.885692917288793,13.924378087902369,5.565877440215985
5.839777620998575,24.10336756454319,12.783678879755882,16.8465058053458,4.014196605844745,9.122612446641625,10.70308085309918,7.069376146933223,11.144883417845591,7.942624929082939,3.3260717626971257,8.1805677817826,4.326930685763784,5.799015533779027,12.32729260612868,8.453574577647487
5.880500804998519,23.738021429058165,13.674958224346227,16.732479593034583,5.096316402733208,8.369264104081594,6.601890974713484,7.0360466940794595,7.972315916170174,3.076517258802312,4.348809379494071,8.151477130982869,4.168248634762932,6.179124609259958,9.910613824479185,5.638344029301777
5.920892047999587,23.866243171205582,13.453648569117405,16.124704339643074,4.806523992615354,8.96033837511564,8.657870724289921,7.034049612157077,8.613847836565157,2.5477523513721394,4.121665486300998,6.234144194471611,2.3434382698289085,4.769032809524532,13.740969703663467,9.61284579112538
5.962025718999939,23.328974936390466,11.584979251655568,15.796596361560319,2.7378616890703427,10.274789712001763,8.633004015466724,6.764723682882817,8.020606502586617,4.370683482985726,3.1443934064716075,7.0378642106252585,3.086770533996031,4.311606911243416,13.695681479436956,7.180616436143168
6.00410261199977,23.70842945129789,12.083028181446991,16.259866749726456,5.456425043257298,7.880588800344583,10.625390190548416,8.692953759425563,7.650517139362563,4.2282736195626285,3.3375260373230446,6.570576870994898,1.745952262510258,4.850823146381032,16.218118233765836,9.475661281558786
6.045004326999333,23.32263638541164,11.394682674217364,16.259866749726456,3.5709661275484734,8.070990880679858,6.943305346488188,7.29856754043422,7.162273199854667,0.7966866106420127,3.280357949823326,6.241108014771925,0.5126535265474672,3.710089703965508,14.081022472707048,6.4668127790359335
6.084386788999836,22.85205925509854,11.34461117523287,18.257674592224646,3.6110973870318333,12.23091616214964,14.542992213841615,7.501716547973501,8.390739195524475,2.5402737184361968,3.8309759533578926,8.04249081495206,4.116706192524276,4.576224207834258,15.832900017451635,12.053566711485672
6.125544266998986,21.891435935304486,11.360880492510205,16.250760332574146,3.389647501448394,11.046444411777259,13.067939068923948,7.8192548431352975,7.304158637502809,3.6259230625548753,2.831268969044089,7.185664345876944,1.1263569771080029,4.441549811358811,13.648146191123033,7.559992381367124
6.16629588700016,23.705061416130576,13.644846926189473,18.311574013059214,4.363497630509443,8.785047375342913,10.963531433851529,7.986516478892526,9.85169615666689,6.393795107514791,2.75361161404777,9.159498061297029,2.307166054172967,4.288094882264488,13.770843315611955,7.538856843655253
6.208076206999976,24.144995738537972,14.255421890442477,18.93263757273496,4.276822776951207,8.12328185360127,5.391953492729641,8.257449698602954,12.841805220506814,7.716776845020036,3.9300766707384582,6.5414128997833245,0.24911300996538444,2.8515102464223503,15.536209590766589,4.8520280786054855
6.248967421999623,25.034181201801175,13.699127833031923,19.845518861931737,6.2431607891023475,7.723120271457361,7.043819331154964,9.48608928508611,7.804344887485968,3.622040671733629,4.8103523538856905,6.3215097417539425,0.3995808199921669,3.8106494072005432,13.986653390165657,7.57206554024873
6.292253177998646,23.986514752953042,12.678821183395854,18.041158239377125,6.956481160457713,6.661935099080125,6.444037689913699,9.549086088547057,10.342385641597218,4.278363281358168,3.0367833274935947,9.274563371241271,2.550331101065467,1.7763052928767706,13.360416444638076,1.9678114237007378
6.332895794999786,24.635639044947794,11.632134326682774,17.025018607758426,4.891710027469458,13.047928616159794,10.354556510142544,10.26650934586695,10.988062271825868,4.485949444650885,4.882960499452707,10.037061534968842,2.527842067792392,4.033378421887107,14.023363595597175,2.7334522221867417
6.374493374998565,22.63369250880544,13.457061436118067,19.17924165923793,4.840250011889907,11.403138465377765,6.505083079785038,10.056681490538494,9.633553375772863,4.347445245685577,4.484272891232109,11.019125514437292,3.9710935611567493,3.3583722076111258,16.02508862551207,5.960490638110969
6.416882367999278,22.962271386980717,13.31274680585227,17.28617639844495,5.762070488917033,9.612494928633026,4.649276970868755,9.98538858295231,10.289300261375018,2.6594339009221244,6.252560269153889,11.754554671209462,8.042856225776575,6.030575305633988,102.69495616265499,171.93274866732747
6.459068742999079,20.71185367421927,16.535696399716727,18.076597819184997,6.675535250551377,11.07169950462125,8.537019955360591,10.936494182484665,10.908078415720325,6.044559326491964,8.069397076886332,8.893569324361351,6.3562665864148755,5.388647178283094,16.016041862542522,6.0460602178835074
6.502698673999475,20.213246737113423,13.700351958835427,88.04234289904342,7.189605690052133,10.556208747400746,8.48757779330083,11.410532448034616,7.66567247948808,1.8120050068276043,7.282097683278238,14.647467077944611,11.808767693015739,3.5109941432018843,21.117072203307856,4.713490745187812
6.5501207289999,11.079568636158285,23.4849738357303,89.96297413255293,12.052456096958764,8.897459399963594,95.28006868738925,13.873621990013277,10.96424539943763,97.71962199343518,9.873071099707914,9.646899422971586,3.069224734585731,7.99654230757443,12.723796978403243,1.9091491113792074
6.620856974999697,75.71115168415338,167.71500506748373,180.0,24.45157408056494,9.560651430930335,2.818008663225612,23.302970292231862,9.685663948514787,96.11083633454636,9.02285736116636,14.18662105024859,89.89025916351534,6.557822342997042,16.54586467189614,9.81479118878002
6.643151099999159,6.404487387460335,11.095705456518772,163.1804859345242,58.604324562895854,9.111560092073205,81.43324494794075,64.48600968526003,8.851966463834884,87.31834553623814,16.369979531409598,16.088680174283184,80.89045447916118,77.26569117650293,22.539062028620208,11.772264752327743
6.68470604599861,87.0620676577284,nan,nan,31.307898829507508,34.52856559012656,74.2886865091516,77.65172657580503,12.082784012916761,78.34763602781938,88.7909910042773,10.683871221764832,76.28116864669747,74.92900345495657,24.961005673212185,67.46384302031711
6.725045694998698,nan,nan,nan,nan,nan,nan,nan,nan,nan,nan,nan,nan,nan,nan,nan
6.751575416999913,nan,nan,nan,nan,nan,nan,nan,nan,nan,nan,nan,nan,nan,nan,nan
6.778241958998478,nan,nan,nan,nan,nan,nan,nan,nan,nan,nan,nan,nan,nan,nan,nan
6.802917270999387,nan,nan,nan,nan,nan,nan,nan,nan,nan,nan,nan,nan,nan,nan,nan
6.827710612998999,nan,nan,nan,nan,nan,nan,nan,nan,nan,nan,nan,nan,nan,nan,nan
6.852376095999716,nan,nan,nan,nan,nan,nan,nan,nan,nan,nan,nan,nan,nan,nan,nan
6.877941134000139,nan,nan,nan,nan,nan,nan,nan,nan,nan,nan,nan,nan,nan,nan,nan
6.902348448998964,nan,nan,nan,nan,nan,nan,nan,nan,nan,nan,nan,nan,nan,nan,nan
6.926732598998569,nan,nan,nan,nan,nan,nan,nan,nan,nan,nan,nan,nan,nan,nan,nan
6.952956059998542,nan,nan,nan,nan,nan,nan,nan,nan,nan,nan,nan,nan,nan,nan,nan
6.979267073998926,nan,nan,nan,nan,nan,nan,nan,nan,nan,nan,nan,nan,nan,nan,nan
7.006375181999829,nan,nan,nan,nan,nan,nan,nan,nan,nan,nan,nan,nan,nan,nan,nan
7.032296318999215,nan,nan,nan,nan,nan,nan,nan,nan,nan,nan,nan,nan,nan,nan,nan
7.057842380998409,nan,nan,nan,nan,nan,nan,nan,nan,nan,nan,nan,nan,nan,nan,nan
7.08236662499985,nan,nan,nan,nan,nan,nan,nan,nan,nan,nan,nan,nan,nan,nan,nan
7.107640020998588,nan,nan,nan,nan,nan,nan,nan,nan,nan,nan,nan,nan,nan,nan,nan
7.132986480999534,nan,nan,nan,nan,nan,nan,nan,nan,nan,nan,nan,nan,nan,nan,nan
7.157751138000094,nan,nan,nan,nan,nan,nan,nan,nan,nan,nan,nan,nan,nan,nan,nan
7.182118553999317,nan,nan,nan,nan,nan,nan,nan,nan,nan,nan,nan,nan,nan,nan,nan
7.206887139000173,nan,nan,nan,nan,nan,nan,nan,nan,nan,nan,nan,nan,nan,nan,nan
7.234307409999019,nan,nan,nan,nan,nan,nan,nan,nan,nan,nan,nan,nan,nan,nan,nan
7.259255666998797,nan,nan,nan,nan,nan,nan,nan,nan,nan,nan,nan,nan,nan,nan,nan
7.284192321998489,nan,nan,nan,nan,nan,nan,nan,nan,nan,nan,nan,nan,nan,nan,nan
7.307883761999619,nan,nan,nan,nan,nan,nan,nan,nan,nan,nan,nan,nan,nan,nan,nan
7.334055141000135,nan,nan,nan,nan,nan,nan,nan,nan,nan,nan,nan,nan,nan,nan,nan
7.360241598998982,nan,nan,nan,nan,nan,nan,nan,nan,nan,nan,nan,nan,nan,nan,nan
7.395963618999303,nan,nan,nan,nan,nan,nan,nan,nan,nan,nan,nan,nan,nan,nan,nan
7.421859415999279,nan,nan,nan,nan,nan,nan,nan,nan,nan,nan,nan,nan,nan,nan,nan
7.44650122999883,nan,nan,nan,nan,nan,nan,nan,nan,nan,nan,nan,nan,nan,nan,nan
7.471378266000102,nan,nan,nan,nan,nan,nan,nan,nan,nan,nan,nan,nan,nan,nan,nan
7.4974732539994875,nan,nan,nan,nan,nan,nan,nan,nan,nan,nan,nan,nan,nan,nan,nan
7.521819747998961,nan,nan,nan,nan,nan,nan,nan,nan,nan,nan,nan,nan,nan,nan,nan
7.547446687000047,nan,nan,nan,nan,nan,nan,nan,nan,nan,nan,nan,nan,nan,nan,nan
7.574973505999878,nan,nan,nan,nan,nan,nan,nan,nan,nan,nan,nan,nan,nan,nan,nan
7.5998883659995045,nan,nan,nan,nan,nan,nan,nan,nan,nan,nan,nan,nan,nan,nan,nan
7.623562630999004,nan,nan,nan,nan,nan,nan,nan,nan,nan,nan,nan,nan,nan,nan,nan
7.649875926999812,nan,nan,nan,nan,nan,nan,nan,nan,nan,nan,nan,nan,nan,nan,nan
7.6796777629988355,nan,nan,nan,nan,nan,nan,nan,nan,nan,nan,nan,nan,nan,nan,nan
7.705291354999645,nan,nan,nan,nan,nan,nan,nan,nan,nan,nan,nan,nan,nan,nan,nan
7.730110196998794,nan,nan,nan,nan,nan,nan,nan,nan,nan,nan,nan,nan,nan,nan,nan
7.755396946999099,nan,nan,nan,nan,nan,nan,nan,nan,nan,nan,nan,nan,nan,nan,nan
7.780114189999949,nan,nan,nan,nan,nan,nan,nan,nan,nan,nan,nan,nan,nan,nan,nan
7.806517813000028,nan,nan,nan,nan,nan,nan,nan,nan,nan,nan,nan,nan,nan,nan,nan
7.832888232000187,nan,nan,nan,nan,nan,nan,nan,nan,nan,nan,nan,nan,nan,nan,nan
7.858418339999844,nan,nan,nan,nan,nan,nan,nan,nan,nan,nan,nan,nan,nan,nan,nan
7.888456790999044,nan,nan,nan,nan,nan,nan,nan,nan,nan,nan,nan,nan,nan,nan,nan
7.9217428079991805,nan,nan,nan,nan,nan,nan,nan,nan,nan,nan,nan,nan,nan,nan,nan
7.955170743000053,nan,nan,nan,nan,nan,nan,nan,nan,nan,nan,nan,nan,nan,nan,nan
7.9905166150001605,nan,nan,nan,nan,nan,nan,nan,nan,nan,nan,nan,nan,nan,nan,nan
8.024737998999626,nan,nan,nan,nan,nan,nan,nan,nan,nan,nan,nan,nan,nan,nan,nan
8.057165439999153,nan,nan,nan,nan,nan,nan,nan,nan,nan,nan,nan,nan,nan,nan,nan
8.09004516999994,nan,nan,nan,nan,nan,nan,nan,nan,nan,nan,nan,nan,nan,nan,nan
8.125194625999939,nan,nan,nan,nan,nan,nan,nan,nan,nan,nan,nan,nan,nan,nan,nan
8.155251882999437,nan,nan,nan,nan,nan,nan,nan,nan,nan,nan,nan,nan,nan,nan,nan
8.188828470998487,nan,nan,nan,nan,nan,nan,nan,nan,nan,nan,nan,nan,nan,nan,nan
8.222737751999375,nan,nan,nan,nan,nan,nan,nan,nan,nan,nan,nan,nan,nan,nan,nan
8.255386406999605,nan,nan,nan,nan,nan,nan,nan,nan,nan,nan,nan,nan,nan,nan,nan
8.289498947999164,nan,nan,nan,nan,nan,nan,nan,nan,nan,nan,nan,nan,nan,nan,nan
8.322145278998505,nan,nan,nan,nan,nan,nan,nan,nan,nan,nan,nan,nan,nan,nan,nan
8.355195983998783,nan,nan,nan,nan,nan,nan,nan,nan,nan,nan,nan,nan,nan,nan,nan
8.388216347999332,nan,nan,nan,nan,nan,nan,nan,nan,nan,nan,nan,nan,nan,nan,nan
8.421401294999669,nan,nan,nan,nan,nan,nan,nan,nan,nan,nan,nan,nan,nan,nan,nan
8.45402879699941,nan,nan,nan,nan,nan,nan,nan,nan,nan,nan,nan,nan,nan,nan,nan
8.48776300299869,nan,nan,nan,nan,nan,nan,nan,nan,nan,nan,nan,nan,nan,nan,nan
8.52195291299904,nan,nan,nan,nan,nan,nan,nan,nan,nan,nan,nan,nan,nan,nan,nan
8.555419180998797,nan,nan,nan,nan,nan,nan,nan,nan,nan,nan,nan,nan,nan,nan,nan
8.587893501999133,nan,nan,nan,nan,nan,nan,nan,nan,nan,nan,nan,nan,nan,nan,nan
8.632465476999641,nan,nan,nan,nan,nan,nan,nan,nan,nan,nan,nan,nan,nan,nan,nan
8.65721527200003,nan,nan,nan,nan,nan,nan,nan,nan,nan,nan,nan,nan,nan,nan,nan
8.699505676999252,nan,nan,nan,nan,nan,nan,nan,nan,nan,nan,nan,nan,nan,nan,nan
8.723406745999455,nan,nan,nan,nan,nan,nan,nan,nan,nan,nan,nan,nan,nan,nan,nan
8.756039418,nan,nan,nan,nan,nan,nan,nan,nan,nan,nan,nan,nan,nan,nan,nan
8.798703275999287,nan,nan,nan,nan,nan,nan,nan,nan,nan,nan,nan,nan,nan,nan,nan
8.824466139998549,nan,nan,nan,nan,nan,nan,nan,nan,nan,nan,nan,nan,nan,nan,nan
8.856589121998695,nan,nan,nan,nan,nan,nan,nan,nan,nan,nan,nan,nan,nan,nan,nan
8.890684366999267,nan,nan,nan,nan,nan,nan,nan,nan,nan,nan,nan,nan,nan,nan,nan
8.92301624799984,nan,nan,nan,nan,nan,nan,nan,nan,nan,nan,nan,nan,nan,nan,nan
8.965689464999741,nan,nan,nan,nan,nan,nan,nan,nan,nan,nan,nan,nan,nan,nan,nan
8.990693197998553,nan,nan,nan,nan,nan,nan,nan,nan,nan,nan,nan,nan,nan,nan,nan
9.034984582000106,nan,nan,nan,nan,nan,nan,nan,nan,nan,nan,nan,nan,nan,nan,nan
9.059395791999123,nan,nan,nan,nan,nan,nan,nan,nan,nan,nan,nan,nan,nan,nan,nan
9.08890539299864,nan,nan,nan,nan,nan,nan,nan,nan,nan,nan,nan,nan,nan,nan,nan
9.122116941998684,nan,nan,nan,nan,nan,nan,nan,nan,nan,nan,nan,nan,nan,nan,nan
9.154883546998462,nan,nan,nan,nan,nan,nan,nan,nan,nan,nan,nan,nan,nan,nan,nan
9.188610467999752,nan,nan,nan,nan,nan,nan,nan,nan,nan,nan,nan,nan,nan,nan,nan
9.222785047999423,nan,nan,nan,nan,nan,nan,nan,nan,nan,nan,nan,nan,nan,nan,nan
9.255441386998427,nan,nan,nan,nan,nan,nan,nan,nan,nan,nan,nan,nan,nan,nan,nan
9.290197448999606,nan,nan,nan,nan,nan,nan,nan,nan,nan,nan,nan,nan,nan,nan,nan
9.3227198149998,nan,nan,nan,nan,nan,nan,nan,nan,nan,nan,nan,nan,nan,nan,nan
9.355005495999649,nan,nan,nan,nan,nan,nan,nan,nan,nan,nan,nan,nan,nan,nan,nan
9.400666345998616,nan,nan,nan,nan,nan,nan,nan,nan,nan,nan,nan,nan,nan,nan,nan
9.425575272998685,nan,nan,nan,nan,nan,nan,nan,nan,nan,nan,nan,nan,nan,nan,nan
9.45549788199969,nan,nan,nan,nan,nan,nan,nan,nan,nan,nan,nan,nan,nan,nan,nan
9.49984830899848,nan,nan,nan,nan,nan,nan,nan,nan,nan,nan,nan,nan,nan,nan,nan
9.525043898000149,nan,nan,nan,nan,nan,nan,nan,nan,nan,nan,nan,nan,nan,nan,nan
9.565450631000203,nan,nan,nan,nan,nan,nan,nan,nan,nan,nan,nan,nan,nan,nan,nan
9.594031185999484,nan,nan,nan,nan,nan,nan,nan,nan,nan,nan,nan,nan,nan,nan,nan
9.625120056000014,nan,nan,nan,nan,nan,nan,nan,nan,nan,nan,nan,nan,nan,nan,nan
9.657495169998583,nan,nan,nan,nan,nan,nan,nan,nan,nan,nan,nan,nan,nan,nan,nan
9.690721436998501,nan,nan,nan,nan,nan,nan,nan,nan,nan,nan,nan,nan,nan,nan,nan
9.724036526999043,nan,nan,nan,nan,nan,nan,nan,nan,nan,nan,nan,nan,nan,nan,nan
9.756889158999911,nan,nan,nan,nan,nan,nan,nan,nan,nan,nan,nan,nan,nan,nan,nan
9.790855147999537,nan,nan,nan,nan,nan,nan,nan,nan,nan,nan,nan,nan,nan,nan,nan
9.822562360999655,nan,nan,nan,nan,nan,nan,nan,nan,nan,nan,nan,nan,nan,nan,nan
9.855930204999822,nan,nan,nan,nan,nan,nan,nan,nan,nan,nan,nan,nan,nan,nan,nan
9.888577463998445,nan,nan,nan,nan,nan,nan,nan,nan,nan,nan,nan,nan,nan,nan,nan
9.92262398099956,nan,nan,nan,nan,nan,nan,nan,nan,nan,nan,nan,nan,nan,nan,nan
9.96775554099986,nan,nan,nan,nan,nan,nan,nan,nan,nan,nan,nan,nan,nan,nan,nan
9.992041524999877,nan,nan,nan,nan,nan,nan,nan,nan,nan,nan,nan,nan,nan,nan,nan
10.022894690999237,nan,nan,nan,nan,nan,nan,nan,nan,nan,nan,nan,nan,nan,nan,nan
10.058164599999145,nan,nan,nan,nan,nan,nan,nan,nan,nan,nan,nan,nan,nan,nan,nan
10.089802677999614,nan,nan,nan,nan,nan,nan,nan,nan,nan,nan,nan,nan,nan,nan,nan
10.122825073998683,nan,nan,nan,nan,nan,nan,nan,nan,nan,nan,nan,nan,nan,nan,nan
10.156733207999423,nan,nan,nan,nan,nan,nan,nan,nan,nan,nan,nan,nan,nan,nan,nan
10.190658716999678,nan,nan,nan,nan,nan,nan,nan,nan,nan,nan,nan,nan,nan,nan,nan
10.226352687999679,nan,nan,nan,nan,nan,nan,nan,nan,nan,nan,nan,nan,nan,nan,nan
10.256562090999068,nan,nan,nan,nan,nan,nan,nan,nan,nan,nan,nan,nan,nan,nan,nan
10.289989200999116,nan,nan,nan,nan,nan,nan,nan,nan,nan,nan,nan,nan,nan,nan,nan
10.333517624998422,nan,nan,nan,nan,nan,nan,nan,nan,nan,nan,nan,nan,nan,nan,nan
10.358837517998836,nan,nan,nan,nan,nan,nan,nan,nan,nan,nan,nan,nan,nan,nan,nan
10.390660465998735,nan,nan,nan,nan,nan,nan,nan,nan,nan,nan,nan,nan,nan,nan,nan
10.42407766499855,nan,nan,nan,nan,nan,nan,nan,nan,nan,nan,nan,nan,nan,nan,nan
10.457468872999016,nan,nan,nan,nan,nan,nan,nan,nan,nan,nan,nan,nan,nan,nan,nan
10.490990597998461,nan,nan,nan,nan,nan,nan,nan,nan,nan,nan,nan,nan,nan,nan,nan
10.524247681998531,nan,nan,nan,nan,nan,nan,nan,nan,nan,nan,nan,nan,nan,nan,nan
10.556920860999526,nan,nan,nan,nan,nan,nan,nan,nan,nan,nan,nan,nan,nan,nan,nan
10.59036705699873,nan,nan,nan,nan,nan,nan,nan,nan,nan,nan,nan,nan,nan,nan,nan
10.6243391349999,nan,nan,nan,nan,nan,nan,nan,nan,nan,nan,nan,nan,nan,nan,nan
10.656842890999542,nan,nan,nan,nan,nan,nan,nan,nan,nan,nan,nan,nan,nan,nan,nan
10.689841547999094,nan,nan,nan,nan,nan,nan,nan,nan,nan,nan,nan,nan,nan,nan,nan
10.723326770999847,nan,nan,nan,nan,nan,nan,nan,nan,nan,nan,nan,nan,nan,nan,nan
10.756226493998838,nan,nan,nan,nan,nan,nan,nan,nan,nan,nan,nan,nan,nan,nan,nan
10.790410728999632,nan,nan,nan,nan,nan,nan,nan,nan,nan,nan,nan,nan,nan,nan,nan
10.825030840000181,nan,nan,nan,nan,nan,nan,nan,nan,nan,nan,nan,nan,nan,nan,nan
10.857284173998778,nan,nan,nan,nan,nan,nan,nan,nan,nan,nan,nan,nan,nan,nan,nan
10.890090913999302,nan,nan,nan,nan,nan,nan,nan,nan,nan,nan,nan,nan,nan,nan,nan
10.922681830999863,nan,nan,nan,nan,nan,nan,nan,nan,nan,nan,nan,nan,nan,nan,nan
10.957664894998743,nan,nan,nan,nan,nan,nan,nan,nan,nan,nan,nan,nan,nan,nan,nan
10.99014317000001,nan,nan,nan,nan,nan,nan,nan,nan,nan,nan,nan,nan,nan,nan,nan
11.024013829999603,nan,nan,nan,nan,nan,nan,nan,nan,nan,nan,nan,nan,nan,nan,nan
11.067582689998744,nan,nan,nan,nan,nan,nan,nan,nan,nan,nan,nan,nan,nan,nan,nan
11.093375609998475,nan,nan,nan,nan,nan,nan,nan,nan,nan,nan,nan,nan,nan,nan,nan
11.125549667998712,nan,nan,nan,nan,nan,nan,nan,nan,nan,nan,nan,nan,nan,nan,nan
11.158111176999228,nan,nan,nan,nan,nan,nan,nan,nan,nan,nan,nan,nan,nan,nan,nan
11.191819226998632,nan,nan,nan,nan,nan,nan,nan,nan,nan,nan,nan,nan,nan,nan,nan
11.23780470299971,nan,nan,nan,nan,nan,nan,nan,nan,nan,nan,nan,nan,nan,nan,nan
11.26363246099936,nan,nan,nan,nan,nan,nan,nan,nan,nan,nan,nan,nan,nan,nan,nan
11.29165193299923,nan,nan,nan,nan,nan,nan,nan,nan,nan,nan,nan,nan,nan,nan,nan
11.325248102999467,nan,nan,nan,nan,nan,nan,nan,nan,nan,nan,nan,nan,nan,nan,nan
11.358013261999076,nan,nan,nan,nan,nan,nan,nan,nan,nan,nan,nan,nan,nan,nan,nan
11.391840253998453,nan,nan,nan,nan,nan,nan,nan,nan,nan,nan,nan,nan,nan,nan,nan
11.425650922999921,nan,nan,nan,nan,nan,nan,nan,nan,nan,nan,nan,nan,nan,nan,nan
11.46019464299934,nan,nan,nan,nan,nan,nan,nan,nan,nan,nan,nan,nan,nan,nan,nan
11.49251061799987,nan,nan,nan,nan,nan,nan,nan,nan,nan,nan,nan,nan,nan,nan,nan
11.52594270499867,nan,nan,nan,nan,nan,nan,nan,nan,nan,nan,nan,nan,nan,nan,nan
11.56453216599948,nan,nan,nan,nan,nan,nan,nan,nan,nan,nan,nan,nan,nan,nan,nan
11.592538199998671,nan,nan,nan,nan,nan,nan,nan,nan,nan,nan,nan,nan,nan,nan,nan
11.624741212999652,nan,nan,nan,nan,nan,nan,nan,nan,nan,nan,nan,nan,nan,nan,nan
11.657708887998524,nan,nan,nan,nan,nan,nan,nan,nan,nan,nan,nan,nan,nan,nan,nan
11.690762390999225,nan,nan,nan,nan,nan,nan,nan,nan,nan,nan,nan,nan,nan,nan,nan
11.724987124000108,nan,nan,nan,nan,nan,nan,nan,nan,nan,nan,nan,nan,nan,nan,nan
11.757531186998676,nan,nan,nan,nan,nan,nan,nan,nan,nan,nan,nan,nan,nan,nan,nan
11.792018043999633,nan,nan,nan,nan,nan,nan,nan,nan,nan,nan,nan,nan,nan,nan,nan
11.827656271998421,nan,nan,nan,nan,nan,nan,nan,nan,nan,nan,nan,nan,nan,nan,nan
11.85814744399977,nan,nan,nan,nan,nan,nan,nan,nan,nan,nan,nan,nan,nan,nan,nan
11.891597796999122,nan,nan,nan,nan,nan,nan,nan,nan,nan,nan,nan,nan,nan,nan,nan
11.924541454000064,nan,nan,nan,nan,nan,nan,nan,nan,nan,nan,nan,nan,nan,nan,nan
11.958744443998512,nan,nan,nan,nan,nan,nan,nan,nan,nan,nan,nan,nan,nan,nan,nan
11.992561044999093,nan,nan,nan,nan,nan,nan,nan,nan,nan,nan,nan,nan,nan,nan,nan
12.024477826998918,nan,nan,nan,nan,nan,nan,nan,nan,nan,nan,nan,nan,nan,nan,nan
12.07052370800011,nan,nan,nan,nan,nan,nan,nan,nan,nan,nan,nan,nan,nan,nan,nan
12.095683633999215,nan,nan,nan,nan,nan,nan,nan,nan,nan,nan,nan,nan,nan,nan,nan
12.124978226998792,nan,nan,nan,nan,nan,nan,nan,nan,nan,nan,nan,nan,nan,nan,nan
12.158863161999761,nan,nan,nan,nan,nan,nan,nan,nan,nan,nan,nan,nan,nan,nan,nan
12.192656518000149,nan,nan,nan,nan,nan,nan,nan,nan,nan,nan,nan,nan,nan,nan,nan
12.224808881999707,nan,nan,nan,nan,nan,nan,nan,nan,nan,nan,nan,nan,nan,nan,nan
12.260959565999656,nan,nan,nan,nan,nan,nan,nan,nan,nan,nan,nan,nan,nan,nan,nan
12.291573288999643,nan,nan,nan,nan,nan,nan,nan,nan,nan,nan,nan,nan,nan,nan,nan
12.325416542998937,nan,nan,nan,nan,nan,nan,nan,nan,nan,nan,nan,nan,nan,nan,nan
12.360686577998422,nan,nan,nan,nan,nan,nan,nan,nan,nan,nan,nan,nan,nan,nan,nan
12.391581832000156,nan,nan,nan,nan,nan,nan,nan,nan,nan,nan,nan,nan,nan,nan,nan
12.42468760599877,nan,nan,nan,nan,nan,nan,nan,nan,nan,nan,nan,nan,nan,nan,nan
12.458014142999673,nan,nan,nan,nan,nan,nan,nan,nan,nan,nan,nan,nan,nan,nan,nan
12.491178361999118,nan,nan,nan,nan,nan,nan,nan,nan,nan,nan,nan,nan,nan,nan,nan
12.524763195999185,nan,nan,nan,nan,nan,nan,nan,nan,nan,nan,nan,nan,nan,nan,nan
12.557294191999972,nan,nan,nan,nan,nan,nan,nan,nan,nan,nan,nan,nan,nan,nan,nan
12.590925486998458,nan,nan,nan,nan,nan,nan,nan,nan,nan,nan,nan,nan,nan,nan,nan
12.62444995399892,nan,nan,nan,nan,nan,nan,nan,nan,nan,nan,nan,nan,nan,nan,nan
12.658009798999046,nan,nan,nan,nan,nan,nan,nan,nan,nan,nan,nan,nan,nan,nan,nan
12.70264487699933,nan,nan,nan,nan,nan,nan,nan,nan,nan,nan,nan,nan,nan,nan,nan
12.727204733999315,nan,nan,nan,nan,nan,nan,nan,nan,nan,nan,nan,nan,nan,nan,nan
12.773188799999843,nan,nan,nan,nan,nan,nan,nan,nan,nan,nan,nan,nan,nan,nan,nan
12.797969810999348,nan,nan,nan,nan,nan,nan,nan,nan,nan,nan,nan,nan,nan,nan,nan
12.824403095999514,nan,nan,nan,nan,nan,nan,nan,nan,nan,nan,nan,nan,nan,nan,nan
12.86837869899864,nan,nan,nan,nan,nan,nan,nan,nan,nan,nan,nan,nan,nan,nan,nan
12.893225559999337,nan,nan,nan,nan,nan,nan,nan,nan,nan,nan,nan,nan,nan,nan,nan
12.926070861998596,nan,nan,nan,nan,nan,nan,nan,nan,nan,nan,nan,nan,nan,nan,nan
12.959273475998998,nan,nan,nan,nan,nan,nan,nan,nan,nan,nan,nan,nan,nan,nan,nan
12.992719858999408,nan,nan,nan,nan,nan,nan,nan,nan,nan,nan,nan,nan,nan,nan,nan
13.025676699999167,nan,nan,nan,nan,nan,nan,nan,nan,nan,nan,nan,nan,nan,nan,nan
13.058849254999586,nan,nan,nan,nan,nan,nan,nan,nan,nan,nan,nan,nan,nan,nan,nan
13.092030616999182,nan,nan,nan,nan,nan,nan,nan,nan,nan,nan,nan,nan,nan,nan,nan
13.125668485999995,nan,nan,nan,nan,nan,nan,nan,nan,nan,nan,nan,nan,nan,nan,nan
13.157961643999442,nan,nan,nan,nan,nan,nan,nan,nan,nan,nan,nan,nan,nan,nan,nan
13.191607338998438,nan,nan,nan,nan,nan,nan,nan,nan,nan,nan,nan,nan,nan,nan,nan
13.2251681559992,nan,nan,nan,nan,nan,nan,nan,nan,nan,nan,nan,nan,nan,nan,nan
13.258346361999429,nan,nan,nan,nan,nan,nan,nan,nan,nan,nan,nan,nan,nan,nan,nan
13.29173213499962,nan,nan,nan,nan,nan,nan,nan,nan,nan,nan,nan,nan,nan,nan,nan
13.32604080099918,nan,nan,nan,nan,nan,nan,nan,nan,nan,nan,nan,nan,nan,nan,nan
13.357983201000025,nan,nan,nan,nan,nan,nan,nan,nan,nan,nan,nan,nan,nan,nan,nan
13.402725377000024,nan,nan,nan,nan,nan,nan,nan,nan,nan,nan,nan,nan,nan,nan,nan
13.426812973999404,nan,nan,nan,nan,nan,nan,nan,nan,nan,nan,nan,nan,nan,nan,nan
13.470620755999335,nan,nan,nan,nan,nan,nan,nan,nan,nan,nan,nan,nan,nan,nan,nan
13.495292750998487,nan,nan,nan,nan,nan,nan,nan,nan,nan,nan,nan,nan,nan,nan,nan
13.536453676999372,nan,nan,nan,nan,nan,nan,nan,nan,nan,nan,nan,nan,nan,nan,nan
13.56120005899902,nan,nan,nan,nan,nan,nan,nan,nan,nan,nan,nan,nan,nan,nan,nan
13.603629794999506,nan,nan,nan,nan,nan,nan,nan,nan,nan,nan,nan,nan,nan,nan,nan
13.630562237998674,nan,nan,nan,nan,nan,nan,nan,nan,nan,nan,nan,nan,nan,nan,nan
13.659922928000015,nan,nan,nan,nan,nan,nan,nan,nan,nan,nan,nan,nan,nan,nan,nan
13.694485309999436,nan,nan,nan,nan,nan,nan,nan,nan,nan,nan,nan,nan,nan,nan,nan
13.726349002999996,nan,nan,nan,nan,nan,nan,nan,nan,nan,nan,nan,nan,nan,nan,nan
13.759968844999094,nan,nan,nan,nan,nan,nan,nan,nan,nan,nan,nan,nan,nan,nan,nan
13.79390544799935,nan,nan,nan,nan,nan,nan,nan,nan,nan,nan,nan,nan,nan,nan,nan
13.825583466999888,nan,nan,nan,nan,nan,nan,nan,nan,nan,nan,nan,nan,nan,nan,nan
13.858952315998977,nan,nan,nan,nan,nan,nan,nan,nan,nan,nan,nan,nan,nan,nan,nan
13.892963454998608,nan,nan,nan,nan,nan,nan,nan,nan,nan,nan,nan,nan,nan,nan,nan
13.926373774998865,nan,nan,nan,nan,nan,nan,nan,nan,nan,nan,nan,nan,nan,nan,nan
13.959546247999242,nan,nan,nan,nan,nan,nan,nan,nan,nan,nan,nan,nan,nan,nan,nan
13.992357671999343,nan,nan,nan,nan,nan,nan,nan,nan,nan,nan,nan,nan,nan,nan,nan
14.0255294339986,nan,nan,nan,nan,nan,nan,nan,nan,nan,nan,nan,nan,nan,nan,nan
14.060462061999715,nan,nan,nan,nan,nan,nan,nan,nan,nan,nan,nan,nan,nan,nan,nan
14.09301011899879,nan,nan,nan,nan,nan,nan,nan,nan,nan,nan,nan,nan,nan,nan,nan
14.127394791999905,nan,nan,nan,nan,nan,nan,nan,nan,nan,nan,nan,nan,nan,nan,nan
14.159353191998889,nan,nan,nan,nan,nan,nan,nan,nan,nan,nan,nan,nan,nan,nan,nan
14.192788339998515,nan,nan,nan,nan,nan,nan,nan,nan,nan,nan,nan,nan,nan,nan,nan
14.226057162999496,nan,nan,nan,nan,nan,nan,nan,nan,nan,nan,nan,nan,nan,nan,nan
14.259990959999413,nan,nan,nan,nan,nan,nan,nan,nan,nan,nan,nan,nan,nan,nan,nan
14.292574606999551,nan,nan,nan,nan,nan,nan,nan,nan,nan,nan,nan,nan,nan,nan,nan
14.336928460999843,nan,nan,nan,nan,nan,nan,nan,nan,nan,nan,nan,nan,nan,nan,nan
14.361920814999394,nan,nan,nan,nan,nan,nan,nan,nan,nan,nan,nan,nan,nan,nan,nan
14.394709001999217,nan,nan,nan,nan,nan,nan,nan,nan,nan,nan,nan,nan,nan,nan,nan
14.42906702899927,nan,nan,nan,nan,nan,nan,nan,nan,nan,nan,nan,nan,nan,nan,nan
14.461624903999109,nan,nan,nan,nan,nan,nan,nan,nan,nan,nan,nan,nan,nan,nan,nan
14.49433033799869,nan,nan,nan,nan,nan,nan,nan,nan,nan,nan,nan,nan,nan,nan,nan
14.527777468998465,nan,nan,nan,nan,nan,nan,nan,nan,nan,nan,nan,nan,nan,nan,nan
14.561800729999959,nan,nan,nan,nan,nan,nan,nan,nan,nan,nan,nan,nan,nan,nan,nan
14.595312576999277,nan,nan,nan,nan,nan,nan,nan,nan,nan,nan,nan,nan,nan,nan,nan
14.62685856600001,nan,nan,nan,nan,nan,nan,nan,nan,nan,nan,nan,nan,nan,nan,nan
14.66066525199858,nan,nan,nan,nan,nan,nan,nan,nan,nan,nan,nan,nan,nan,nan,nan
14.696047821998945,nan,nan,nan,nan,nan,nan,nan,nan,nan,nan,nan,nan,nan,nan,nan
14.72660769399954,nan,nan,nan,nan,nan,nan,nan,nan,nan,nan,nan,nan,nan,nan,nan
14.770812242999455,nan,nan,nan,nan,nan,nan,nan,nan,nan,nan,nan,nan,nan,nan,nan
14.794924105999598,nan,nan,nan,nan,nan,nan,nan,nan,nan,nan,nan,nan,nan,nan,nan
14.826315622000038,nan,nan,nan,nan,nan,nan,nan,nan,nan,nan,nan,nan,nan,nan,nan
14.859646533999694,nan,nan,nan,nan,nan,nan,nan,nan,nan,nan,nan,nan,nan,nan,nan
14.893348644998696,nan,nan,nan,nan,nan,nan,nan,nan,nan,nan,nan,nan,nan,nan,nan
14.926748251999015,nan,nan,nan,nan,nan,nan,nan,nan,nan,nan,nan,nan,nan,nan,nan
14.97346860899961,nan,nan,nan,nan,nan,nan,nan,nan,nan,nan,nan,nan,nan,nan,nan
