time[s],MCP,PIP,DIP,TIP,Wrist_X,Wrist_Y,Wrist_D,MCP_X,MCP_Y,MCP_D,PIP_X,PIP_Y,PIP_D,DIP_X,DIP_Y,DIP_D,TIP_X,TIP_Y,TIP_D,MCP_RX,MCP_RY,MCP_RZ,PIP_RX,PIP_RY,PIP_RZ,DIP_RX,DIP_RY,DIP_RZ,TIP_RX,TIP_RY,TIP_RZ,MCP_Distance,PIP_Distance,DIP_Distance,TIP_Distance
0.0507450150325894,0,0,0,0,440,316,317,439,259,319,412,212,322,394,169,311,376,124,307,-0.6831512451171875,-42.62212467193604,2.0,-21.136393547058105,-78.25943946838379,5.0,-34.032249450683594,-109.1622428894043,-6.0,-46.802656173706055,-141.15574264526367,-10.0,42.674491293672894,81.21752888435935,114.5014815420257,149.0484226909163
0.1103229620493948,0,0,0,0,440,316,317,439,258,319,413,211,321,395,169,311,377,124,306,-0.6831512451171875,-43.37623977661133,2.0,-20.346840858459476,-78.95365333557129,4.0,-33.29704666137695,-109.1622428894043,-6.0,-45.96346092224121,-140.88308334350586,-11.0,43.42769706974783,81.63132553103033,114.28511971825208,148.59906766976573
0.1713678629603237,0,0,0,0,441,316,317,440,259,318,413,212,321,395,169,311,378,125,306,-0.7139043807983398,-42.66860103607178,1.0,-21.096227645874023,-78.19480895996094,4.0,-34.046433448791504,-109.1622428894043,-6.0,-45.98946285247803,-140.15969467163086,-11.0,42.68628789014557,81.08932709778351,114.505698125588,147.9215018308841
0.2312703551724553,0,0,0,0,441,316,317,439,259,319,412,212,321,394,170,311,377,125,306,-1.4325380325317385,-42.62212467193604,2.0,-21.855070114135746,-78.19480895996094,4.0,-34.781636238098145,-108.42704010009766,-6.0,-46.71284770965576,-140.15969467163086,-11.0,42.69306356733736,81.29005005521017,114.02712503728034,148.14800083561803
0.2902718931436538,0,0,0,0,441,317,316,440,260,318,413,213,321,395,170,311,377,126,306,-0.6760578155517578,-42.48264980316162,2.0,-21.05838108062744,-78.00176429748535,5.0,-34.00858688354492,-108.99283981323242,-5.0,-46.67500114440918,-140.00211334228516,-10.0,42.53507480266183,80.94893851841042,114.28483325607368,147.91601492785242
0.3501830520108342,0,0,0,0,441,316,316,440,260,318,413,213,322,394,171,310,377,126,305,-0.6760578155517578,-41.73562526702881,2.0,-21.086726188659668,-77.31700706481934,6.0,-34.670528411865234,-107.34905242919922,-6.0,-46.56155204772949,-138.9871597290039,-11.0,41.78898743209534,80.36522632841165,112.96842301194134,146.99118578550576
0.4085174861829728,0,0,0,0,440,316,316,439,259,319,413,212,322,394,170,309,377,125,305,-0.6476678848266602,-42.44089984893799,3.0,-20.33970260620117,-78.07821464538574,6.0,-33.85024356842041,-107.91797637939452,-7.0,-45.814528465271,-139.70816802978516,-11.0,42.5517268001737,80.9068050556913,113.31870373184182,147.4392865987007
0.4681449490599334,0,0,0,0,441,317,316,440,261,318,413,214,321,394,171,310,377,127,305,-0.6760578155517578,-41.73089790344238,2.0,-21.05838108062744,-77.242919921875,5.0,-34.670528411865234,-108.09607696533205,-6.0,-46.56155204772949,-139.0131607055664,-11.0,41.78426610576642,80.2179786070063,113.67852653712988,147.01577118950556
0.5292711870279163,0,0,0,0,440,319,316,439,261,318,412,213,321,395,170,309,377,125,305,-0.6807861328125,-43.22494697570801,2.0,-21.070199966430664,-79.49581336975098,5.0,-33.11976909637451,-110.15904998779295,-7.0,-45.814528465271,-141.9492416381836,-11.0,43.276546891028616,82.39258261484254,115.24294077821094,149.56456204646395
0.5885982811450958,0,0,0,0,440,319,316,439,261,318,412,214,321,394,171,309,376,127,305,-0.6807861328125,-43.22494697570801,2.0,-21.070199966430664,-78.73696899414062,5.0,-33.85024356842041,-109.42857360839844,-7.0,-46.53554439544678,-140.50720977783203,-11.0,43.276546891028616,81.66066135545093,114.75823156362276,148.42113357514924
0.6493279959540814,0,0,0,0,441,318,316,439,262,318,412,215,321,394,172,309,377,128,304,-1.427809715270996,-41.72617149353027,2.0,-21.81722354888916,-77.23110389709473,5.0,-34.597267150878906,-107.9510726928711,-7.0,-46.448102951049805,-138.7759552001953,-12.0,41.79846920750233,80.40917020182489,113.57554749967451,146.83389257755832
0.7079911320470273,0,0,0,0,441,318,317,440,261,318,414,214,320,395,172,309,377,128,304,-0.7139043807983398,-42.66387748718262,1.0,-20.311402320861816,-78.11599731445312,3.0,-33.90463924407959,-108.13702774047852,-8.0,-46.48594951629639,-138.9619102478027,-13.0,42.681566298652285,80.76919029352442,113.60960052221029,147.10661440652504
0.7679977649822831,0,0,0,0,442,318,317,440,262,318,413,215,320,394,172,309,377,128,304,-1.463292121887207,-41.912126541137695,1.0,-21.817270278930664,-77.3595199584961,3.0,-35.384501457214355,-108.13702774047852,-8.0,-47.23533725738525,-138.9619102478027,-13.0,41.94958372897538,80.43313129943945,114.05998295598954,147.34513763791904
0.8263083631172776,0,0,0,0,442,318,317,440,263,318,413,216,320,394,173,309,377,129,304,-1.463292121887207,-41.16037559509277,1.0,-21.817270278930664,-76.6030387878418,3.0,-35.384501457214355,-107.40655517578124,-8.0,-47.23533725738525,-138.24325942993164,-13.0,41.19851627137907,79.70582685071089,113.36768074766172,146.6675692292959
0.8847653029952198,0,0,0,0,441,318,317,440,262,318,413,216,320,393,173,308,377,129,303,-0.7139043807983398,-41.912126541137695,1.0,-21.0678825378418,-76.6030387878418,3.0,-35.289963722229004,-107.24972534179688,-9.0,-46.3725004196167,-137.9824180603027,-14.0,41.93013249043296,79.50396987672939,113.26466847789342,146.23801314615673
0.9440772279631346,0,0,0,0,441,319,317,439,263,319,412,216,320,393,174,308,377,130,303,-1.4325380325317385,-41.85382843017578,2.0,-21.824360847473145,-77.35242462158203,3.0,-35.289963722229004,-107.27100372314452,-9.0,-46.3725004196167,-138.0155029296875,-14.0,41.92606730278003,80.42823087223944,113.28481707310615,146.2692306813088
1.0031312571372837,0,0,0,0,440,319,317,439,264,318,412,217,320,393,174,308,377,131,302,-0.7162694931030273,-41.158010482788086,1.0,-21.074974060058597,-76.59594535827637,3.0,-34.54057693481445,-107.27100372314452,-9.0,-45.50966453552246,-137.04310607910156,-15.0,41.17638727338818,79.49901494333248,113.0536142489957,145.1790015461729
1.0616956639569253,0,0,0,0,439,319,318,437,263,318,410,217,320,392,175,308,375,131,302,-1.5035028457641602,-42.09807777404785,0.0,-21.87166404724121,-76.78426170349121,2.0,-34.55241870880127,-106.73120880126952,-10.0,-46.22124767303467,-137.2314224243164,-16.0,42.124917484512686,79.86358703154781,112.62957236360492,145.68756651496787
1.1197423040866852,0,0,0,0,439,320,318,437,264,318,410,217,321,391,175,308,375,131,302,-1.5035028457641602,-42.09807777404785,0.0,-21.90710163116455,-77.58882331848145,3.0,-35.28052997589111,-107.48295974731444,-10.0,-46.22124767303467,-137.98317337036133,-16.0,42.124917484512686,80.67804289783375,113.5662909116194,146.39590113731737
1.179636251181364,0,0,0,0,438,320,319,436,265,319,408,218,320,390,176,308,375,132,302,-1.508230209350586,-41.47634315490723,0.0,-22.66362571716309,-76.97021102905273,1.0,-35.287644386291504,-106.9455223083496,-11.0,-45.500250816345215,-137.4599151611328,-17.0,41.503756454904384,80.24371200601682,113.15282845841315,145.78923520087534
1.2389434480573982,0,0,0,0,437,320,319,435,265,319,408,219,321,389,177,308,375,134,302,-1.508230209350586,-41.47634315490723,0.0,-21.949676513671875,-76.26181507110596,2.0,-35.26164245605469,-106.21741104125977,-11.0,-44.74613571166992,-136.03206634521484,-17.0,41.503756454904384,79.38294991365842,112.45675540849724,144.2079738963006
1.297755051171407,0,0,0,0,436,319,320,434,266,319,407,219,321,388,178,309,374,134,301,-1.534257411956787,-40.15642929077149,-1.0,-21.98043155670166,-75.69601917266846,1.0,-35.3491096496582,-105.06851196289062,-11.0,-44.61143493652344,-135.21724700927734,-19.0,40.19816860493615,78.82909799057602,111.39996301220054,143.64847376795754
1.3564434871077538,0,0,0,0,436,319,320,433,266,320,406,219,322,388,178,309,374,134,301,-2.2694387435913086,-40.09340476989746,0.0,-22.784167289733887,-75.74410247802734,2.0,-35.3491096496582,-105.06851196289062,-11.0,-44.61143493652344,-135.21724700927734,-19.0,40.15758282384225,79.1219775997067,111.39996301220054,143.64847376795754
1.4159354900475591,0,0,0,0,436,320,320,434,266,319,407,220,321,388,178,308,373,135,299,-1.534257411956787,-40.91290664672852,-1.0,-21.98043155670166,-75.69365310668945,1.0,-35.26166343688965,-105.67998123168944,-12.0,-45.077186584472656,-134.76883697509766,-21.0,40.953874982595565,78.82682596714575,112.05196714679629,143.65093863247748
1.4750151289626956,0,0,0,0,437,320,319,435,267,319,408,221,320,388,180,307,375,136,298,-1.508230209350586,-39.96811103820801,0.0,-21.909510612487797,-74.70077323913574,1.0,-35.90230751037598,-103.89280319213869,-12.0,-44.2734260559082,-133.6270294189453,-21.0,39.99655808100145,77.8539156228092,110.5743652013886,142.32820959338892
1.5335592171177268,0,0,0,0,436,321,319,434,267,319,407,220,320,388,179,307,374,136,299,-1.508230686187744,-40.72222709655762,0.0,-21.91187572479248,-76.21136856079102,1.0,-35.148192405700684,-105.37266540527344,-12.0,-44.34432315826416,-134.62543869018555,-20.0,40.75014772373678,79.3051259105455,111.72642500321876,143.14477894387022
1.592390839010477,0,0,0,0,436,322,319,433,267,319,406,220,320,388,179,307,374,136,299,-2.2623462677001958,-41.47634315490723,0.0,-22.66835308074951,-76.96548461914062,1.0,-35.148192405700684,-106.12678146362305,-12.0,-44.34432315826416,-135.37955474853516,-20.0,41.537997690531455,80.24051379479506,112.43793476054138,143.8542416485388
1.651387186953798,0,0,0,0,436,320,319,434,267,319,407,220,321,388,179,308,374,136,300,-1.508230686187744,-39.96811103820801,0.0,-21.954404830932617,-75.50297164916992,2.0,-35.235636711120605,-104.76119232177734,-11.0,-44.464863777160645,-134.11561584472656,-19.0,39.9965580989825,78.65554411060822,111.07410819411736,142.56620400407567
1.710529105970636,0,0,0,0,435,322,319,434,268,319,407,221,320,389,180,307,374,137,298,-0.7541155815124512,-40.72222900390625,0.0,-21.157760620117188,-76.20900535583496,1.0,-33.668331146240234,-105.40103530883788,-12.0,-43.46966743469238,-134.43079376220703,-21.0,40.72921095917356,79.09780864084581,111.29660716458424,142.83644597377727
1.7685132471378893,0,0,0,0,437,321,319,435,268,319,408,223,319,390,183,306,375,142,295,-1.508230209350586,-39.96811294555664,0.0,-21.869345664978027,-73.90330410003662,0.0,-34.36809539794922,-102.33648681640624,-13.0,-43.91889572143555,-129.46398544311523,-24.0,39.9965599869935,77.07117902768053,108.73326314981551,138.80127134938456
1.826878810999915,0,0,0,0,435,321,318,434,269,317,409,224,319,392,186,307,377,146,293,-0.7730503082275391,-39.161184310913086,-1.0,-19.58333683013916,-72.9561414718628,1.0,-31.467424392700195,-100.09938430786131,-11.0,-40.76534461975098,-126.04011154174805,-25.0,39.18157683672718,75.545388078063,105.50395981537004,134.80698438665317
1.8857013760134576,0,0,0,0,435,322,318,435,269,318,411,225,319,394,188,307,378,150,292,0.0,-39.84281730651856,0.0,-18.075105667114254,-72.95377731323242,1.0,-30.015928268432617,-99.39964294433594,-11.0,-39.96160697937012,-123.81005477905272,-26.0,39.84281730651856,75.16623623107687,104.41381597890754,132.6720004249792
1.9449626740533856,0,0,0,0,435,322,319,435,269,318,411,226,320,395,191,305,379,155,290,-0.0236625671386718,-40.03822898864746,-1.0,-18.1318416595459,-72.42660903930664,1.0,-29.17205047607422,-97.18925857543944,-14.0,-39.07753944396973,-120.1552734375,-29.0,40.05072209666704,74.66844968860288,102.43417648139832,129.6354265771336
2.003130038036033,0,0,0,0,435,322,319,435,269,319,412,227,320,396,194,305,381,160,289,0.0,-39.96811294555664,0.0,-17.375362396240234,-71.67012882232666,1.0,-28.451032638549805,-95.02620315551758,-14.0,-37.60242652893066,-116.5399169921875,-30.0,39.96811294555664,73.75303779377211,100.17704599534528,126.07733631945744
2.0617925440892577,0,0,0,0,434,322,318,434,270,318,412,228,319,397,196,309,383,164,288,0.0,-39.091068267822266,0.0,-16.569239139556885,-70.69143104553223,1.0,-27.219275951385494,-93.7985725402832,-9.0,-35.361356258392334,-113.43362045288086,-30.0,39.091068267822266,72.61417292050541,98.0819106355114,122.5463657783501
2.122518341988325,0,0,0,0,435,323,319,435,271,318,413,229,319,398,197,309,383,165,288,-0.0236625671386718,-39.28884315490723,-1.0,-16.590538024902344,-70.88684368133545,0.0,-27.26421546936035,-94.01762580871582,-10.0,-36.136770248413086,-113.70232009887695,-31.0,39.30157447695937,72.80240764602375,98.40046446977482,123.26834046037152
2.1817686511203647,0,0,0,0,434,324,318,435,271,318,413,230,318,399,199,311,387,169,288,0.7517514228820801,-39.84282112121582,0.0,-15.786778926849363,-70.66462707519531,0.0,-25.881207942962646,-93.30137825012208,-7.0,-32.63803243637085,-111.5329704284668,-30.0,39.84991248546233,72.40657365572301,97.07720694354173,120.0201843604435
2.241858635097742,0,0,0,0,433,324,317,434,272,317,414,230,319,400,200,308,388,171,292,0.749387264251709,-38.9681453704834,0.0,-14.29032278060913,-70.48657178878784,2.0,-24.198086261749268,-92.0870418548584,-9.0,-31.536295413970947,-110.61738967895508,-25.0,38.97535034976529,71.94838516401836,95.63770520202532,117.71042786356288
2.301015183096752,0,0,0,0,434,322,318,435,271,318,414,230,319,400,201,306,388,173,291,0.7517514228820801,-38.33931541442871,0.0,-15.0610089302063,-69.18320035934448,1.0,-24.8506178855896,-89.8742904663086,-12.0,-32.21953535079956,-107.77661895751952,-27.0,38.34668481953631,70.81065740379026,94.01564389035472,115.68447627981804
2.35922741307877,0,0,1,0,434,322,318,435,271,318,415,230,319,401,201,304,388,175,293,0.7517514228820801,-38.33931541442871,0.0,-14.306893348693848,-69.18320035934448,1.0,-24.01380681991577,-89.69301986694336,-14.0,-32.39442777633667,-106.70497131347656,-25.0,38.34668481953631,70.65410398025088,93.90154807475822,114.28188768989664
2.4184863280970603,0,0,1,0,434,324,318,434,272,317,414,231,318,400,200,301,389,172,302,-0.0212988853454589,-39.16827964782715,-1.0,-15.035027027130129,-69.91287565231323,0.0,-24.555230617523197,-91.63618278503418,-17.0,-32.467509746551514,-111.71914672851562,-16.0,39.181048789088166,71.51127337477878,96.38023317097723,117.43639527373963
2.4772299809847027,0,0,1,0,433,322,317,434,271,317,415,230,318,401,201,304,390,173,304,0.749387264251709,-38.21875190734863,0.0,-13.51258945465088,-68.96571350097656,1.0,-23.243120670318604,-89.49761199951172,-13.0,-31.148329257965088,-109.61996078491212,-13.0,38.22609813500833,70.2841355674858,93.3759348660571,114.69853625067876
2.5363065351266414,0,0,1,0,432,323,318,434,271,318,414,230,318,401,200,301,390,173,305,1.503502368927002,-39.0910701751709,0.0,-13.531524658203123,-69.91287612915039,0.0,-22.340163230896,-90.88443183898926,-17.0,-30.498230934143063,-110.72395324707033,-13.0,39.11997299096083,71.21033919470884,95.12130594077732,115.58086309061603
2.595186741091311,0,0,1,0,431,323,317,434,271,317,416,231,318,403,202,301,391,174,307,2.248161792755127,-38.96814155578613,0.0,-11.26206350326538,-68.96335172653198,1.0,-20.151078701019287,-89.2635326385498,-16.0,-29.17196035385132,-110.11408615112305,-10.0,39.03293849760981,69.88403219412102,92.89803136734449,114.35084275939388
2.6538477651774883,0,0,1,0,432,323,318,435,272,318,415,232,318,402,202,298,391,174,306,2.255253791809082,-38.33931922912598,0.0,-12.779773235321043,-68.40937280654907,0.0,-21.46555233001709,-89.19649124145508,-20.0,-29.857565879821777,-110.15739822387695,-12.0,38.40559293408055,69.59285086653401,93.89773153074398,114.76117210852156
2.712608861969784,0,0,1,0,432,322,318,435,271,318,416,232,318,402,202,294,393,174,304,2.255253791809082,-38.33931541442871,0.0,-12.028021812438965,-67.65761804580688,0.0,-21.248154640197757,-88.0916519165039,-24.0,-28.259547233581543,-109.0967140197754,-14.0,38.40558912596603,68.7184588618866,93.7423234883382,113.56361661975934
2.7714585789944977,0,0,1,0,432,322,318,435,271,317,415,232,318,401,203,292,393,175,305,2.23159122467041,-38.41415977478027,-1.0,-12.779773235321043,-67.65761804580688,0.0,-21.82974338531494,-87.22482490539551,-26.0,-28.33517360687256,-108.53015899658205,-13.0,38.491916951437645,68.85401864509087,93.59865264011871,112.9188977769221
2.830637109000236,0,0,1,0,432,322,318,436,271,319,417,232,318,404,204,291,393,176,304,3.033031463623047,-38.26446914672852,1.0,-11.276270866394045,-67.65761804580688,0.0,-19.709259033203125,-86.45099449157715,-27.0,-28.259547233581543,-107.6594009399414,-14.0,38.39751136389266,68.590870852356,92.68888466380746,112.18354879657748
2.8906263599637896,0,0,1,0,431,323,318,436,271,318,417,232,318,403,203,290,394,176,304,3.758756637573242,-39.0910701751709,0.0,-10.524518966674805,-68.40937280654907,0.0,-19.593445777893063,-87.80476379394531,-28.0,-26.789138793945312,-108.4111557006836,-14.0,39.27136385333003,69.21421665572264,94.22090883854688,112.54615336687046
2.949873312143609,0,0,1,0,432,321,317,436,271,318,416,232,318,403,202,289,393,177,304,3.0235753059387207,-37.39452171325684,1.0,-12.011451244354248,-66.71282434463501,1.0,-20.276641368865967,-86.70550346374512,-28.0,-28.242976665496823,-105.99595260620116,-13.0,37.52988491580969,67.79288969378445,93.34337960510707,110.4617929413779
3.009819620056078,0,0,1,0,431,323,318,436,271,319,416,231,318,404,202,288,393,177,304,3.784783363342285,-39.0162239074707,1.0,-11.276269912719728,-69.16112470626831,0.0,-18.808643341064453,-88.31378173828125,-30.0,-27.507795333862305,-107.69250106811523,-14.0,39.21211946714078,70.07435646354881,95.14772256469487,112.0283606522726
3.0675844789948314,0,0,1,0,432,321,317,436,271,319,416,232,318,405,202,289,394,177,302,3.049602031707764,-37.31967544555664,2.0,-12.011451244354248,-66.71282434463501,1.0,-18.91025018692017,-86.70550346374512,-28.0,-27.377797603607178,-105.70121383666992,-15.0,37.49744321835129,67.79288969378445,93.0561222759332,110.21474678176918
3.1270561951678246,0,0,1,0,429,322,317,435,270,317,417,232,317,406,203,289,394,179,300,4.496324062347412,-38.9681396484375,0.0,-8.992648601531982,-67.44485902786255,0.0,-15.978891849517822,-86.77169418334961,-28.0,-24.98311281204224,-104.73746109008788,-17.0,39.22668527589058,68.0417279186742,92.56701300240456,109.00959444643809
3.187416691100225,0,0,1,0,429,324,317,434,269,317,416,230,317,406,201,289,395,181,300,3.746936321258545,-41.21630668640137,0.0,-9.742035388946531,-70.44241333007812,0.0,-15.978891849517822,-89.63686561584473,-28.0,-24.27391481399536,-104.8178367614746,-17.0,41.38627149989548,71.1128740052394,95.25803200870568,108.92658924134292
3.2465381419751798,0,0,1,0,424,325,315,432,268,317,415,229,317,406,201,290,395,186,298,5.990416347980499,-42.31007766723633,2.0,-6.749169051647186,-71.53618431091309,2.0,-12.281531989574432,-90.07188415527344,-25.0,-20.3898646235466,-101.36403274536131,-17.0,42.77882373592946,71.88168715780563,94.28032850649144,104.7826975877661
3.30538057605736,0,0,1,0,426,325,315,434,269,316,417,228,317,407,200,291,398,189,298,5.978573262691498,-41.63080596923828,1.0,-6.739713251590729,-72.28557109832764,2.0,-13.127821505069733,-90.8504409790039,-24.0,-19.765770494937897,-99.2506217956543,-17.0,42.069791346115984,72.62663095397616,94.87962016971,102.6175989296308
3.363779436098412,0,0,1,0,426,324,315,434,269,316,418,230,316,409,202,292,399,189,299,5.978573262691498,-40.88614654541016,1.0,-5.973800241947174,-70.02005815505981,1.0,-11.789775431156158,-88.81820487976074,-23.0,-19.12274032831192,-98.6249656677246,-16.0,41.33304147519421,70.28153977659173,92.50228279767072,101.72788728084304
3.422970982035622,0,0,1,0,427,324,315,435,268,317,418,229,316,409,202,293,399,189,298,6.0046000480651855,-41.5654182434082,2.0,-6.718459606170654,-70.76708173751831,1.0,-12.57223653793335,-88.9064769744873,-22.0,-19.80595827102661,-98.50596237182616,-17.0,42.04449090530977,71.0923171455562,92.44686462817864,101.90535121294307
3.481709355954081,0,0,1,0,425,327,315,434,268,316,417,228,316,407,201,293,400,192,297,6.723232575226575,-43.86715316772461,1.0,-5.976164511870593,-73.74808692932129,1.0,-12.468221358489243,-91.83311080932616,-22.0,-17.553089789580554,-98.51461791992188,-18.0,44.390640717398966,73.99658686728512,95.2511248477532,101.6722228785683
3.5401077051647007,0,0,1,0,427,325,316,435,269,316,418,229,316,409,202,293,403,193,297,5.976186990737915,-41.83330535888672,0.0,-6.723210096359253,-71.71424055099487,0.0,-12.576987028121948,-89.85363578796387,-23.0,-16.940836668014526,-96.52568817138672,-19.0,42.2580199275608,72.02870158350589,93.59944693758403,99.82585047958337
3.598402164177969,0,0,1,0,426,327,314,435,269,316,418,229,315,409,203,292,404,196,295,6.727983355522156,-42.912899017333984,2.0,-5.954888463020325,-72.76939105987549,1.0,-11.787388920783997,-90.15467262268066,-22.0,-15.387690663337708,-95.29404830932616,-19.0,43.48313077624572,73.01948350839041,93.54575101666856,98.38057057737956
3.6575000800658017,0,0,1,0,426,327,314,434,270,315,418,230,315,410,204,291,405,195,295,5.959661364555359,-42.23835754394531,1.0,-5.954888463020325,-72.02473163604736,1.0,-11.0616637468338,-89.3808422088623,-23.0,-14.69031059741974,-95.99142837524414,-19.0,42.66844749449335,72.2774007823445,92.953189072853,98.95028826116824
3.717078060144559,0,0,1,0,428,325,316,436,271,315,420,232,315,411,205,291,407,198,292,5.950160503387451,-40.41410255432129,-1.0,-5.964389324188232,-69.45581912994385,-1.0,-11.872560024261476,-87.61332321166992,-25.0,-14.666783809661863,-92.52651405334473,-24.0,40.862012863872366,69.71861122413415,91.88064042943012,96.7071370178187
3.776414475170896,0,0,1,0,426,326,315,435,270,315,419,230,315,411,205,290,408,200,291,6.701934278011322,-41.70092010498047,0.0,-5.212615549564362,-71.48729419708252,0.0,-10.34305340051651,-88.07430076599121,-25.0,-12.439898073673248,-91.59509658813477,-24.0,42.23603509645226,71.6770855468314,92.13610155126068,95.50085226359562
3.834698464022949,0,0,1,0,428,326,316,436,271,315,420,231,315,411,204,290,407,202,291,5.950160503387451,-41.16112327575684,-1.0,-5.964389324188232,-70.94749927520752,-1.0,-11.839486598968506,-88.96472549438477,-26.0,-14.624254703521729,-90.42411422729492,-25.0,41.60099132638696,71.20478630974227,93.43926276046057,94.94940368124676
3.893174143042416,0,0,1,0,427,326,315,435,271,314,420,230,315,412,204,290,408,202,291,5.93361234664917,-41.03110504150391,-1.0,-5.212615489959717,-71.48729419708252,0.0,-10.402153491973875,-88.75986099243164,-25.0,-13.184557437896729,-90.2192497253418,-24.0,41.46998114790064,71.67708554249674,92.79826356493083,94.28332607538188
3.9518780009821057,0,0,1,0,430,325,316,438,272,315,422,231,315,411,204,290,407,202,290,5.945432662963867,-39.6694450378418,-1.0,-5.969117403030396,-70.20047855377197,-1.0,-13.33353328704834,-88.21770477294922,-26.0,-16.07577133178711,-89.58882331848145,-26.0,40.12496777768412,70.46089377626258,92.93086971143686,94.66038076989756
4.011232019169256,0,0,1,0,429,326,315,437,271,315,421,231,314,411,205,289,408,203,290,5.957274913787842,-40.95625877380371,0.0,-5.94784140586853,-70.72291946411133,-1.0,-12.543958187103271,-87.99312210083008,-26.0,-14.633710384368896,-89.44541931152344,-25.0,41.38724751835062,70.97963197225343,92.60745339361938,94.01929863292874
4.069944593124092,0,0,1,0,428,326,316,436,271,314,420,232,314,411,206,290,408,202,290,5.924134731292725,-41.23596954345703,-2.0,-5.952591896057129,-70.1854887008667,-2.0,-11.839486598968506,-87.59360694885254,-26.0,-13.896165370941162,-90.335844039917,-26.0,41.707320178877765,70.46585112279914,92.13475685775278,95.02456593124091
4.127348999958485,0,0,1,0,427,324,316,435,271,315,421,233,314,413,208,289,409,203,289,5.952524423599243,-39.66708183288574,-1.0,-4.463273048400879,-67.94915199279785,-2.0,-9.692999601364136,-84.65435981750488,-27.0,-12.42578101158142,-88.0703353881836,-27.0,40.12368288368354,68.1249444979218,89.38296749036492,92.95043845585089
4.187314437003806,0,0,1,0,427,325,316,435,271,315,420,231,314,412,206,290,408,202,290,5.952524423599243,-40.41410255432129,-1.0,-5.205568552017212,-70.1807632446289,-2.0,-10.406903982162476,-86.84658622741699,-26.0,-13.149142026901243,-89.58882331848145,-26.0,40.86235715526876,70.40197066523356,91.2503873408224,94.20752199072908
4.2465190689545125,0,0,1,0,429,325,316,437,271,314,421,231,315,412,206,289,408,204,289,5.919405460357666,-40.48894882202149,-2.0,-5.966753482818604,-70.20047855377197,-1.0,-11.870241641998293,-86.76777076721191,-27.0,-14.603024005889893,-88.13416290283203,-27.0,40.96821130726099,70.46069355536693,91.64359596038813,93.3267324012768
4.305979293072596,0,0,1,0,427,326,316,436,271,314,421,231,314,413,207,289,409,205,290,6.671158075332642,-41.23596954345703,-2.0,-4.463273048400879,-70.92778396606445,-2.0,-9.692999601364136,-86.83159637451172,-27.0,-12.463582754135132,-88.27916526794434,-26.0,41.81996573713317,71.09621188671933,91.44769198956396,92.8684656677077
4.365405040094629,0,0,1,0,425,328,314,434,270,314,420,231,314,412,207,289,408,203,290,6.68065826734528,-43.05313301086426,0.0,-3.71147687593475,-72.00265121459961,0.0,-8.882103039417416,-87.90646362304688,-25.0,-11.655050350818785,-90.72515106201172,-24.0,43.56837679941977,72.09824437898527,91.82286262752262,94.56687175700044
4.425149291055277,0,0,1,0,428,326,316,437,272,315,421,233,314,412,209,289,409,203,290,6.694819927215576,-40.416465759277344,-1.0,-5.210296392440796,-69.44319343566895,-2.0,-11.123218059539797,-85.4652042388916,-27.0,-13.210606098175049,-89.65028381347656,-26.0,40.97940114653557,69.66709627249305,90.31626163430109,94.27456444512504
4.483412040164694,0,0,1,0,427,326,316,435,271,315,420,233,314,412,209,289,409,207,289,5.952524423599243,-41.16112327575684,-1.0,-5.205568552017212,-69.44319343566895,-2.0,-10.376194715499878,-85.4652042388916,-27.0,-12.42578101158142,-86.83159637451172,-27.0,41.60132950201948,69.66674284401047,90.22730491580374,91.7775907435682
4.541834166040644,0,0,1,0,428,325,316,436,271,314,421,232,314,413,208,289,409,206,289,5.924134731292725,-40.48894882202149,-2.0,-5.210296392440796,-69.43846797943115,-2.0,-10.440022945404053,-85.40138053894043,-27.0,-13.172804355621338,-86.76777076721191,-27.0,40.96889489633304,69.66238600441106,90.17421958108358,91.82139630011577
4.600786942988634,0,0,1,0,427,326,316,436,272,314,421,233,314,413,208,290,408,203,290,6.671158075332642,-40.4936752319336,-2.0,-4.463273048400879,-69.44319343566895,-2.0,-9.721344709396362,-86.22248840332031,-26.0,-13.149142026901243,-89.65028381347656,-26.0,41.08822317715124,69.61521328595005,90.58047278204953,94.2659711872769
4.659311005147174,0,0,1,0,427,326,316,436,272,314,421,232,314,411,207,289,408,205,289,6.671158075332642,-40.4936752319336,-2.0,-4.463273048400879,-70.1854887008667,-2.0,-11.05938982963562,-86.83159637451172,-27.0,-13.10897707939148,-88.1979866027832,-27.0,41.08822317715124,70.35569366074127,91.602599484676,93.1650692097244
4.71898239501752,0,0,1,0,428,325,316,437,272,314,421,233,315,412,208,289,409,205,289,6.666429042816162,-39.74665451049805,-2.0,-5.219729900360107,-68.71115970611572,-1.0,-11.123218059539797,-85.40138053894043,-27.0,-13.172804355621338,-87.45096588134766,-27.0,40.351428982872434,68.91639172498843,90.25586838514704,92.46726019609378
4.77939884015359,0,0,1,0,427,326,315,436,271,314,421,233,314,412,209,289,409,205,289,6.67590856552124,-41.03110504150391,-1.0,-4.45852255821228,-69.23832893371582,-1.0,-10.37144422531128,-85.26033973693848,-26.0,-12.421030521392822,-87.99312210083008,-26.0,41.58268072289384,69.38893728063226,89.7379094216982,92.59088257633664
4.838302162010223,0,0,1,0,426,327,315,435,271,315,419,231,314,411,206,290,407,203,290,6.701934278011322,-41.70092582702637,0.0,-5.198453962802887,-71.46758651733398,-1.0,-10.34305340051651,-88.13340950012207,-25.0,-13.08529144525528,-90.1900863647461,-25.0,42.23604074600196,71.6633786966258,92.19260612306252,94.50119856746596
4.897098798071966,0,0,1,0,428,326,316,436,272,315,421,232,314,411,206,290,407,202,290,5.950160503387451,-40.416465759277344,-1.0,-5.210296392440796,-70.1854887008667,-2.0,-11.839486598968506,-87.59360694885254,-26.0,-14.581724643707275,-90.335844039917,-26.0,40.86435016596874,70.40703098893297,92.13475685775278,95.1272380130376
4.957139278994873,0,0,1,0,431,323,317,437,272,315,420,232,314,410,205,290,406,198,292,4.4395432472229,-38.373172760009766,-2.0,-8.207868576049805,-68.14219570159912,-3.0,-14.780323505401611,-86.23587226867676,-27.0,-17.61234712600708,-91.2302417755127,-25.0,38.6808729466324,68.70027613915929,91.56464180492304,96.21929009146488
5.017586573027074,0,0,1,0,430,321,317,436,270,315,419,231,314,408,202,291,399,190,296,4.444271326065064,-38.36371612548828,-2.0,-8.20077633857727,-67.38571548461914,-3.0,-15.442220449447632,-86.88204574584961,-26.0,-21.940738439559937,-95.72032165527344,-21.0,38.67203463197578,67.94915293018309,91.99430441822604,100.42298532239614
5.077110179001465,0,0,1,0,433,321,318,437,271,316,419,231,315,408,202,286,396,182,295,2.9502243995666504,-37.737253189086914,-2.0,-10.48203420639038,-67.59847354888916,-3.0,-17.50848913192749,-86.63373374938965,-32.0,-26.238531589508057,-101.37576293945312,-23.0,37.90519888175036,68.47208677442075,93.99973944135674,107.21243328798116
5.1382332851644605,0,0,1,0,433,321,318,435,270,316,417,231,315,404,201,293,392,174,302,1.4561781883239746,-38.48427772521973,-2.0,-11.97135305404663,-67.59847354888916,-3.0,-20.56025266647339,-87.94428253173828,-25.0,-29.573973178863525,-108.03603744506836,-16.0,38.563714641460486,68.7158418422164,93.71190329798787,113.14771441092547
5.1982022791635245,0,0,0,0,435,321,319,436,268,317,416,229,315,403,199,302,390,170,284,0.7020626068115234,-40.10361862182617,-2.0,-14.243177890777588,-69.28083896636963,-4.0,-23.24793910980225,-90.38090133666992,-17.0,-31.04008102416992,-108.1342544555664,-35.0,40.159595596429575,70.84280319349578,94.85870544806068,117.81979297489968
5.2566603750456125,0,0,0,0,434,322,318,436,269,317,416,228,315,403,197,303,386,167,282,1.4774765968322754,-39.91293525695801,-1.0,-13.467763900756836,-70.58420276641846,-3.0,-22.5245099067688,-92.46755027770996,-15.0,-32.765822887420654,-110.36505889892578,-36.0,39.95278886286048,71.9201664671141,96.34625784586002,120.62356890447728
5.315498932963237,0,0,0,0,435,322,319,436,269,317,415,226,316,400,194,302,383,158,283,0.7020626068115234,-40.108346939086914,-2.0,-15.011455059051514,-72.30046844482422,-3.0,-25.389720916748047,-94.70465469360352,-17.0,-35.64044380187988,-116.7525863647461,-36.0,40.16431732383915,73.90332550251676,99.51185632307856,127.26903652205613
5.374587362166494,0,0,0,0,435,322,319,436,268,317,414,225,315,398,190,300,381,153,285,0.7020626068115234,-40.85773468017578,-2.0,-15.732497215270996,-73.01359272003174,-4.0,-26.689966201782227,-97.32708358764648,-19.0,-37.186452865600586,-120.50585556030272,-34.0,40.91267988166409,74.79636482152847,102.69330793936382,130.61582408363114
5.432885490125045,0,0,0,0,436,321,319,436,267,317,413,223,315,397,187,299,380,148,286,-0.0520524978637695,-40.853004455566406,-2.0,-17.231271743774414,-73.74879550933838,-4.0,-28.087109565734863,-98.57683563232422,-20.0,-38.72066593170166,-123.33636856079102,-33.0,40.90196428668264,75.84063267791223,104.43312811095844,133.41720196420596
5.492529739160091,0,0,0,0,435,320,319,436,267,317,412,223,315,395,186,300,379,147,288,0.7020626068115234,-40.0988883972168,-2.0,-17.22181510925293,-72.99467945098877,-4.0,-28.81756401062012,-98.65564727783205,-19.0,-38.8600959777832,-123.6949348449707,-31.0,40.15487196588143,75.10535362948433,104.5198006853926,133.30995448841796
5.5504695870913565,0,0,0,0,435,320,319,435,266,317,411,222,316,394,184,301,378,143,289,-0.0473251342773437,-40.848276138305664,-2.0,-17.999547958374023,-73.78032875061035,-3.0,-29.60002326965332,-100.20487213134766,-18.0,-39.65201377868652,-126.64601135253906,-30.0,40.897235886299285,76.00342516790903,106.0244206606372,136.05695273749373
5.610222515184432,0,0,0,0,435,319,319,436,266,318,411,220,315,393,181,301,377,140,291,0.72808837890625,-40.0311393737793,-1.0,-17.966474533081055,-74.47454452514648,-4.0,-30.31158828735352,-101.58544921875,-18.0,-40.56210899353027,-128.4111557006836,-28.0,40.0502463444414,76.7153960387084,107.5285816770465,137.5453001537611
5.669283151160926,0,0,0,0,436,319,320,435,266,317,410,220,316,392,180,301,376,139,292,-0.8274669647216797,-40.28248023986816,-3.0,-19.526713371276852,-74.70858001708984,-4.0,-31.80329132080078,-102.48533248901369,-19.0,-42.1459846496582,-129.52459716796875,-28.0,40.40251125676565,77.32182397780021,108.9756519329864,139.05720151654788
5.728191323112696,0,0,0,0,436,321,319,434,266,317,409,220,316,391,180,302,375,137,294,-1.550827980041504,-41.60239219665527,-2.0,-20.24771022796631,-76.02849197387695,-3.0,-32.56918239593506,-103.9455223083496,-17.0,-43.04660129547119,-132.7089500427246,-25.0,41.67930066481446,78.73564225493791,110.24710086843686,141.73805171700943
5.787473966134712,0,0,0,0,437,320,320,435,266,317,409,220,316,390,179,302,375,137,295,-1.5839462280273438,-41.0389575958252,-3.0,-21.030216217041016,-75.46505737304688,-4.0,-34.06561470031738,-104.09601593017578,-18.0,-43.94728660583496,-132.38744354248047,-25.0,41.17893789554583,78.44262156795087,110.99750734789448,141.71379328678228
5.846366998972371,0,0,0,0,436,320,320,435,266,317,409,219,316,389,179,302,374,135,296,-0.8274669647216797,-41.0389575958252,-3.0,-20.27373695373535,-76.21208095550537,-4.0,-34.0230655670166,-104.09601593017578,-18.0,-44.00872802734375,-134.02886199951172,-24.0,41.156782455989486,78.96395186183224,110.98445622299062,143.09613548754163
5.906224208185449,0,0,0,0,436,321,320,435,266,317,409,219,316,389,179,303,374,136,297,-0.8274669647216797,-41.79543495178223,-3.0,-20.27373695373535,-76.9685583114624,-4.0,-34.10814666748047,-104.99513626098631,-17.0,-44.12926864624024,-134.32989501953125,-23.0,41.91113317945919,79.69431208445332,111.69755730343186,143.251223545247
5.964487969176844,0,0,0,0,435,321,320,434,266,317,408,219,316,389,178,303,374,135,297,-0.8203754425048828,-41.79543495178223,-3.0,-20.264281272888184,-76.9685583114624,-4.0,-33.351667404174805,-105.71142578125,-17.0,-43.37278938293457,-135.03199768066406,-23.0,41.9109937686441,79.69190714276898,112.1438329082051,143.67964106472172
6.023530811071396,0,0,0,0,435,320,320,434,266,317,408,219,316,389,179,303,374,136,297,-0.8203754425048828,-41.0389575958252,-3.0,-20.264281272888184,-76.21208095550537,-4.0,-33.351667404174805,-104.2386589050293,-17.0,-43.37278938293457,-133.57341766357422,-23.0,41.15664048994528,78.96152467547236,110.75663288922132,142.30972126029917
6.083309699082747,0,0,0,0,435,321,319,434,266,317,408,219,316,389,179,303,374,135,296,-0.7967128753662109,-41.60239219665527,-2.0,-20.24061870574951,-76.77551555633545,-3.0,-33.32800483703613,-104.80209350585938,-16.0,-43.22858619689941,-134.5922966003418,-23.0,41.65805789868387,79.45541161263117,111.13160985798952,143.22289261405504
6.145318340044469,0,0,0,0,436,320,320,434,267,317,408,220,316,389,179,302,374,137,295,-1.5768547058105469,-40.28956985473633,-3.0,-21.020760536193848,-75.46505737304688,-4.0,-34.0230655670166,-104.09601593017578,-18.0,-43.88818359375,-132.38744354248047,-25.0,40.43186750377622,78.44008705908772,110.98445622299062,141.69547581652762
6.203744424972683,0,0,0,0,435,321,320,434,267,316,409,220,316,390,179,301,375,137,294,-0.8416738510131836,-41.11143684387207,-4.0,-19.517257690429688,-76.2215347290039,-4.0,-32.469940185546875,-104.7098503112793,-19.0,-42.31614875793457,-132.90199279785156,-26.0,41.314145933798045,78.78226770155442,111.26297572806288,141.8788079148674
6.262647086987272,0,0,0,0,434,323,320,435,268,316,412,220,314,394,180,301,379,137,293,0.6618294715881348,-41.87737655639648,-4.0,-16.45828866958618,-77.64305877685547,-6.0,-28.86720609664917,-105.51124954223631,-19.0,-38.670886516571045,-134.17302703857422,-27.0,42.07318249782976,79.59472245166549,111.02675068554645,142.22109073084584
6.322213768027723,0,0,0,0,433,324,319,437,269,315,415,220,314,397,179,298,383,137,292,2.902899742126465,-41.75681114196777,-4.0,-13.455988883972168,-78.19940185546875,-5.0,-25.758593559265137,-106.35122299194336,-21.0,-35.025601387023926,-134.48743438720703,-27.0,42.04828300488383,79.50603805622987,111.42301276681349,141.57211152121738
6.380179817089811,0,0,0,0,432,327,319,438,272,314,420,222,312,403,181,297,390,138,289,4.370919227600098,-41.86238861083984,-5.0,-8.966801881790161,-78.89517307281494,-7.0,-20.72566509246826,-107.06670761108398,-22.0,-29.19132232666016,-135.3407974243164,-30.0,42.38589995622575,79.71105237152938,111.25121604819655,141.6660324376624
6.439474634127691,0,0,0,0,431,328,318,439,274,312,423,224,310,407,182,295,394,139,287,5.815299987792969,-41.08619499206543,-6.0,-5.976366877555847,-77.89203834533691,-8.0,-17.063855171203613,-106.63802719116212,-23.0,-25.5436954498291,-134.72771453857422,-31.0,41.92723617022767,78.52952692234038,110.41668350628376,140.58818386344268
6.497775787953287,0,0,0,0,431,330,318,439,275,312,424,224,309,408,183,294,396,140,286,5.815299987792969,-41.85213088989258,-6.0,-5.241186082363129,-79.35927677154541,-9.0,-16.32631015777588,-107.31096267700195,-24.0,-24.11822891235352,-135.31790924072266,-32.0,42.678080720350174,80.03977037231368,111.16740131006392,141.12627511257122
6.557291069999337,0,0,0,0,430,330,318,439,275,312,424,225,309,409,184,293,398,141,285,6.567051410675049,-41.85213088989258,-6.0,-4.489434659481049,-78.6288013458252,-9.0,-14.841742038726808,-106.48512268066406,-25.0,-21.95046377182007,-134.40933227539062,-33.0,42.78699597138306,79.26943562712549,110.38278243938312,140.1309796672897
6.619050301145762,0,0,0,0,429,331,317,439,277,311,425,226,308,411,184,292,400,141,284,7.295161724090576,-41.001089096069336,-6.0,-2.9977522240951657,-78.40185546875,-9.0,-12.6621356010437,-106.88936614990234,-25.0,-19.78267908096313,-134.71192169189453,-33.0,42.0750364425802,78.9736504116394,110.5018835762862,140.09873745877763
6.678911458002403,0,0,0,0,429,332,318,438,277,311,424,227,308,411,185,292,401,142,284,6.550480604171753,-41.96952629089356,-7.0,-3.735341966152191,-78.64218139648438,-10.0,-12.671613931655884,-107.16751098632812,-26.0,-19.12078022956848,-135.0089874267578,-34.0,43.050550905042265,79.36337615299422,111.00200543520688,140.53124536054574
6.7378557510674,0,0,0,0,428,332,318,438,278,310,425,228,307,412,187,291,403,144,283,7.271477937698364,-41.325714111328125,-8.0,-2.255501640494913,-77.88726234436035,-11.0,-11.19886565208435,-105.6632080078125,-27.0,-16.97429347038269,-133.44084930419922,-35.0,42.71637903907187,78.69252139275682,109.63178425254095,138.99491682016534
6.7969355140812695,0,0,0,0,428,334,318,438,279,310,425,228,307,412,187,290,403,144,282,7.271477937698364,-42.096378326416016,-8.0,-2.255501640494913,-79.3907642364502,-11.0,-11.168156385421751,-107.0429801940918,-28.0,-16.92230772972107,-134.71896743774414,-36.0,43.46239132398472,80.18092499901641,111.20668741528976,140.46908801010755
6.856456576148048,0,0,0,0,428,333,318,439,279,310,425,229,307,413,187,290,405,145,282,8.004316568374634,-41.34463119506836,-8.0,-2.255501640494913,-77.91327047348022,-11.0,-10.48259711265564,-106.29123306274414,-28.0,-15.589012861251833,-133.30057525634766,-36.0,42.86545943277613,78.71826346867644,110.41608156525412,138.95344790850453
6.9153756799642,0,0,0,0,429,334,318,440,279,309,426,229,306,413,188,290,404,145,281,7.949922323226929,-42.19013595581055,-9.0,-2.2838922142982483,-78.64057445526123,-12.0,-11.23434853553772,-106.357421875,-28.0,-16.957789659500122,-133.82930374145508,-37.0,43.86580487025309,79.58364225329234,110.55366016064175,139.8815540736465
6.9754217939917,0,0,0,0,428,334,317,439,279,310,426,229,307,413,188,290,404,145,281,8.011430978775024,-41.87260055541992,-7.0,-1.5226398706436155,-78.44123983383179,-10.0,-10.475482702255247,-106.1336441040039,-27.0,-16.19892382621765,-133.60552597045898,-36.0,43.2029825776118,79.09074875637727,110.01402705401075,139.31561902016082
7.034293867181987,0,0,0,0,427,334,318,438,279,310,425,229,307,412,188,290,402,146,281,8.023229241371155,-42.096378326416016,-8.0,-1.5037503368221223,-78.66501760482788,-11.0,-10.416405081748962,-106.357421875,-28.0,-16.782854437828064,-133.16501998901367,-37.0,43.59446381893395,79.44461127001235,110.47353838238284,139.22495017688365
7.093250063015148,0,0,0,0,428,333,318,439,279,310,425,229,307,412,189,290,402,147,280,8.004316568374634,-41.34463119506836,-8.0,-2.255501640494913,-77.91327047348022,-11.0,-11.168156385421751,-104.92011260986328,-28.0,-17.48025679588318,-131.53070068359375,-38.0,42.86545943277613,78.71826346867644,109.16481918235208,138.02131936757868
7.152439367026091,0,0,0,0,429,334,317,440,280,310,427,230,306,413,190,289,403,149,279,7.994883060455322,-41.1397590637207,-7.0,-1.551030516624451,-77.69341278076172,-11.0,-11.19652509689331,-104.6458854675293,-28.0,-17.50862455368042,-130.52126693725586,-38.0,42.48997447600252,78.48357844278846,108.90419422377,137.06331769174471
7.211396295111626,0,0,0,0,429,335,317,441,281,310,429,232,306,415,195,289,402,156,276,8.727722644805908,-41.15631103515625,-7.0,-0.1042635440826416,-76.9960355758667,-11.0,-9.83013391494751,-101.97929763793944,-28.0,-18.005131244659424,-126.06272506713869,-41.0,42.64991301969069,77.77789123707814,106.20926833150318,133.77965242326803
7.270074635976925,0,0,0,0,431,333,317,441,281,310,430,234,306,417,201,289,402,168,273,7.22894811630249,-39.65753936767578,-7.0,-0.8796548843383789,-74.05049753189087,-11.0,-9.962517738342283,-96.3813533782959,-28.0,-19.340857982635494,-116.22845077514648,-44.0,40.9142776982186,74.86821740522554,100.859392416962,125.77408937096354
7.328936110017821,0,0,1,0,431,334,317,440,282,310,432,235,307,420,203,286,399,181,273,6.496108531951904,-39.67408180236816,-7.0,0.5836825370788574,-74.08675503730774,-10.0,-7.877539157867432,-95.50662231445312,-31.0,-21.27697324752808,-108.5880012512207,-44.0,40.80725662084991,74.76087183321323,100.7202587819319,119.08007224683372
7.387889831094071,0,0,1,0,431,334,317,440,281,309,432,234,307,420,202,283,398,183,272,6.460626125335693,-40.50540733337402,-8.0,0.5836825370788574,-74.81250262260437,-10.0,-7.842146635055542,-95.91791152954102,-34.0,-21.85853910446167,-107.1640739440918,-45.0,41.79028252086746,75.48013800968621,102.06735529068328,118.26637085865134
7.446594292065129,0,0,1,0,430,334,317,440,283,310,433,235,307,422,201,281,400,190,272,7.245496034622192,-38.94124221801758,-7.0,2.058817148208618,-74.08675503730774,-10.0,-5.740597367286682,-96.40565490722656,-36.0,-19.823137044906616,-102.66302108764648,-45.0,40.2233459357876,74.78693736213432,103.06796183210648,113.8316856641581
7.504948819987476,0,0,1,0,430,335,318,440,284,310,432,235,307,422,202,279,402,194,272,7.233653545379639,-39.183929443359375,-8.0,1.3212275505065918,-75.06227993965149,-11.0,-5.738300800323486,-96.5403537750244,-39.0,-18.54896306991577,-101.0665168762207,-46.0,40.64118687042431,75.87550007728993,104.27831990918276,112.58110349637056
7.563340859953314,0,0,1,0,431,335,317,441,282,310,433,234,306,420,202,278,404,198,274,7.22894811630249,-40.423471450805664,-7.0,1.2904949188232422,-75.54926919937134,-11.0,-7.783159255981445,-96.2259464263916,-39.0,-18.099735736846924,-98.46380424499512,-43.0,41.65710905718607,76.35677739202059,104.1201725587254,108.95742829261532
7.622534033143893,0,0,1,0,431,334,316,441,282,309,432,234,306,420,202,279,404,201,275,7.205307960510254,-39.551151275634766,-7.0,0.5813183784484863,-74.57610177993774,-10.0,-7.780750274658203,-95.34105110168456,-37.0,-18.135150909423828,-95.6380672454834,-41.0,40.80698506425019,75.24581641359707,102.56439976917244,105.62444605752582
7.682973043061793,0,0,1,0,430,336,318,442,283,310,433,234,306,420,202,281,404,205,277,8.69933271408081,-40.66852188110352,-8.0,2.028039932250977,-76.52715921401978,-12.0,-7.081006765365601,-97.46864891052246,-37.0,-17.51105546951294,-95.15108299255373,-41.0,42.35099835498653,77.48883173293257,104.49535002694545,105.07790280697556
7.741516374982893,0,0,1,0,431,335,317,442,282,309,433,233,306,419,203,281,404,209,278,7.921576976776123,-40.52431869506836,-8.0,1.2904949188232422,-76.27265214920044,-11.0,-8.482835054397583,-95.82647705078124,-36.0,-18.298222064971924,-91.62560653686523,-39.0,42.059146300162304,77.07258165527115,102.71646506049564,101.24760097892428
7.800881206989288,0,0,1,0,430,336,316,443,282,309,434,233,305,419,204,282,404,212,278,9.41328239440918,-41.04520034790039,-7.0,2.753809928894043,-76.77854681015015,-11.0,-7.735766410827637,-95.7666187286377,-34.0,-17.536992073059082,-90.1749153137207,-38.0,42.68862093153369,77.61139555118754,101.91706110695672,99.413587817799
7.85928833601065,0,0,1,0,431,336,316,443,281,309,434,233,305,420,205,282,405,211,277,8.666258811950684,-41.77567863464356,-7.0,2.006786346435547,-76.77854681015015,-11.0,-7.816142797470093,-95.0999698638916,-34.0,-17.579566955566406,-90.76511192321776,-39.0,43.235533617393074,77.58848137267965,101.2970698309854,100.34115166161634
7.918661114061251,0,0,1,0,430,336,316,443,282,309,434,234,305,419,206,282,406,213,278,9.41328239440918,-41.04520034790039,-7.0,2.753809928894043,-76.05752754211426,-11.0,-7.735766410827637,-94.43332481384276,-34.0,-16.22260856628418,-89.5177230834961,-38.0,42.68862093153369,76.89818570645177,100.66526172101088,98.59308177934376
7.9783810609951615,0,0,1,0,431,337,317,443,284,309,435,235,305,420,207,283,407,217,277,8.652052402496338,-40.56214141845703,-8.0,2.713599681854248,-76.31439805030823,-12.0,-7.842146635055542,-94.82101631164552,-34.0,-16.284119129180908,-87.81403636932373,-40.0,42.23914448975559,77.29974756112887,101.03724262973064,97.85947843354911
8.037940958980471,0,0,1,0,431,337,317,443,283,309,436,236,305,422,210,283,408,218,278,8.652052402496338,-41.29261589050293,-8.0,3.434619426727295,-75.59337902069092,-12.0,-6.504123687744141,-92.81398391723631,-34.0,-15.669456958770752,-87.20965576171875,-39.0,42.94110079930599,76.6169404399072,99.05927132547704,96.8093793981774
8.09617769997567,0,0,1,0,432,337,317,444,284,309,435,236,304,421,208,284,409,219,279,8.633140087127686,-40.56214141845703,-8.0,1.940549373626709,-75.58548378944397,-13.0,-7.93195629119873,-94.22609329223631,-33.0,-15.79945421218872,-86.60054779052734,-38.0,42.23527464353557,76.71982202505282,100.15224704280334,95.8815812918334
8.155041499063373,0,0,1,0,430,338,317,443,283,309,435,235,305,421,209,284,408,222,277,9.401439905166626,-42.04200553894043,-8.0,3.462987184524536,-77.06378769874573,-12.0,-6.433181047439575,-94.304105758667,-33.0,-14.879903554916382,-85.28928852081299,-40.0,43.81686093305586,78.0693259527552,100.11818107282504,95.37124444081716
8.213597315130755,0,0,1,0,432,337,316,444,284,309,437,235,304,421,209,283,408,223,278,8.649710655212402,-40.331275939941406,-7.0,3.394430160522461,-76.07327365875244,-12.0,-7.905952215194702,-93.25212860107422,-33.0,-16.402274131774902,-83.69283390045166,-38.0,41.83813228817213,77.0886834838558,99.23438702919582,93.36768736014876
8.274717777967453,0,0,1,0,432,337,316,445,285,308,436,235,303,420,209,283,409,224,278,9.332883834838867,-39.708740234375,-8.0,2.6497488021850586,-76.0630145072937,-13.0,-8.574963808059692,-93.25212860107422,-33.0,-15.745081901550291,-83.03564262390137,-38.0,41.56785743426847,77.21141978134746,99.2899264424182,92.66512585676874
8.332058035070077,0,0,1,0,432,338,317,445,285,308,437,236,304,421,210,283,409,225,278,9.31631326675415,-40.688995361328125,-9.0,3.377859592437744,-76.33487343788147,-13.0,-7.922522783279419,-93.56337356567384,-34.0,-15.76165246963501,-83.35870552062988,-39.0,42.7011479517645,77.50756632873725,99.8642640800072,93.3707849096742
8.390487096970901,0,0,1,0,432,336,316,444,283,308,437,234,302,421,209,283,409,226,277,8.604772567749023,-40.41794013977051,-8.0,3.337649345397949,-76.01965832710266,-14.0,-7.905952215194702,-92.5051040649414,-33.0,-15.707281112670898,-80.94269943237305,-39.0,42.09099661548486,77.370074029448,98.53272734728588,91.21096025890722
8.449365574168041,0,0,1,0,432,338,317,445,285,308,436,236,303,421,210,282,409,226,278,9.31631326675415,-40.688995361328125,-9.0,2.633178234100342,-76.32697820663452,-14.0,-7.913089275360107,-93.4940128326416,-35.0,-15.76165246963501,-82.70151424407959,-39.0,42.7011479517645,77.64496912079107,100.14363393361543,92.78453614065896
8.508627159055322,0,0,1,0,433,338,316,445,285,308,436,235,304,420,209,282,409,228,277,8.585861206054688,-40.45576477050781,-8.0,1.9287528991699217,-76.82029819488525,-12.0,-9.310189008712769,-93.92742919921876,-34.0,-16.454303741455078,-81.12709331512451,-39.0,42.12346039698419,77.77582080889373,100.32468078868833,91.50600735130443
8.567399562103674,0,0,1,0,433,337,316,445,284,308,437,234,303,420,209,282,409,228,277,8.585861206054688,-40.43685531616211,-8.0,2.619017601013184,-76.779305934906,-13.0,-9.310189008712769,-93.18040466308594,-34.0,-16.454303741455078,-80.3800687789917,-39.0,42.105299909985945,77.91611561827443,99.6256364223306,90.844370043121
8.627061687177047,0,0,1,0,432,339,316,446,285,309,437,235,303,421,209,283,410,228,277,10.110662460327148,-41.0948486328125,-7.0,3.3660402297973637,-77.55706357955933,-13.0,-7.905952215194702,-94.74617767333984,-33.0,-15.05245304107666,-81.87411785125732,-39.0,42.895361981692616,78.71104330341723,100.63966546117402,91.92903521997492
8.686988482018933,0,0,1,0,433,339,316,446,285,308,437,234,303,420,209,282,409,228,277,9.313972473144531,-41.20278930664063,-8.0,2.619017601013184,-78.27335500717163,-13.0,-9.310189008712769,-94.67445373535156,-34.0,-16.454303741455078,-81.87411785125732,-39.0,42.99325446948525,79.38877349646572,101.02441194812856,92.16894968229612
8.745323162991554,0,0,1,0,432,338,316,445,285,308,436,235,304,420,210,282,409,227,278,9.332883834838867,-40.45576477050781,-8.0,2.6757755279541016,-76.82029819488525,-12.0,-8.563166379928589,-93.26078224182127,-34.0,-15.745081901550291,-81.81109237670898,-38.0,42.28204848208348,77.79793049578561,99.633836234518,91.56944053534966
8.806288867956027,0,0,1,0,432,339,316,445,285,308,437,235,303,420,210,283,409,227,278,9.332883834838867,-41.20278930664063,-8.0,3.3660402297973637,-77.55706357955933,-13.0,-8.574963808059692,-94.07716751098631,-33.0,-15.745081901550291,-82.5581169128418,-38.0,42.99735535264949,78.71104330341723,100.06519600340428,92.2374667490439
8.86415717098862,0,0,1,0,433,337,316,446,284,308,436,235,303,420,209,283,410,226,277,9.313972473144531,-40.43685531616211,-8.0,1.902726173400879,-76.0630145072937,-13.0,-9.321986436843872,-93.25212860107422,-33.0,-15.79947566986084,-81.68972396850586,-39.0,42.25978408712853,77.18939397888622,99.35722882488211,91.8903391738936
8.923141811974347,0,0,1,0,432,338,316,445,285,308,438,234,302,421,209,282,410,227,277,9.332883834838867,-40.45576477050781,-8.0,4.051576614379883,-77.51370739936829,-14.0,-7.896518707275391,-93.92742919921876,-34.0,-15.05245304107666,-81.78192138671875,-39.0,42.28204848208348,78.87198557065159,100.20337800527786,91.84693249236614
8.982799259014428,0,0,1,0,434,337,316,446,285,309,437,235,303,421,209,283,410,226,277,8.616616249084473,-39.60079956054688,-7.0,1.8719940185546875,-76.0630145072937,-13.0,-9.399998426437378,-93.25212860107422,-33.0,-16.546499252319336,-81.68972396850586,-39.0,41.12747745022293,77.18864254242509,99.36457849278236,92.02172373715722
9.041779853170738,0,0,1,0,433,337,316,445,284,308,437,235,304,421,209,283,410,224,278,8.585861206054688,-40.43685531616211,-8.0,2.647407531738281,-76.07327365875244,-12.0,-8.652974843978882,-93.25212860107422,-33.0,-15.83491325378418,-83.03564262390137,-38.0,42.105299909985945,77.05940391541154,99.29669411557374,92.68043171953364
9.100747191114351,0,0,1,0,432,336,315,445,285,308,436,237,303,422,210,282,411,221,278,9.349454402923584,-38.73321533203125,-7.0,2.6663193702697754,-73.65490674972534,-12.0,-7.213300943374634,-91.53823280334473,-33.0,-14.41412878036499,-84.0316915512085,-37.0,40.4558310703148,74.67365363563651,97.57192103909314,92.94133791513006
9.160608471138405,0,0,1,0,434,336,315,445,284,308,436,237,304,422,209,283,412,219,278,7.860136032104492,-39.46133041381836,-7.0,1.2030277252197266,-73.66043782234192,-11.0,-8.709688663482666,-92.27660369873048,-32.0,-15.246255874633787,-85.34607410430908,-37.0,40.84089049557726,74.48696111324954,98.05524089403562,94.262403338834
9.220201946096497,0,0,1,0,435,337,316,446,282,308,436,234,303,421,205,282,408,214,276,7.819925308227539,-41.89307403564453,-8.0,0.4086790084838867,-76.779305934906,-13.0,-10.137588500976562,-95.8469944000244,-34.0,-18.563013076782227,-89.48774909973145,-40.0,43.36105261616986,77.87315865160387,102.20282303407006,99.7629324620386
9.279954356141388,0,0,1,0,434,335,316,445,282,309,435,234,305,421,202,281,406,206,278,7.886139869689941,-40.29817581176758,-7.0,0.4867362976074219,-75.31050300598145,-11.0,-9.381131410598757,-96.26461601257324,-35.0,-19.210701942443848,-93.37104034423828,-38.0,41.65494179326677,76.11116064833953,102.85855298705644,102.62164607960052
9.338473121169956,0,0,1,0,433,335,316,444,283,310,434,234,306,422,201,279,406,196,278,7.947627067565918,-39.4644889831543,-6.0,0.5340390205383301,-75.32312631607056,-10.0,-7.955685615539551,-96.74763107299805,-37.0,-18.46367835998535,-99.9429531097412,-38.0,40.70148236497798,75.98591024461165,103.8864623127106,108.5057661826178
9.39676969917491,0,0,1,0,434,335,316,443,283,309,434,234,306,422,201,281,402,188,273,6.425189018249512,-39.56770133972168,-7.0,-0.212984561920166,-75.32312631607056,-10.0,-8.716848254203796,-96.92890167236328,-35.0,-21.567721366882324,-104.5936508178711,-43.0,40.69257970723467,75.9843320721472,103.42241257530924,115.1260109461377
9.45622250298038,0,0,1,0,434,335,315,444,283,310,434,234,306,421,201,282,400,183,272,7.221901893615723,-39.23834609985352,-5.0,-0.1916861534118652,-75.09698343276978,-9.0,-9.369266510009766,-96.79339408874512,-33.0,-22.77808952331543,-107.46117782592772,-43.0,40.20949728127548,75.63460626117589,102.6924743793561,117.96502067167128
9.515422780066729,0,0,0,0,436,334,316,444,281,309,432,233,306,418,199,289,400,168,273,5.661617279052734,-40.28162956237793,-7.0,-3.1537985801696777,-75.29948472976685,-10.0,-13.000232696533203,-98.27334785461426,-27.0,-24.352511405944824,-116.75405502319336,-43.0,41.27545990555536,76.0260405785588,102.7407268259186,126.78152143011826
9.575101148104295,0,0,0,0,435,335,316,444,281,309,431,231,306,415,195,288,400,158,276,6.408640861511231,-41.02865409851074,-7.0,-3.1301584243774414,-77.49327611923218,-10.0,-14.279178142547607,-101.64833641052246,-28.0,-23.7827205657959,-124.53165435791016,-40.0,42.11200701494853,78.19850213049646,106.39680081399702,132.9426595740763
9.635743652004749,0,0,0,0,434,336,316,444,281,310,429,230,306,413,191,290,399,149,279,7.200603485107422,-41.67719268798828,-6.0,-3.8299014568328857,-78.96368408203125,-10.0,-14.95050811767578,-105.34723663330078,-26.0,-23.87248516082764,-131.7915382385254,-37.0,42.71811186021036,79.68645775146419,109.5333645938504,138.95288805573864
9.694493211107329,0,0,0,0,435,336,316,444,280,310,428,229,305,412,189,290,399,146,281,6.453579902648926,-42.41003036499024,-6.0,-5.307423114776611,-79.66262483596802,-11.0,-16.38309097290039,-106.71835327148438,-26.0,-24.74239158630371,-134.2115135192871,-35.0,43.31580969021897,80.5934397818796,111.05499806313838,140.88973100459728
9.753694320097566,0,0,0,0,434,336,315,444,280,309,428,228,306,412,186,291,400,142,283,7.176962852478027,-42.27765083312988,-6.0,-4.531986713409424,-80.18195056915283,-9.0,-15.645478248596191,-108.67262649536131,-24.0,-23.427940368652344,-137.10037231445312,-32.0,43.300214269145336,80.81264814770388,112.38558955234254,142.7213385541167
9.813612950965762,0,0,0,0,436,334,315,444,279,309,427,226,306,412,183,292,401,139,286,5.687644004821777,-41.518802642822266,-6.0,-6.744688868522644,-80.13939094543457,-9.0,-17.16550636291504,-109.38025665283205,-23.0,-24.41838836669922,-138.32968139648438,-29.0,42.33391391330608,80.92473545856281,113.08269166470474,143.43067470272817
9.872835441026837,0,0,0,0,435,334,316,444,279,309,427,226,306,412,182,293,402,137,288,6.408640861511231,-41.74258041381836,-7.0,-6.023692011833191,-80.36316871643066,-10.0,-16.4752197265625,-110.42987442016602,-23.0,-23.12998676300049,-140.38953399658203,-28.0,42.8078695720299,81.20667307308508,113.9964474424188,145.01109455291356
9.931550294160845,0,0,0,0,435,334,316,443,278,309,426,225,307,411,180,295,402,135,290,5.678165435791016,-42.47305488586426,-7.0,-6.744688868522644,-81.12045097351074,-9.0,-17.234018325805664,-112.0957374572754,-21.0,-23.23868560791016,-142.24451446533203,-26.0,43.41891240063308,81.89638816259807,115.3406508727284,146.45660928842148
9.991217841161417,0,0,0,0,436,334,316,444,278,310,425,225,307,410,180,295,402,135,291,5.70655632019043,-42.38166046142578,-6.0,-8.217459810432047,-81.12045097351074,-9.0,-18.67842102050781,-112.0957374572754,-21.0,-24.040058135986328,-142.49117279052734,-25.0,43.18298193157909,82.0308125760182,115.5652965552798,146.65148726965413
10.05050735012628,0,0,0,0,435,334,316,443,279,310,425,225,307,411,180,295,401,135,291,5.72074031829834,-41.64882278442383,-6.0,-7.470436227973551,-81.12045097351074,-9.0,-17.234018325805664,-112.0957374572754,-21.0,-23.980958938598636,-142.49117279052734,-25.0,42.46588406141741,81.95934958003254,115.3406508727284,146.64181093683572
10.108676051953807,0,0,0,0,435,334,316,443,278,310,425,224,308,410,179,295,400,134,291,5.72074031829834,-42.38166046142578,-6.0,-7.470413719303906,-81.88246154785156,-8.0,-17.931397438049316,-112.7931137084961,-21.0,-24.66888236999512,-143.1791000366211,-25.0,43.18485861105702,82.61080189825634,116.12416421287608,147.4239073036711
10.16761204204522,0,0,0,0,435,333,316,443,277,311,425,224,308,409,180,296,400,135,291,5.763314247131348,-42.27845573425293,-5.0,-7.470413719303906,-81.13544464111328,-8.0,-18.66657829284668,-111.48899841308594,-20.0,-24.66888236999512,-141.74415588378906,-25.0,42.96142002290394,81.87043091525,114.79650653358776,146.03067994292346
10.22709972318262,0,0,0,0,435,333,316,442,278,311,425,225,308,410,180,296,400,135,291,5.028111457824707,-41.543251037597656,-5.0,-7.470413719303906,-80.40733337402344,-8.0,-17.966835021972656,-111.48899841308594,-20.0,-24.66888236999512,-141.74415588378906,-25.0,42.144081572685465,81.14891460431808,114.68480251480516,146.03067994292346
10.285938185174018,0,0,0,0,434,333,316,442,278,310,424,225,308,409,180,295,400,135,290,5.73492431640625,-41.6346435546875,-6.0,-7.451501548290253,-80.40733337402344,-8.0,-17.881752967834473,-111.34872055053712,-21.0,-23.862780570983887,-141.49749755859375,-26.0,42.45389146875453,81.14717577122148,114.7139688854163,145.83200647293847
10.344948477111757,0,0,0,0,436,333,316,441,278,311,422,226,308,407,183,295,396,139,288,3.545884132385254,-41.543251037597656,-5.0,-10.401771545410156,-79.6792221069336,-8.0,-20.77055931091309,-109.2565803527832,-21.0,-27.96199893951416,-138.28085327148438,-28.0,41.99303514933352,80.75255591527093,113.17869271409847,143.83138658228663
10.404019766952842,0,0,0,0,437,333,317,440,277,312,417,227,309,400,184,295,387,140,290,2.070749282836914,-42.41084098815918,-5.0,-14.836631298065186,-79.20169448852539,-8.0,-26.42762851715088,-108.78061294555664,-22.0,-35.044514656066895,-138.29110717773438,-27.0,42.7547358302597,80.97551505318407,114.086113536449,145.19486331107896
10.462660218123348,0,0,0,0,438,332,317,439,276,312,416,227,310,397,186,296,384,142,289,0.5837945938110352,-42.399017333984375,-5.0,-16.33774757385254,-78.48147583007812,-7.0,-29.33532428741455,-106.76255798339844,-21.0,-37.75367832183838,-135.94049072265625,-28.0,42.69680886220035,80.46902537159289,112.693411689443,143.8372595843839
10.523795180022717,0,0,0,0,440,332,317,438,275,313,412,226,310,393,186,296,376,143,291,-1.6217927932739258,-43.052284240722656,-4.0,-20.767879486083984,-79.21431541442871,-7.0,-33.63307189941406,-106.76255798339844,-21.0,-44.94964027404785,-135.7127914428711,-26.0,43.26811054585457,82.19010028540606,113.88778386003334,145.30805869593925
10.582285101059824,0,0,0,0,442,331,316,438,274,313,411,227,310,391,186,296,373,144,291,-3.08035659790039,-42.82614326477051,-3.0,-22.959282875061035,-77.5154037475586,-6.0,-36.491122245788574,-105.7964859008789,-20.0,-48.47197818756104,-134.0587921142578,-25.0,43.04145842911084,81.0664325617212,113.68596409289914,144.72834004627146
10.6416405281052,0,0,0,0,444,332,317,437,275,313,408,229,312,387,188,297,369,146,291,-5.359273910522461,-43.052284240722656,-4.0,-26.777118682861328,-77.06468343734741,-5.0,-40.9188928604126,-105.48443984985352,-20.0,-52.76265811920166,-133.64901733398438,-26.0,43.56857807172484,81.73725905763301,114.8970097233139,146.02040243111034
10.700553042115644,0,0,0,0,444,332,318,436,276,313,406,229,312,384,189,297,366,147,292,-6.144143104553223,-42.53139877319336,-5.0,-28.29719066619873,-77.28373098373413,-6.0,-43.07015228271485,-105.00138092041016,-21.0,-55.01081657409668,-133.3984375,-26.0,43.26280592025467,82.51973142446231,115.41805756834292,146.61968854008086
10.760384866036476,0,0,0,0,443,332,317,435,275,314,405,230,312,384,189,297,366,147,291,-6.066086769104004,-42.96798324584961,-3.0,-28.24043273925781,-76.32711601257324,-5.0,-42.2758264541626,-104.78233337402344,-20.0,-54.07703685760498,-132.96109771728516,-26.0,43.4976435327928,81.53741889523704,114.74573146608748,145.87316210147847
10.819165657041594,0,0,0,0,442,332,317,434,274,314,403,229,313,380,189,299,360,147,294,-6.058994293212891,-43.71027755737305,-3.0,-29.01816463470459,-77.08912658691406,-4.0,-44.54758358001709,-105.02033996582033,-18.0,-57.91610431671143,-133.61597442626953,-23.0,44.23007772984099,82.46688618287997,115.48921598727338,147.4330484019974
10.878668748075144,0,0,0,0,441,331,317,433,275,314,401,230,314,377,190,300,357,148,294,-6.051902294158936,-42.21859359741211,-3.0,-29.805354118347168,-75.62188482284546,-3.0,-46.03214931488037,-103.68075180053712,-17.0,-59.2517614364624,-132.17156600952148,-23.0,42.75552790834763,81.33897342774728,114.70683094075967,146.65979031327143
10.937893213005736,0,0,0,0,441,333,317,432,275,314,400,230,314,377,190,299,356,148,294,-6.794197082519531,-43.71737289428711,-3.0,-30.547648429870605,-77.12066411972046,-3.0,-45.91870021820069,-105.06289291381836,-18.0,-59.94678020477295,-133.67034530639648,-23.0,44.34376852246848,83.00455203699201,116.06351061875324,148.29152933074306
10.998025404987857,0,0,0,0,441,334,318,433,275,314,401,230,313,378,190,300,357,148,293,-6.089748859405518,-44.69053268432617,-4.0,-29.786487579345703,-78.07174444198608,-5.0,-45.36079788208008,-106.15269088745116,-18.0,-59.12887954711914,-134.4275779724121,-25.0,45.280556012260455,83.71040629771964,116.83319634053362,148.96978927294842
11.057322198990732,0,0,0,0,441,333,317,432,275,314,402,230,314,379,190,299,359,148,293,-6.794197082519531,-43.71737289428711,-3.0,-29.063057899475098,-77.12066411972046,-3.0,-44.50503063201904,-105.06289291381836,-18.0,-57.705729484558105,-133.45441818237305,-24.0,44.34376852246848,82.46974092802148,115.5115111968388,147.36360794898007
11.116193403955547,0,0,0,0,440,332,317,432,274,314,402,229,314,379,190,300,359,148,294,-6.0448102951049805,-43.71027755737305,-3.0,-28.313671112060547,-77.11356973648071,-3.0,-43.86436653137207,-104.4301414489746,-17.0,-57.11234474182129,-132.92095565795898,-23.0,44.22813692262423,82.20198665084078,114.537055550819,146.4882260624851
11.17534246412106,0,0,0,0,441,332,318,432,274,315,401,229,314,379,189,299,360,147,293,-6.8154730796813965,-43.847389221191406,-3.0,-29.84320068359375,-77.33261728286743,-4.0,-44.542877197265625,-105.23938751220705,-19.0,-57.050926208496094,-133.61672973632812,-25.0,44.47520899124044,82.98765162877967,115.84643539166478,147.42197477539847
11.234026520047337,0,0,0,0,441,330,318,433,273,315,402,228,314,380,189,299,362,146,293,-6.07081413269043,-43.088544845581055,-3.0,-29.10090446472168,-76.57141017913818,-4.0,-43.836042404174805,-103.7358856201172,-19.0,-55.66562271118164,-132.80587768554688,-25.0,43.617398835136,82.01245940396304,114.20916153728932,146.1542428383523
11.293182312976567,0,0,0,0,440,332,318,432,273,315,401,229,313,380,189,299,361,147,293,-6.063722133636475,-44.5920467376709,-3.0,-29.03473663330078,-77.30817413330078,-5.0,-43.08429145812988,-105.23938751220705,-19.0,-55.60652160644531,-133.61672973632812,-25.0,45.102320986492245,82.73191475597488,115.29347273108552,146.86904272377834
11.352579451166092,0,0,0,0,439,331,317,432,273,315,402,229,314,381,190,299,362,148,291,-5.2788519859313965,-43.62360954284668,-2.0,-27.56428337097168,-76.36418008804321,-3.0,-41.59258460998535,-103.56411361694336,-18.0,-53.831180572509766,-131.52378463745117,-26.0,43.98733440248586,81.24209326620235,113.04631229634136,144.47249540029682
11.412604056997225,0,0,0,0,439,330,317,432,273,315,403,229,314,382,191,298,364,150,290,-5.2788519859313965,-42.87421989440918,-2.0,-26.82198905944824,-75.61479043960571,-3.0,-40.78412055969238,-101.99361419677734,-19.0,-52.3111572265625,-129.18734741210938,-27.0,43.24424828625795,80.28708258699308,111.47664251648676,141.96770020592425
11.472111657029018,0,0,0,0,440,329,319,433,273,315,405,230,314,385,194,299,367,156,286,-5.354545593261719,-42.548749923706055,-4.0,-26.157750129699707,-74.54702520370483,-5.0,-39.58559608459473,-99.6619110107422,-20.0,-50.526472091674805,-123.96046447753906,-33.0,43.07049197049408,79.16114487909842,109.08490236364416,137.86994282844256
11.532090886030346,0,0,0,0,440,329,319,433,273,315,406,230,314,387,196,299,368,159,283,-5.354545593261719,-42.548749923706055,-4.0,-25.41545391082764,-74.54702520370483,-5.0,-38.171926498413086,-98.24824142456056,-20.0,-49.44619178771973,-121.36238479614258,-36.0,43.07049197049408,78.91897277724291,107.28379614657092,135.90347429596838
11.593184459023178,0,0,0,0,439,329,318,433,275,314,408,233,315,390,200,301,373,167,282,-4.586246013641357,-40.9317741394043,-4.0,-23.18379592895508,-72.12316608428955,-3.0,-35.429619789123535,-95.3949375152588,-17.0,-45.19099712371826,-115.6273193359375,-36.0,41.38168419357588,75.81714502470697,103.17195385346729,129.25905460682736
11.653195910155771,0,0,0,0,439,329,318,434,275,315,410,235,314,393,204,300,377,174,279,-3.822651863098145,-40.84747314453125,-3.0,-21.65903949737549,-70.62358832359314,-4.0,-33.21930408477783,-92.46514320373537,-18.0,-42.18405818939209,-110.49740219116212,-39.0,41.13549233398878,73.97841049690939,99.88656001466975,124.53983562026028
11.712074149167163,0,0,0,0,439,328,318,435,276,315,411,236,314,395,207,300,380,179,278,-3.0779924392700195,-39.35106658935547,-3.0,-20.916743278503414,-69.12954592704773,-4.0,-31.80090618133545,-89.58579635620117,-18.0,-40.09903430938721,-106.30523300170898,-40.0,39.5851042587498,72.33535974513862,96.75180898943876,120.45221092239464
11.770456263097005,0,0,1,0,438,330,318,435,276,315,412,235,314,396,206,296,384,182,288,-2.3262414932250977,-40.85456848144531,-3.0,-19.422697067260746,-71.37534308433533,-4.0,-30.065821647644043,-91.48323822021484,-22.0,-37.68753147125244,-107.19266891479492,-30.0,41.03056379444361,74.0788820229703,98.77821878635248,117.5185870297694
11.828963257139549,0,0,1,0,438,329,318,435,276,315,412,235,314,396,204,287,385,185,299,-2.3262414932250977,-40.102813720703125,-3.0,-19.422697067260746,-70.62358832359314,-4.0,-29.449021339416504,-91.37908172607422,-31.0,-38.04661083221436,-105.81147003173828,-19.0,40.28209363727533,73.35483889333368,100.88796476760724,114.03776473649164
11.890637739095837,0,0,1,0,437,329,318,434,276,314,411,235,314,395,204,282,385,187,289,-2.340447425842285,-40.18947792053223,-4.0,-19.413240432739254,-70.62358832359314,-4.0,-29.02124786376953,-90.96136665344238,-36.0,-36.34948348999024,-103.16048812866212,-29.0,40.45580093976733,73.35233555790643,102.04020311148116,113.15640176734549
11.949844210175796,0,0,1,0,437,329,318,433,274,314,410,234,313,394,204,280,387,187,293,-3.0827431678771973,-41.67406845092773,-4.0,-20.12009906768799,-71.35326051712036,-5.0,-29.541372299194336,-90.79428100585938,-38.0,-35.34233283996582,-103.65541458129884,-25.0,41.97893860844631,74.30414640460938,102.76329179571158,112.33221026309356
12.009304840117691,0,0,1,0,436,329,317,433,274,314,412,234,313,397,205,280,388,191,293,-2.304966449737549,-41.46211624145508,-3.0,-17.862459182739258,-71.1413083076477,-4.0,-26.7778377532959,-89.92040824890137,-37.0,-33.871904373168945,-100.67285537719728,-24.0,41.63436025153201,73.45851343294942,100.85500688806148,108.89595821545986
12.067159589147195,0,0,1,0,435,328,317,433,274,313,412,234,313,398,205,281,388,194,290,-1.574512958526611,-40.79466438293457,-4.0,-17.11307144165039,-70.3919186592102,-4.0,-25.43033790588379,-89.252197265625,-36.0,-32.86017990112305,-97.52396392822266,-27.0,41.020528192270255,72.55259765640301,99.5422362756105,106.3941491032634
12.12519748113118,0,0,1,0,435,329,317,434,275,314,413,234,313,399,205,282,389,197,288,-0.8132829666137695,-40.71982192993164,-3.0,-16.373140335083008,-71.1413083076477,-4.0,-24.82749557495117,-90.08276557922365,-35.0,-32.00445747375488,-96.01649284362792,-29.0,40.83828261801818,73.11063857029363,99.7813068210954,105.28272506057124
12.184148932108656,0,0,1,0,434,330,316,433,274,314,412,233,313,397,204,284,389,198,287,-0.7848925590515137,-41.9971809387207,-2.0,-16.342385292053223,-72.41630411148071,-3.0,-25.52244281768799,-91.451566696167,-32.0,-31.148690223693848,-95.77299880981444,-29.0,42.05210176826956,74.2980124781301,100.19373303039283,104.80318794615152
12.243904350092636,0,0,1,0,436,327,318,433,274,314,411,232,313,396,204,285,390,202,286,-2.3309922218322754,-40.17056655883789,-4.0,-18.628416061401367,-71.32962131500244,-5.0,-27.80845069885254,-89.70849418640137,-33.0,-31.933603286743164,-91.14424324035645,-32.0,40.43646797627443,73.89135782957521,99.5486004897212,101.74000243135616
12.303525269031525,0,0,1,0,436,330,318,434,274,314,412,232,313,395,204,286,391,203,287,-1.5886964797973633,-42.42582321166992,-4.0,-17.888484954833984,-73.58487796783447,-5.0,-28.55308723449707,-92.04729461669922,-32.0,-31.337854385375977,-92.8093032836914,-31.0,42.64357433063967,75.89289926943371,101.54793566032852,102.7454519357584
12.363100411137566,0,0,1,0,436,328,318,433,274,314,412,232,312,396,205,286,392,206,286,-2.3309922218322754,-40.92232131958008,-4.0,-17.857775688171387,-72.06402492523193,-6.0,-27.87698554992676,-89.8676872253418,-32.0,-30.581398010253903,-89.19158554077148,-32.0,41.18336930025518,74.48572910936359,99.3847449590866,99.57088347272168
12.420757981017232,0,0,1,0,435,329,317,433,274,314,412,231,313,396,205,287,392,209,286,-1.5555787086486816,-41.46211624145508,-3.0,-17.11307144165039,-73.36110258102417,-4.0,-27.17010498046875,-90.48866271972656,-30.0,-29.805984497070312,-87.70306777954102,-31.0,41.599602261785314,75.43678536410854,99.1282638073225,97.67919333093596
12.479774406179786,0,0,1,0,434,329,317,433,273,314,412,231,312,396,205,288,392,209,287,-0.8061909675598145,-42.20441055297852,-3.0,-16.332974433898926,-73.3413872718811,-5.0,-26.48925018310547,-90.5698413848877,-29.0,-29.134584426879883,-87.7747917175293,-30.0,42.31858000926472,75.3042172844419,98.71968670810736,97.2277638886272
12.538052661111578,0,0,1,0,435,328,318,433,274,314,411,232,312,396,206,288,393,211,286,-1.5792412757873535,-40.92232131958008,-4.0,-17.843591690063477,-72.06402492523193,-6.0,-27.262300491333008,-89.34921646118164,-30.0,-29.15354347229004,-85.81106948852539,-32.0,41.147665610458496,74.4823298026193,98.11480780344436,96.1117513301846
12.59711228008382,0,0,1,0,434,330,317,432,274,314,411,233,312,397,208,287,393,210,287,-1.5484857559204102,-42.21149826049805,-3.0,-17.070541381835938,-72.61563444137573,-5.0,-25.74224853515625,-89.2026424407959,-30.0,-28.45611953735352,-87.84570693969727,-30.0,42.34629137873018,74.7625156638839,97.5693331844911,97.09077694023944
12.656105992151424,0,0,1,0,434,329,317,432,275,314,412,235,313,397,210,286,393,209,286,-1.5484857559204102,-40.71982192993164,-3.0,-16.363683700561523,-70.40137696266174,-4.0,-25.67607879638672,-87.0269660949707,-31.0,-28.3804931640625,-87.70306777954102,-31.0,40.8595362937666,72.38870093109023,95.88510755093014,97.253691396153
12.717182093067096,0,0,1,0,434,330,317,432,275,313,411,235,312,397,210,287,394,212,287,-1.565056324005127,-41.553504943847656,-4.0,-17.070541381835938,-71.14049983024597,-5.0,-25.74224853515625,-87.84570693969727,-30.0,-27.777650833129883,-86.48877143859863,-30.0,41.77491082474839,73.33058092751074,96.33032537773828,95.66559188530344
12.776314923074096,0,0,1,0,436,328,318,433,275,313,412,234,312,397,208,287,394,214,286,-2.349926471710205,-40.26432800292969,-5.0,-17.857775688171387,-70.58889031410217,-6.0,-27.26704978942871,-87.91346549987793,-31.0,-29.229190826416016,-83.78275680541992,-32.0,40.64158294099717,73.05950717261507,97.1250195388264,94.3286591354037
12.834520077100024,0,0,1,0,435,328,318,433,275,313,413,233,312,397,208,288,394,212,287,-1.5981755256652832,-40.26432800292969,-5.0,-16.368457794189453,-71.32645750045776,-6.0,-26.58146858215332,-87.98755264282227,-30.0,-28.550701141357425,-85.19959449768066,-31.0,40.60505232773803,73.42608494346385,96.68704097270442,95.053213718592
12.894551075994968,0,0,1,0,435,329,319,433,275,314,412,234,312,396,208,287,394,214,286,-1.6029038429260254,-41.14373397827149,-5.0,-17.129687309265137,-71.55259728431702,-7.0,-27.217430114746094,-88.87717247009277,-32.0,-28.50110244750977,-84.74646377563477,-33.0,41.477417306342,73.9067004096709,98.30534211491106,95.30622205920464
12.956046564038845,0,0,1,0,435,328,319,433,275,313,412,234,312,397,209,287,394,215,286,-1.621838092803955,-40.47392272949219,-6.0,-17.129687309265137,-70.79848504066467,-7.0,-26.53896141052246,-87.4445915222168,-32.0,-28.50110244750977,-83.31624984741211,-33.0,40.94836724354433,73.17685201869796,96.82392813368268,94.036749887264
13.015447470126674,0,0,1,0,434,329,318,432,275,313,412,234,312,397,210,287,393,215,286,-1.586355209350586,-41.016075134277344,-5.0,-16.354273319244385,-71.34063744544983,-6.0,-25.76354742050171,-87.30827713012695,-31.0,-28.40179204940796,-83.85840225219727,-32.0,41.35015045040245,73.43669931937075,96.1638998331468,94.14294142371554
13.075372655177487,0,0,1,0,434,329,318,433,275,313,412,234,312,397,209,287,394,216,285,-0.8464241027832031,-41.016075134277344,-5.0,-16.354273319244385,-71.34063744544983,-6.0,-25.76354742050171,-87.98674392700195,-31.0,-27.652425289154053,-83.12712287902832,-33.0,41.32837830332152,73.43669931937075,96.78030524111946,93.61503716026246
13.13301106914878,0,0,1,0,435,329,318,433,275,313,412,234,311,397,209,288,394,215,286,-1.5981755256652832,-41.016075134277344,-5.0,-17.07531452178955,-71.3280143737793,-7.0,-26.58146858215332,-88.05846786499023,-30.0,-28.477439880371094,-83.85840225219727,-32.0,41.35060561142387,73.67667202394597,96.7515800114578,94.16579108376604
13.193807983072476,0,0,1,0,435,328,318,434,275,314,413,234,311,397,208,288,394,213,287,-0.8369455337524414,-40.18002700805664,-4.0,-16.34011173248291,-70.57626724243164,-7.0,-26.58146858215332,-87.98755264282227,-30.0,-28.550701141357425,-84.52112770080566,-31.0,40.3873129608127,72.7805519991787,96.68704097270442,94.4455587281848
13.25329240015708,0,0,1,0,435,328,319,433,274,314,412,233,311,396,207,288,394,212,287,-1.6029038429260254,-41.13191604614258,-5.0,-17.098977088928223,-71.52106523513794,-8.0,-27.28596305847168,-88.87797737121582,-31.0,-28.574363708496094,-85.40918922424316,-32.0,41.46569447575415,73.97051973493595,98.00417665399078,95.5783650482053
13.31201532203704,0,0,1,0,435,327,318,433,275,313,413,235,311,398,210,286,394,214,285,-1.5981755256652832,-39.5125732421875,-5.0,-16.34011173248291,-69.08930897712708,-7.0,-25.773027420043945,-85.73541641235352,-32.0,-28.404176712036133,-82.97109985351562,-33.0,39.85972414894598,71.33955330927547,95.07265942316955,93.70165775262802
13.370044928975403,0,0,1,0,436,328,318,434,275,314,413,234,311,397,208,287,395,211,286,-1.5886964797973633,-40.18002700805664,-4.0,-17.091862678527832,-70.57626724243164,-7.0,-27.26704978942871,-87.91346549987793,-31.0,-28.55308723449707,-85.81106948852539,-32.0,40.40988154985215,72.95300725601915,97.1250195388264,95.93132146168598
13.428447494050488,0,0,1,0,436,329,318,433,275,313,412,234,311,397,209,287,393,215,285,-2.349926471710205,-41.016075134277344,-5.0,-17.827065467834473,-71.3280143737793,-7.0,-27.26704978942871,-87.98674392700195,-31.0,-29.829669952392575,-83.80086326599121,-33.0,41.38647815220725,73.85451846502367,97.1913530675183,94.8756759849121
13.488211720017716,0,0,1,0,435,329,318,433,274,313,412,231,311,397,205,287,393,212,285,-1.5981755256652832,-41.75600624084473,-5.0,-17.07531452178955,-73.5336241722107,-7.0,-26.51529884338379,-90.70061492919922,-31.0,-29.077919006347656,-85.82208061218262,-33.0,42.08465542446913,75.813984527381,99.45181054806808,96.4362737477122
13.548786947038025,0,0,1,0,437,327,319,434,273,314,412,230,311,395,202,286,390,204,285,-2.368838310241699,-41.12009048461914,-5.0,-18.60720729827881,-72.97255563735962,-8.0,-29.333229064941406,-91.35147285461426,-33.0,-32.63102912902832,-89.91572380065918,-34.0,41.49064034699072,75.73124876620393,101.46196292248464,101.51660676271604
13.608559709973632,0,0,1,0,435,326,318,432,274,314,412,234,312,398,205,281,387,194,290,-2.321536064147949,-39.4188117980957,-4.0,-17.106024742126465,-69.0853807926178,-6.0,-25.45400047302246,-87.95828247070312,-37.0,-33.56940269470215,-96.23004913330078,-28.0,39.68919567427423,71.42412702819158,98.7601417337816,105.69355303648638
13.667568712029606,0,0,1,0,437,326,319,434,275,315,411,234,312,394,204,280,384,186,288,-2.3475399017333984,-38.79708099365234,-4.0,-19.37548446655273,-69.29024529457092,-7.0,-29.56976318359375,-88.74388885498047,-39.0,-36.96417045593262,-101.66719818115234,-31.0,39.07332129750746,72.2879484512836,101.34519576101742,112.53252455846244
13.726333864964545,0,0,1,0,438,326,320,434,275,315,411,233,312,394,203,287,382,183,282,-3.132410049438477,-39.001953125,-5.0,-20.16035461425781,-70.23268461227417,-8.0,-30.86746406555176,-90.21202850341795,-33.0,-38.50092697143555,-103.1154441833496,-38.0,39.44571383918056,73.50557724431391,100.89603770485552,116.44361814538958
13.786993885179982,0,0,0,0,437,326,319,433,273,314,411,232,313,394,202,295,376,174,277,-3.1111340522766118,-40.365970611572266,-5.0,-19.408557891845703,-70.78273105621338,-6.0,-30.668684005737305,-91.39179229736328,-24.0,-41.13687133789063,-108.1380844116211,-42.0,40.793268298894006,73.64025485573336,99.34298102014132,123.0856916285766
13.845375610049814,0,0,0,0,438,327,320,433,273,314,410,231,313,391,198,295,372,164,279,-3.8960041999816895,-41.32732009887695,-6.0,-20.93336009979248,-72.48401212692261,-7.0,-33.54569435119629,-95.1426601409912,-25.0,-44.79159164428711,-116.00391006469728,-41.0,41.94193885934833,75.77029483302442,103.9347843034662,130.935838609324
13.905293632065876,0,0,0,0,437,326,319,433,272,314,408,229,313,390,195,295,370,159,280,-3.1111340522766118,-41.10826873779297,-5.0,-21.628353118896484,-73.00252532958984,-6.0,-33.45820236206055,-96.2734489440918,-24.0,-45.45582962036133,-118.5302619934082,-39.0,41.52792932123924,76.37508993862518,104.70925592750262,132.80307020058424
13.963664757087829,0,0,0,0,437,327,319,432,272,315,407,229,313,388,193,296,369,155,283,-3.83685827255249,-41.7851791381836,-4.0,-22.368284225463867,-73.75664520263672,-6.0,-34.940406799316406,-98.5318717956543,-23.0,-46.514835357666016,-122.53019714355467,-36.0,42.1511883226766,77.30706856904335,107.04373772835557,135.9164416852838
14.022640123963356,0,0,0,0,437,326,319,432,271,315,406,227,312,387,189,295,369,150,286,-3.83685827255249,-41.77571678161621,-4.0,-23.063321113586422,-74.45321655273438,-7.0,-35.55034255981445,-100.45772552490234,-24.0,-46.91191864013672,-125.75473022460938,-33.0,42.14180814845828,78.2572567615091,109.2317786807336,138.21714902414638
14.081414425047114,0,0,0,0,437,327,319,432,271,315,405,226,312,386,187,297,368,147,288,-3.83685827255249,-42.529836654663086,-4.0,-23.800889015197757,-75.94490432739258,-7.0,-36.43206787109375,-102.85406494140624,-22.0,-47.85747146606445,-128.9737434387207,-31.0,42.88949157166565,79.8943728382079,111.31151892025818,141.01618372272782
14.141833081142977,0,0,0,0,437,327,319,431,271,314,405,225,312,385,186,297,367,145,288,-4.595724105834961,-42.60468292236328,-5.0,-23.800889015197757,-76.68247127532959,-7.0,-37.13417434692383,-103.55617141723631,-22.0,-48.53830337524414,-130.3354034423828,-31.0,43.14255077034813,80.59580459804039,112.19103147321434,142.49310258758467
14.201436418108642,0,0,0,0,437,327,319,432,271,315,404,225,312,384,185,297,367,143,289,-3.83685827255249,-42.529836654663086,-4.0,-24.53845596313477,-76.68247127532959,-7.0,-37.83628273010254,-104.2582778930664,-22.0,-48.675392150878906,-131.92481994628906,-30.0,42.88949157166565,80.81668900633366,113.07242280972012,143.78265513928525
14.263591919094324,0,0,0,0,438,326,320,432,270,315,404,225,313,384,184,297,367,143,290,-4.621728420257568,-42.72525024414063,-5.0,-25.372947692871094,-76.16712284088135,-7.0,-38.62115287780762,-104.41114044189452,-23.0,-49.59735107421875,-131.6033172607422,-30.0,43.26438930592983,80.58670533334318,113.67620550488132,143.80309575113768
14.32290703104809,0,0,0,0,438,325,320,432,270,315,404,224,313,384,184,298,366,142,290,-4.621728420257568,-41.96876525878906,-5.0,-25.372947692871094,-76.15056991577148,-7.0,-38.71805381774902,-103.78548049926758,-22.0,-50.28290939331055,-131.53238677978516,-30.0,42.51749793835423,80.57106039467256,112.93588293318452,143.97617771368596
14.38278149999678,0,0,0,0,438,325,320,432,270,315,403,224,313,383,183,298,366,141,292,-4.621728420257568,-41.96876525878906,-5.0,-26.11287879943848,-76.15056991577148,-7.0,-39.42252540588379,-104.48995208740234,-22.0,-50.56181716918945,-132.68289947509766,-28.0,42.51749793835423,80.80712677537151,113.82568074299049,144.7247358559324
14.443005121080205,0,0,0,0,438,327,320,432,270,315,403,224,313,384,183,298,366,140,292,-4.621728420257568,-43.481727600097656,-5.0,-26.11287879943848,-77.66353225708008,-7.0,-38.71805381774902,-106.00291442871094,-22.0,-50.56181716918945,-134.88614654541016,-28.0,44.01160084204744,82.23446164377002,114.976978386174,146.74729941406216
14.50201208004728,0,0,0,0,438,327,320,432,270,315,403,224,313,383,183,299,366,140,293,-4.621728420257568,-43.481727600097656,-5.0,-26.11287879943848,-77.66353225708008,-7.0,-39.52178955078125,-106.13610076904295,-21.0,-50.701271057128906,-135.12098693847656,-27.0,44.01160084204744,82.23446164377002,115.18612648992362,146.82404434572837
14.562978281173857,0,0,0,0,439,326,320,432,271,315,403,224,313,382,183,299,365,141,293,-5.378207683563232,-41.98058891296387,-5.0,-26.86935806274414,-76.90705490112305,-7.0,-40.98510551452637,-105.37962341308594,-21.0,-52.15040397644043,-133.67185974121094,-27.0,42.61801219398675,81.76586999640075,115.002799551666,146.00284490919998
14.624450165079908,0,0,0,0,439,327,320,432,271,315,402,225,313,381,185,299,365,142,293,-5.378207683563232,-42.7370662689209,-5.0,-27.609289169311523,-76.92360019683838,-7.0,-41.69194030761719,-104.72242736816406,-21.0,-52.15040397644043,-133.73568725585938,-27.0,43.36337107700086,82.02751438192978,114.65602766751653,146.0612839896424
14.683843528153377,0,0,0,0,439,327,319,433,271,314,403,225,312,381,184,299,365,141,293,-4.619364261627197,-42.60468292236328,-5.0,-26.78425407409668,-76.68247127532959,-7.0,-41.65882110595703,-105.2220344543457,-20.0,-52.11728477478027,-134.22110748291016,-26.0,43.14507542114988,81.52666844166707,114.9222950982517,146.31307893088186
14.742359412135556,0,0,0,0,438,327,319,432,270,315,402,225,313,381,184,299,364,142,293,-4.590973377227783,-43.27449798583984,-4.0,-26.822054862976078,-76.71637058258057,-6.0,-40.90470600128174,-105.2220344543457,-20.0,-52.05581951141357,-133.52845764160156,-26.0,43.70079189759461,81.49125193808432,114.65108594236168,145.65595540570885
14.801720221992582,0,0,0,0,438,329,320,431,272,314,402,225,313,381,185,299,364,143,293,-5.380594253540039,-43.58258056640625,-6.0,-26.85280990600586,-78.43656253814697,-7.0,-40.93546104431152,-106.23538970947266,-21.0,-52.08657455444336,-134.55599975585938,-27.0,44.32146346126806,83.2007676806454,115.76990108674134,146.79008249576813
14.862690400099382,0,0,0,0,439,328,319,432,272,314,403,226,312,381,186,299,364,144,293,-5.361659049987793,-42.61650848388672,-5.0,-26.78425407409668,-76.69902420043945,-7.0,-41.65882110595703,-104.56248092651369,-20.0,-52.80993461608887,-132.89727020263672,-26.0,43.242504357697705,81.54223800954547,114.31872022309236,145.34983185909854
14.92222962412052,0,0,0,0,439,330,318,432,273,313,403,227,311,382,187,298,364,145,292,-5.34511137008667,-43.247690200805664,-5.0,-26.69915103912353,-77.22619247436523,-7.0,-40.81723880767822,-105.02582550048828,-20.0,-52.632636070251465,-133.27550506591797,-26.0,43.86265978327685,82.0105448725811,114.43981390207712,145.63157154366996
14.98300458607264,0,0,0,0,439,331,317,432,274,313,403,228,311,382,188,297,364,145,292,-5.31199312210083,-43.04282569885254,-4.0,-26.66603279113769,-77.0260534286499,-6.0,-40.68249130249024,-104.73505020141602,-20.0,-52.599517822265625,-133.8105697631836,-25.0,43.55343976164279,81.73181884438435,114.12491331549973,145.93484112946663
15.04204255505465,0,0,0,0,440,332,318,432,275,313,403,229,311,381,189,297,364,147,292,-6.096863269805908,-43.271331787109375,-5.0,-27.450902938842773,-77.25928783416748,-7.0,-42.16946792602539,-105.00138092041016,-21.0,-53.3843879699707,-133.3984375,-26.0,43.98385949823879,82.2894259841476,115.08498607706028,146.01724557862937
15.10158459516242,0,0,0,0,440,332,318,432,276,312,403,229,311,381,189,297,364,147,292,-6.113433837890625,-42.61806488037109,-6.0,-27.450902938842773,-77.25928783416748,-7.0,-42.16946792602539,-105.00138092041016,-21.0,-53.3843879699707,-133.3984375,-26.0,43.470375285219085,82.2894259841476,115.08498607706028,146.01724557862937
15.161443996010348,0,0,0,0,440,333,319,433,277,313,402,231,311,380,191,297,363,148,292,-5.392414569854736,-42.7646369934082,-6.0,-28.221588134765625,-76.76204824447632,-8.0,-42.90705871582031,-104.57033157348631,-22.0,-54.110158920288086,-133.68131637573242,-27.0,43.51887305607946,82.17584856596038,115.15194281049592,146.72288044585105
15.22118228301406,0,0,0,0,440,333,319,432,277,313,402,231,311,380,190,296,363,148,292,-6.132345676422119,-42.7646369934082,-6.0,-28.221588134765625,-76.76204824447632,-8.0,-42.80070114135742,-105.15579986572266,-23.0,-54.110158920288086,-133.68131637573242,-27.0,43.61673807924098,82.17584856596038,115.83886335592088,146.72288044585105
